{"static_filter_analyses": [{"wavelet_index": 6, "wavelet_index_ho": 6, "dwt_depth": 0, "dwt_depth_ho": 0, "filename": "static_filter_analysis_0.json"}, {"wavelet_index": 6, "wavelet_index_ho": 6, "dwt_depth": 0, "dwt_depth_ho": 1, "filename": "static_filter_analysis_1.json"}, {"wavelet_index": 6, "wavelet_index_ho": 6, "dwt_depth": 0, "dwt_depth_ho": 2, "filename": "static_filter_analysis_2.json"}, {"wavelet_index": 6, "wavelet_index_ho": 6, "dwt_depth": 0, "dwt_depth_ho": 3, "filename": "static_filter_analysis_3.json"}, {"wavelet_index": 6, "wavelet_index_ho": 6, "dwt_depth": 0, "dwt_depth_ho": 4, "filename": "static_filter_analysis_4.json"}, {"wavelet_index": 6, "wavelet_index_ho": 6, "dwt_depth": 1, "dwt_depth_ho": 0, "filename": "static_filter_analysis_5.json"}, {"wavelet_index": 6, "wavelet_index_ho": 6, "dwt_depth": 1, "dwt_depth_ho": 1, "filename": "static_filter_analysis_6.json"}, {"wavelet_index": 6, "wavelet_index_ho": 6, "dwt_depth": 1, "dwt_depth_ho": 2, "filename": "static_filter_analysis_7.json"}, {"wavelet_index": 6, "wavelet_index_ho": 6, "dwt_depth": 1, "dwt_depth_ho": 3, "filename": "static_filter_analysis_8.json"}, {"wavelet_index": 6, "wavelet_index_ho": 6, "dwt_depth": 1, "dwt_depth_ho": 4, "filename": "static_filter_analysis_9.json"}, {"wavelet_index": 6, "wavelet_index_ho": 6, "dwt_depth": 2, "dwt_depth_ho": 0, "filename": "static_filter_analysis_10.json"}, {"wavelet_index": 6, "wavelet_index_ho": 6, "dwt_depth": 2, "dwt_depth_ho": 1, "filename": "static_filter_analysis_11.json"}, {"wavelet_index": 6, "wavelet_index_ho": 6, "dwt_depth": 2, "dwt_depth_ho": 2, "filename": "static_filter_analysis_12.json"}, {"wavelet_index": 6, "wavelet_index_ho": 6, "dwt_depth": 2, "dwt_depth_ho": 3, "filename": "static_filter_analysis_13.json"}, {"wavelet_index": 6, "wavelet_index_ho": 6, "dwt_depth": 3, "dwt_depth_ho": 0, "filename": "static_filter_analysis_14.json"}, {"wavelet_index": 6, "wavelet_index_ho": 6, "dwt_depth": 3, "dwt_depth_ho": 1, "filename": "static_filter_analysis_15.json"}, {"wavelet_index": 6, "wavelet_index_ho": 6, "dwt_depth": 3, "dwt_depth_ho": 2, "filename": "static_filter_analysis_16.json"}, {"wavelet_index": 6, "wavelet_index_ho": 6, "dwt_depth": 4, "dwt_depth_ho": 0, "filename": "static_filter_analysis_17.json"}, {"wavelet_index": 6, "wavelet_index_ho": 6, "dwt_depth": 4, "dwt_depth_ho": 1, "filename": "static_filter_analysis_18.json"}, {"wavelet_index": 2, "wavelet_index_ho": 2, "dwt_depth": 0, "dwt_depth_ho": 0, "filename": "static_filter_analysis_19.json"}, {"wavelet_index": 2, "wavelet_index_ho": 2, "dwt_depth": 0, "dwt_depth_ho": 1, "filename": "static_filter_analysis_20.json"}, {"wavelet_index": 2, "wavelet_index_ho": 2, "dwt_depth": 0, "dwt_depth_ho": 2, "filename": "static_filter_analysis_21.json"}, {"wavelet_index": 2, "wavelet_index_ho": 2, "dwt_depth": 0, "dwt_depth_ho": 3, "filename": "static_filter_analysis_22.json"}, {"wavelet_index": 2, "wavelet_index_ho": 2, "dwt_depth": 0, "dwt_depth_ho": 4, "filename": "static_filter_analysis_23.json"}, {"wavelet_index": 2, "wavelet_index_ho": 2, "dwt_depth": 1, "dwt_depth_ho": 0, "filename": "static_filter_analysis_24.json"}, {"wavelet_index": 2, "wavelet_index_ho": 2, "dwt_depth": 1, "dwt_depth_ho": 1, "filename": "static_filter_analysis_25.json"}, {"wavelet_index": 2, "wavelet_index_ho": 2, "dwt_depth": 1, "dwt_depth_ho": 2, "filename": "static_filter_analysis_26.json"}, {"wavelet_index": 2, "wavelet_index_ho": 2, "dwt_depth": 1, "dwt_depth_ho": 3, "filename": "static_filter_analysis_27.json"}, {"wavelet_index": 2, "wavelet_index_ho": 2, "dwt_depth": 1, "dwt_depth_ho": 4, "filename": "static_filter_analysis_28.json"}, {"wavelet_index": 2, "wavelet_index_ho": 2, "dwt_depth": 2, "dwt_depth_ho": 0, "filename": "static_filter_analysis_29.json"}, {"wavelet_index": 2, "wavelet_index_ho": 2, "dwt_depth": 2, "dwt_depth_ho": 1, "filename": "static_filter_analysis_30.json"}, {"wavelet_index": 2, "wavelet_index_ho": 2, "dwt_depth": 2, "dwt_depth_ho": 2, "filename": "static_filter_analysis_31.json"}, {"wavelet_index": 2, "wavelet_index_ho": 2, "dwt_depth": 2, "dwt_depth_ho": 3, "filename": "static_filter_analysis_32.json"}, {"wavelet_index": 2, "wavelet_index_ho": 2, "dwt_depth": 3, "dwt_depth_ho": 0, "filename": "static_filter_analysis_33.json"}, {"wavelet_index": 2, "wavelet_index_ho": 2, "dwt_depth": 3, "dwt_depth_ho": 1, "filename": "static_filter_analysis_34.json"}, {"wavelet_index": 2, "wavelet_index_ho": 2, "dwt_depth": 3, "dwt_depth_ho": 2, "filename": "static_filter_analysis_35.json"}, {"wavelet_index": 2, "wavelet_index_ho": 2, "dwt_depth": 4, "dwt_depth_ho": 0, "filename": "static_filter_analysis_36.json"}, {"wavelet_index": 2, "wavelet_index_ho": 2, "dwt_depth": 4, "dwt_depth_ho": 1, "filename": "static_filter_analysis_37.json"}, {"wavelet_index": 0, "wavelet_index_ho": 0, "dwt_depth": 0, "dwt_depth_ho": 0, "filename": "static_filter_analysis_38.json"}, {"wavelet_index": 0, "wavelet_index_ho": 0, "dwt_depth": 0, "dwt_depth_ho": 1, "filename": "static_filter_analysis_39.json"}, {"wavelet_index": 0, "wavelet_index_ho": 0, "dwt_depth": 0, "dwt_depth_ho": 2, "filename": "static_filter_analysis_40.json"}, {"wavelet_index": 0, "wavelet_index_ho": 0, "dwt_depth": 0, "dwt_depth_ho": 3, "filename": "static_filter_analysis_41.json"}, {"wavelet_index": 0, "wavelet_index_ho": 0, "dwt_depth": 0, "dwt_depth_ho": 4, "filename": "static_filter_analysis_42.json"}, {"wavelet_index": 0, "wavelet_index_ho": 0, "dwt_depth": 1, "dwt_depth_ho": 0, "filename": "static_filter_analysis_43.json"}, {"wavelet_index": 0, "wavelet_index_ho": 0, "dwt_depth": 1, "dwt_depth_ho": 1, "filename": "static_filter_analysis_44.json"}, {"wavelet_index": 0, "wavelet_index_ho": 0, "dwt_depth": 1, "dwt_depth_ho": 2, "filename": "static_filter_analysis_45.json"}, {"wavelet_index": 0, "wavelet_index_ho": 0, "dwt_depth": 1, "dwt_depth_ho": 3, "filename": "static_filter_analysis_46.json"}, {"wavelet_index": 0, "wavelet_index_ho": 0, "dwt_depth": 1, "dwt_depth_ho": 4, "filename": "static_filter_analysis_47.json"}, {"wavelet_index": 0, "wavelet_index_ho": 0, "dwt_depth": 2, "dwt_depth_ho": 0, "filename": "static_filter_analysis_48.json"}, {"wavelet_index": 0, "wavelet_index_ho": 0, "dwt_depth": 2, "dwt_depth_ho": 1, "filename": "static_filter_analysis_49.json"}, {"wavelet_index": 0, "wavelet_index_ho": 0, "dwt_depth": 2, "dwt_depth_ho": 2, "filename": "static_filter_analysis_50.json"}, {"wavelet_index": 0, "wavelet_index_ho": 0, "dwt_depth": 2, "dwt_depth_ho": 3, "filename": "static_filter_analysis_51.json"}, {"wavelet_index": 0, "wavelet_index_ho": 0, "dwt_depth": 3, "dwt_depth_ho": 0, "filename": "static_filter_analysis_52.json"}, {"wavelet_index": 0, "wavelet_index_ho": 0, "dwt_depth": 3, "dwt_depth_ho": 1, "filename": "static_filter_analysis_53.json"}, {"wavelet_index": 0, "wavelet_index_ho": 0, "dwt_depth": 3, "dwt_depth_ho": 2, "filename": "static_filter_analysis_54.json"}, {"wavelet_index": 0, "wavelet_index_ho": 0, "dwt_depth": 4, "dwt_depth_ho": 0, "filename": "static_filter_analysis_55.json"}, {"wavelet_index": 0, "wavelet_index_ho": 0, "dwt_depth": 4, "dwt_depth_ho": 1, "filename": "static_filter_analysis_56.json"}, {"wavelet_index": 5, "wavelet_index_ho": 5, "dwt_depth": 0, "dwt_depth_ho": 0, "filename": "static_filter_analysis_57.json"}, {"wavelet_index": 5, "wavelet_index_ho": 5, "dwt_depth": 0, "dwt_depth_ho": 1, "filename": "static_filter_analysis_58.json"}, {"wavelet_index": 5, "wavelet_index_ho": 5, "dwt_depth": 0, "dwt_depth_ho": 2, "filename": "static_filter_analysis_59.json"}, {"wavelet_index": 5, "wavelet_index_ho": 5, "dwt_depth": 0, "dwt_depth_ho": 3, "filename": "static_filter_analysis_60.json"}, {"wavelet_index": 5, "wavelet_index_ho": 5, "dwt_depth": 0, "dwt_depth_ho": 4, "filename": "static_filter_analysis_61.json"}, {"wavelet_index": 5, "wavelet_index_ho": 5, "dwt_depth": 1, "dwt_depth_ho": 0, "filename": "static_filter_analysis_62.json"}, {"wavelet_index": 5, "wavelet_index_ho": 5, "dwt_depth": 1, "dwt_depth_ho": 1, "filename": "static_filter_analysis_63.json"}, {"wavelet_index": 5, "wavelet_index_ho": 5, "dwt_depth": 1, "dwt_depth_ho": 2, "filename": "static_filter_analysis_64.json"}, {"wavelet_index": 5, "wavelet_index_ho": 5, "dwt_depth": 1, "dwt_depth_ho": 3, "filename": "static_filter_analysis_65.json"}, {"wavelet_index": 5, "wavelet_index_ho": 5, "dwt_depth": 1, "dwt_depth_ho": 4, "filename": "static_filter_analysis_66.json"}, {"wavelet_index": 5, "wavelet_index_ho": 5, "dwt_depth": 2, "dwt_depth_ho": 0, "filename": "static_filter_analysis_67.json"}, {"wavelet_index": 5, "wavelet_index_ho": 5, "dwt_depth": 2, "dwt_depth_ho": 1, "filename": "static_filter_analysis_68.json"}, {"wavelet_index": 5, "wavelet_index_ho": 5, "dwt_depth": 2, "dwt_depth_ho": 2, "filename": "static_filter_analysis_69.json"}, {"wavelet_index": 5, "wavelet_index_ho": 5, "dwt_depth": 2, "dwt_depth_ho": 3, "filename": "static_filter_analysis_70.json"}, {"wavelet_index": 5, "wavelet_index_ho": 5, "dwt_depth": 3, "dwt_depth_ho": 0, "filename": "static_filter_analysis_71.json"}, {"wavelet_index": 5, "wavelet_index_ho": 5, "dwt_depth": 3, "dwt_depth_ho": 1, "filename": "static_filter_analysis_72.json"}, {"wavelet_index": 5, "wavelet_index_ho": 5, "dwt_depth": 3, "dwt_depth_ho": 2, "filename": "static_filter_analysis_73.json"}, {"wavelet_index": 5, "wavelet_index_ho": 5, "dwt_depth": 4, "dwt_depth_ho": 0, "filename": "static_filter_analysis_74.json"}, {"wavelet_index": 5, "wavelet_index_ho": 5, "dwt_depth": 4, "dwt_depth_ho": 1, "filename": "static_filter_analysis_75.json"}, {"wavelet_index": 3, "wavelet_index_ho": 3, "dwt_depth": 0, "dwt_depth_ho": 0, "filename": "static_filter_analysis_76.json"}, {"wavelet_index": 3, "wavelet_index_ho": 3, "dwt_depth": 0, "dwt_depth_ho": 1, "filename": "static_filter_analysis_77.json"}, {"wavelet_index": 3, "wavelet_index_ho": 3, "dwt_depth": 0, "dwt_depth_ho": 2, "filename": "static_filter_analysis_78.json"}, {"wavelet_index": 3, "wavelet_index_ho": 3, "dwt_depth": 0, "dwt_depth_ho": 3, "filename": "static_filter_analysis_79.json"}, {"wavelet_index": 3, "wavelet_index_ho": 3, "dwt_depth": 0, "dwt_depth_ho": 4, "filename": "static_filter_analysis_80.json"}, {"wavelet_index": 3, "wavelet_index_ho": 3, "dwt_depth": 1, "dwt_depth_ho": 0, "filename": "static_filter_analysis_81.json"}, {"wavelet_index": 3, "wavelet_index_ho": 3, "dwt_depth": 1, "dwt_depth_ho": 1, "filename": "static_filter_analysis_82.json"}, {"wavelet_index": 3, "wavelet_index_ho": 3, "dwt_depth": 1, "dwt_depth_ho": 2, "filename": "static_filter_analysis_83.json"}, {"wavelet_index": 3, "wavelet_index_ho": 3, "dwt_depth": 1, "dwt_depth_ho": 3, "filename": "static_filter_analysis_84.json"}, {"wavelet_index": 3, "wavelet_index_ho": 3, "dwt_depth": 1, "dwt_depth_ho": 4, "filename": "static_filter_analysis_85.json"}, {"wavelet_index": 3, "wavelet_index_ho": 3, "dwt_depth": 2, "dwt_depth_ho": 0, "filename": "static_filter_analysis_86.json"}, {"wavelet_index": 3, "wavelet_index_ho": 3, "dwt_depth": 2, "dwt_depth_ho": 1, "filename": "static_filter_analysis_87.json"}, {"wavelet_index": 3, "wavelet_index_ho": 3, "dwt_depth": 2, "dwt_depth_ho": 2, "filename": "static_filter_analysis_88.json"}, {"wavelet_index": 3, "wavelet_index_ho": 3, "dwt_depth": 2, "dwt_depth_ho": 3, "filename": "static_filter_analysis_89.json"}, {"wavelet_index": 3, "wavelet_index_ho": 3, "dwt_depth": 3, "dwt_depth_ho": 0, "filename": "static_filter_analysis_90.json"}, {"wavelet_index": 3, "wavelet_index_ho": 3, "dwt_depth": 3, "dwt_depth_ho": 1, "filename": "static_filter_analysis_91.json"}, {"wavelet_index": 3, "wavelet_index_ho": 3, "dwt_depth": 3, "dwt_depth_ho": 2, "filename": "static_filter_analysis_92.json"}, {"wavelet_index": 3, "wavelet_index_ho": 3, "dwt_depth": 4, "dwt_depth_ho": 0, "filename": "static_filter_analysis_93.json"}, {"wavelet_index": 3, "wavelet_index_ho": 3, "dwt_depth": 4, "dwt_depth_ho": 1, "filename": "static_filter_analysis_94.json"}, {"wavelet_index": 3, "wavelet_index_ho": 1, "dwt_depth": 0, "dwt_depth_ho": 0, "filename": "static_filter_analysis_95.json"}, {"wavelet_index": 3, "wavelet_index_ho": 1, "dwt_depth": 0, "dwt_depth_ho": 1, "filename": "static_filter_analysis_96.json"}, {"wavelet_index": 3, "wavelet_index_ho": 1, "dwt_depth": 0, "dwt_depth_ho": 2, "filename": "static_filter_analysis_97.json"}, {"wavelet_index": 3, "wavelet_index_ho": 1, "dwt_depth": 0, "dwt_depth_ho": 3, "filename": "static_filter_analysis_98.json"}, {"wavelet_index": 3, "wavelet_index_ho": 1, "dwt_depth": 0, "dwt_depth_ho": 4, "filename": "static_filter_analysis_99.json"}, {"wavelet_index": 3, "wavelet_index_ho": 1, "dwt_depth": 1, "dwt_depth_ho": 0, "filename": "static_filter_analysis_100.json"}, {"wavelet_index": 3, "wavelet_index_ho": 1, "dwt_depth": 1, "dwt_depth_ho": 1, "filename": "static_filter_analysis_101.json"}, {"wavelet_index": 3, "wavelet_index_ho": 1, "dwt_depth": 1, "dwt_depth_ho": 2, "filename": "static_filter_analysis_102.json"}, {"wavelet_index": 3, "wavelet_index_ho": 1, "dwt_depth": 1, "dwt_depth_ho": 3, "filename": "static_filter_analysis_103.json"}, {"wavelet_index": 3, "wavelet_index_ho": 1, "dwt_depth": 1, "dwt_depth_ho": 4, "filename": "static_filter_analysis_104.json"}, {"wavelet_index": 3, "wavelet_index_ho": 1, "dwt_depth": 2, "dwt_depth_ho": 0, "filename": "static_filter_analysis_105.json"}, {"wavelet_index": 3, "wavelet_index_ho": 1, "dwt_depth": 2, "dwt_depth_ho": 1, "filename": "static_filter_analysis_106.json"}, {"wavelet_index": 3, "wavelet_index_ho": 1, "dwt_depth": 2, "dwt_depth_ho": 2, "filename": "static_filter_analysis_107.json"}, {"wavelet_index": 3, "wavelet_index_ho": 1, "dwt_depth": 2, "dwt_depth_ho": 3, "filename": "static_filter_analysis_108.json"}, {"wavelet_index": 3, "wavelet_index_ho": 1, "dwt_depth": 3, "dwt_depth_ho": 0, "filename": "static_filter_analysis_109.json"}, {"wavelet_index": 3, "wavelet_index_ho": 1, "dwt_depth": 3, "dwt_depth_ho": 1, "filename": "static_filter_analysis_110.json"}, {"wavelet_index": 3, "wavelet_index_ho": 1, "dwt_depth": 3, "dwt_depth_ho": 2, "filename": "static_filter_analysis_111.json"}, {"wavelet_index": 3, "wavelet_index_ho": 1, "dwt_depth": 4, "dwt_depth_ho": 0, "filename": "static_filter_analysis_112.json"}, {"wavelet_index": 3, "wavelet_index_ho": 1, "dwt_depth": 4, "dwt_depth_ho": 1, "filename": "static_filter_analysis_113.json"}, {"wavelet_index": 4, "wavelet_index_ho": 4, "dwt_depth": 0, "dwt_depth_ho": 0, "filename": "static_filter_analysis_114.json"}, {"wavelet_index": 4, "wavelet_index_ho": 4, "dwt_depth": 0, "dwt_depth_ho": 1, "filename": "static_filter_analysis_115.json"}, {"wavelet_index": 4, "wavelet_index_ho": 4, "dwt_depth": 0, "dwt_depth_ho": 2, "filename": "static_filter_analysis_116.json"}, {"wavelet_index": 4, "wavelet_index_ho": 4, "dwt_depth": 0, "dwt_depth_ho": 3, "filename": "static_filter_analysis_117.json"}, {"wavelet_index": 4, "wavelet_index_ho": 4, "dwt_depth": 0, "dwt_depth_ho": 4, "filename": "static_filter_analysis_118.json"}, {"wavelet_index": 4, "wavelet_index_ho": 4, "dwt_depth": 1, "dwt_depth_ho": 0, "filename": "static_filter_analysis_119.json"}, {"wavelet_index": 4, "wavelet_index_ho": 4, "dwt_depth": 1, "dwt_depth_ho": 1, "filename": "static_filter_analysis_120.json"}, {"wavelet_index": 4, "wavelet_index_ho": 4, "dwt_depth": 1, "dwt_depth_ho": 2, "filename": "static_filter_analysis_121.json"}, {"wavelet_index": 4, "wavelet_index_ho": 4, "dwt_depth": 1, "dwt_depth_ho": 3, "filename": "static_filter_analysis_122.json"}, {"wavelet_index": 4, "wavelet_index_ho": 4, "dwt_depth": 1, "dwt_depth_ho": 4, "filename": "static_filter_analysis_123.json"}, {"wavelet_index": 4, "wavelet_index_ho": 4, "dwt_depth": 2, "dwt_depth_ho": 0, "filename": "static_filter_analysis_124.json"}, {"wavelet_index": 4, "wavelet_index_ho": 4, "dwt_depth": 2, "dwt_depth_ho": 1, "filename": "static_filter_analysis_125.json"}, {"wavelet_index": 4, "wavelet_index_ho": 4, "dwt_depth": 2, "dwt_depth_ho": 2, "filename": "static_filter_analysis_126.json"}, {"wavelet_index": 4, "wavelet_index_ho": 4, "dwt_depth": 2, "dwt_depth_ho": 3, "filename": "static_filter_analysis_127.json"}, {"wavelet_index": 4, "wavelet_index_ho": 4, "dwt_depth": 3, "dwt_depth_ho": 0, "filename": "static_filter_analysis_128.json"}, {"wavelet_index": 4, "wavelet_index_ho": 4, "dwt_depth": 3, "dwt_depth_ho": 1, "filename": "static_filter_analysis_129.json"}, {"wavelet_index": 4, "wavelet_index_ho": 4, "dwt_depth": 3, "dwt_depth_ho": 2, "filename": "static_filter_analysis_130.json"}, {"wavelet_index": 4, "wavelet_index_ho": 4, "dwt_depth": 4, "dwt_depth_ho": 0, "filename": "static_filter_analysis_131.json"}, {"wavelet_index": 4, "wavelet_index_ho": 4, "dwt_depth": 4, "dwt_depth_ho": 1, "filename": "static_filter_analysis_132.json"}, {"wavelet_index": 1, "wavelet_index_ho": 1, "dwt_depth": 0, "dwt_depth_ho": 0, "filename": "static_filter_analysis_133.json"}, {"wavelet_index": 1, "wavelet_index_ho": 1, "dwt_depth": 0, "dwt_depth_ho": 1, "filename": "static_filter_analysis_134.json"}, {"wavelet_index": 1, "wavelet_index_ho": 1, "dwt_depth": 0, "dwt_depth_ho": 2, "filename": "static_filter_analysis_135.json"}, {"wavelet_index": 1, "wavelet_index_ho": 1, "dwt_depth": 0, "dwt_depth_ho": 3, "filename": "static_filter_analysis_136.json"}, {"wavelet_index": 1, "wavelet_index_ho": 1, "dwt_depth": 0, "dwt_depth_ho": 4, "filename": "static_filter_analysis_137.json"}, {"wavelet_index": 1, "wavelet_index_ho": 1, "dwt_depth": 1, "dwt_depth_ho": 0, "filename": "static_filter_analysis_138.json"}, {"wavelet_index": 1, "wavelet_index_ho": 1, "dwt_depth": 1, "dwt_depth_ho": 1, "filename": "static_filter_analysis_139.json"}, {"wavelet_index": 1, "wavelet_index_ho": 1, "dwt_depth": 1, "dwt_depth_ho": 2, "filename": "static_filter_analysis_140.json"}, {"wavelet_index": 1, "wavelet_index_ho": 1, "dwt_depth": 1, "dwt_depth_ho": 3, "filename": "static_filter_analysis_141.json"}, {"wavelet_index": 1, "wavelet_index_ho": 1, "dwt_depth": 1, "dwt_depth_ho": 4, "filename": "static_filter_analysis_142.json"}, {"wavelet_index": 1, "wavelet_index_ho": 1, "dwt_depth": 2, "dwt_depth_ho": 0, "filename": "static_filter_analysis_143.json"}, {"wavelet_index": 1, "wavelet_index_ho": 1, "dwt_depth": 2, "dwt_depth_ho": 1, "filename": "static_filter_analysis_144.json"}, {"wavelet_index": 1, "wavelet_index_ho": 1, "dwt_depth": 2, "dwt_depth_ho": 2, "filename": "static_filter_analysis_145.json"}, {"wavelet_index": 1, "wavelet_index_ho": 1, "dwt_depth": 2, "dwt_depth_ho": 3, "filename": "static_filter_analysis_146.json"}, {"wavelet_index": 1, "wavelet_index_ho": 1, "dwt_depth": 3, "dwt_depth_ho": 0, "filename": "static_filter_analysis_147.json"}, {"wavelet_index": 1, "wavelet_index_ho": 1, "dwt_depth": 3, "dwt_depth_ho": 1, "filename": "static_filter_analysis_148.json"}, {"wavelet_index": 1, "wavelet_index_ho": 1, "dwt_depth": 3, "dwt_depth_ho": 2, "filename": "static_filter_analysis_149.json"}, {"wavelet_index": 1, "wavelet_index_ho": 1, "dwt_depth": 4, "dwt_depth_ho": 0, "filename": "static_filter_analysis_150.json"}, {"wavelet_index": 1, "wavelet_index_ho": 1, "dwt_depth": 4, "dwt_depth_ho": 1, "filename": "static_filter_analysis_151.json"}], "optimised_synthesis_test_patterns": []}