{"wavelet_index": 0, "wavelet_index_ho": 0, "dwt_depth": 0, "dwt_depth_ho": 2, "analysis_signal_bounds": [{"lower_bound": [{"symbol": "signal_min", "numer": "1", "denom": "1"}], "upper_bound": [{"symbol": "signal_max", "numer": "1", "denom": "1"}], "level": 2, "array_name": "Input", "phase": [0, 0]}, {"lower_bound": [{"symbol": "signal_min", "numer": "2", "denom": "1"}], "upper_bound": [{"symbol": "signal_max", "numer": "2", "denom": "1"}], "level": 2, "array_name": "DC", "phase": [0, 0]}, {"lower_bound": [{"symbol": "signal_min", "numer": "2", "denom": "1"}], "upper_bound": [{"symbol": "signal_max", "numer": "2", "denom": "1"}], "level": 2, "array_name": "DC'", "phase": [0, 0]}, {"lower_bound": [{"symbol": "signal_min", "numer": "9", "denom": "4"}, {"symbol": "signal_max", "numer": "-9", "denom": "4"}, {"symbol": null, "numer": "-1", "denom": "2"}], "upper_bound": [{"symbol": "signal_max", "numer": "9", "denom": "4"}, {"symbol": "signal_min", "numer": "-9", "denom": "4"}, {"symbol": null, "numer": "1", "denom": "2"}], "level": 2, "array_name": "DC'", "phase": [1, 0]}, {"lower_bound": [{"symbol": "signal_min", "numer": "5", "denom": "2"}, {"symbol": "signal_max", "numer": "-1", "denom": "2"}, {"symbol": null, "numer": "-3", "denom": "4"}], "upper_bound": [{"symbol": "signal_max", "numer": "5", "denom": "2"}, {"symbol": "signal_min", "numer": "-1", "denom": "2"}, {"symbol": null, "numer": "3", "denom": "4"}], "level": 2, "array_name": "DC''", "phase": [0, 0]}, {"lower_bound": [{"symbol": "signal_min", "numer": "9", "denom": "4"}, {"symbol": "signal_max", "numer": "-9", "denom": "4"}, {"symbol": null, "numer": "-1", "denom": "2"}], "upper_bound": [{"symbol": "signal_max", "numer": "9", "denom": "4"}, {"symbol": "signal_min", "numer": "-9", "denom": "4"}, {"symbol": null, "numer": "1", "denom": "2"}], "level": 2, "array_name": "DC''", "phase": [1, 0]}, {"lower_bound": [{"symbol": "signal_min", "numer": "5", "denom": "1"}, {"symbol": "signal_max", "numer": "-1", "denom": "1"}, {"symbol": null, "numer": "-3", "denom": "2"}], "upper_bound": [{"symbol": "signal_max", "numer": "5", "denom": "1"}, {"symbol": "signal_min", "numer": "-1", "denom": "1"}, {"symbol": null, "numer": "3", "denom": "2"}], "level": 1, "array_name": "DC", "phase": [0, 0]}, {"lower_bound": [{"symbol": "signal_min", "numer": "5", "denom": "1"}, {"symbol": "signal_max", "numer": "-1", "denom": "1"}, {"symbol": null, "numer": "-3", "denom": "2"}], "upper_bound": [{"symbol": "signal_max", "numer": "5", "denom": "1"}, {"symbol": "signal_min", "numer": "-1", "denom": "1"}, {"symbol": null, "numer": "3", "denom": "2"}], "level": 1, "array_name": "DC'", "phase": [0, 0]}, {"lower_bound": [{"symbol": "signal_min", "numer": "351", "denom": "64"}, {"symbol": "signal_max", "numer": "-351", "denom": "64"}, {"symbol": null, "numer": "-53", "denom": "16"}], "upper_bound": [{"symbol": "signal_max", "numer": "351", "denom": "64"}, {"symbol": "signal_min", "numer": "-351", "denom": "64"}, {"symbol": null, "numer": "53", "denom": "16"}], "level": 1, "array_name": "DC'", "phase": [1, 0]}, {"lower_bound": [{"symbol": "signal_min", "numer": "2633", "denom": "512"}, {"symbol": "signal_max", "numer": "-585", "denom": "512"}, {"symbol": null, "numer": "-23", "denom": "8"}], "upper_bound": [{"symbol": "signal_max", "numer": "2633", "denom": "512"}, {"symbol": "signal_min", "numer": "-585", "denom": "512"}, {"symbol": null, "numer": "23", "denom": "8"}], "level": 1, "array_name": "DC''", "phase": [0, 0]}, {"lower_bound": [{"symbol": "signal_min", "numer": "351", "denom": "64"}, {"symbol": "signal_max", "numer": "-351", "denom": "64"}, {"symbol": null, "numer": "-53", "denom": "16"}], "upper_bound": [{"symbol": "signal_max", "numer": "351", "denom": "64"}, {"symbol": "signal_min", "numer": "-351", "denom": "64"}, {"symbol": null, "numer": "53", "denom": "16"}], "level": 1, "array_name": "DC''", "phase": [1, 0]}], "synthesis_signal_bounds": [{"lower_bound": [{"symbol": "coeff_0_L_min", "numer": "1", "denom": "1"}], "upper_bound": [{"symbol": "coeff_0_L_max", "numer": "1", "denom": "1"}], "level": 1, "array_name": "L", "phase": [0, 0]}, {"lower_bound": [{"symbol": "coeff_1_H_min", "numer": "1", "denom": "1"}], "upper_bound": [{"symbol": "coeff_1_H_max", "numer": "1", "denom": "1"}], "level": 1, "array_name": "H", "phase": [0, 0]}, {"lower_bound": [{"symbol": "coeff_0_L_min", "numer": "1", "denom": "1"}, {"symbol": "coeff_1_H_max", "numer": "-1", "denom": "2"}, {"symbol": null, "numer": "-1", "denom": "2"}], "upper_bound": [{"symbol": "coeff_0_L_max", "numer": "1", "denom": "1"}, {"symbol": "coeff_1_H_min", "numer": "-1", "denom": "2"}, {"symbol": null, "numer": "1", "denom": "2"}], "level": 1, "array_name": "DC'", "phase": [0, 0]}, {"lower_bound": [{"symbol": "coeff_1_H_min", "numer": "1", "denom": "1"}], "upper_bound": [{"symbol": "coeff_1_H_max", "numer": "1", "denom": "1"}], "level": 1, "array_name": "DC'", "phase": [1, 0]}, {"lower_bound": [{"symbol": "coeff_0_L_min", "numer": "1", "denom": "1"}, {"symbol": "coeff_1_H_max", "numer": "-1", "denom": "2"}, {"symbol": null, "numer": "-1", "denom": "2"}], "upper_bound": [{"symbol": "coeff_0_L_max", "numer": "1", "denom": "1"}, {"symbol": "coeff_1_H_min", "numer": "-1", "denom": "2"}, {"symbol": null, "numer": "1", "denom": "2"}], "level": 1, "array_name": "DC", "phase": [0, 0]}, {"lower_bound": [{"symbol": "coeff_1_H_min", "numer": "3", "denom": "4"}, {"symbol": "coeff_0_L_max", "numer": "-1", "denom": "8"}, {"symbol": "coeff_1_H_max", "numer": "-1", "denom": "4"}, {"symbol": null, "numer": "-9", "denom": "8"}, {"symbol": "coeff_0_L_min", "numer": "9", "denom": "8"}], "upper_bound": [{"symbol": "coeff_1_H_max", "numer": "3", "denom": "4"}, {"symbol": "coeff_0_L_min", "numer": "-1", "denom": "8"}, {"symbol": "coeff_1_H_min", "numer": "-1", "denom": "4"}, {"symbol": null, "numer": "9", "denom": "8"}, {"symbol": "coeff_0_L_max", "numer": "9", "denom": "8"}], "level": 1, "array_name": "DC", "phase": [1, 0]}, {"lower_bound": [{"symbol": "coeff_0_L_min", "numer": "1", "denom": "2"}, {"symbol": "coeff_1_H_max", "numer": "-1", "denom": "4"}, {"symbol": null, "numer": "-3", "denom": "4"}], "upper_bound": [{"symbol": "coeff_0_L_max", "numer": "1", "denom": "2"}, {"symbol": "coeff_1_H_min", "numer": "-1", "denom": "4"}, {"symbol": null, "numer": "3", "denom": "4"}], "level": 1, "array_name": "Output", "phase": [0, 0]}, {"lower_bound": [{"symbol": "coeff_1_H_min", "numer": "3", "denom": "8"}, {"symbol": "coeff_0_L_max", "numer": "-1", "denom": "16"}, {"symbol": "coeff_1_H_max", "numer": "-1", "denom": "8"}, {"symbol": null, "numer": "-17", "denom": "16"}, {"symbol": "coeff_0_L_min", "numer": "9", "denom": "16"}], "upper_bound": [{"symbol": "coeff_1_H_max", "numer": "3", "denom": "8"}, {"symbol": "coeff_0_L_min", "numer": "-1", "denom": "16"}, {"symbol": "coeff_1_H_min", "numer": "-1", "denom": "8"}, {"symbol": null, "numer": "17", "denom": "16"}, {"symbol": "coeff_0_L_max", "numer": "9", "denom": "16"}], "level": 1, "array_name": "Output", "phase": [1, 0]}, {"lower_bound": [{"symbol": "coeff_0_L_min", "numer": "1", "denom": "2"}, {"symbol": "coeff_1_H_max", "numer": "-1", "denom": "4"}, {"symbol": null, "numer": "-3", "denom": "4"}], "upper_bound": [{"symbol": "coeff_0_L_max", "numer": "1", "denom": "2"}, {"symbol": "coeff_1_H_min", "numer": "-1", "denom": "4"}, {"symbol": null, "numer": "3", "denom": "4"}], "level": 2, "array_name": "L", "phase": [0, 0]}, {"lower_bound": [{"symbol": "coeff_1_H_min", "numer": "3", "denom": "8"}, {"symbol": "coeff_0_L_max", "numer": "-1", "denom": "16"}, {"symbol": "coeff_1_H_max", "numer": "-1", "denom": "8"}, {"symbol": null, "numer": "-17", "denom": "16"}, {"symbol": "coeff_0_L_min", "numer": "9", "denom": "16"}], "upper_bound": [{"symbol": "coeff_1_H_max", "numer": "3", "denom": "8"}, {"symbol": "coeff_0_L_min", "numer": "-1", "denom": "16"}, {"symbol": "coeff_1_H_min", "numer": "-1", "denom": "8"}, {"symbol": null, "numer": "17", "denom": "16"}, {"symbol": "coeff_0_L_max", "numer": "9", "denom": "16"}], "level": 2, "array_name": "L", "phase": [1, 0]}, {"lower_bound": [{"symbol": "coeff_2_H_min", "numer": "1", "denom": "1"}], "upper_bound": [{"symbol": "coeff_2_H_max", "numer": "1", "denom": "1"}], "level": 2, "array_name": "H", "phase": [0, 0]}, {"lower_bound": [{"symbol": "coeff_0_L_min", "numer": "1", "denom": "2"}, {"symbol": "coeff_1_H_max", "numer": "-1", "denom": "4"}, {"symbol": null, "numer": "-5", "denom": "4"}, {"symbol": "coeff_2_H_max", "numer": "-1", "denom": "2"}], "upper_bound": [{"symbol": "coeff_0_L_max", "numer": "1", "denom": "2"}, {"symbol": "coeff_1_H_min", "numer": "-1", "denom": "4"}, {"symbol": null, "numer": "5", "denom": "4"}, {"symbol": "coeff_2_H_min", "numer": "-1", "denom": "2"}], "level": 2, "array_name": "DC'", "phase": [0, 0]}, {"lower_bound": [{"symbol": "coeff_2_H_min", "numer": "1", "denom": "1"}], "upper_bound": [{"symbol": "coeff_2_H_max", "numer": "1", "denom": "1"}], "level": 2, "array_name": "DC'", "phase": [1, 0]}, {"lower_bound": [{"symbol": "coeff_1_H_min", "numer": "3", "denom": "8"}, {"symbol": "coeff_0_L_max", "numer": "-1", "denom": "16"}, {"symbol": "coeff_1_H_max", "numer": "-1", "denom": "8"}, {"symbol": null, "numer": "-25", "denom": "16"}, {"symbol": "coeff_0_L_min", "numer": "9", "denom": "16"}, {"symbol": "coeff_2_H_max", "numer": "-1", "denom": "2"}], "upper_bound": [{"symbol": "coeff_1_H_max", "numer": "3", "denom": "8"}, {"symbol": "coeff_0_L_min", "numer": "-1", "denom": "16"}, {"symbol": "coeff_1_H_min", "numer": "-1", "denom": "8"}, {"symbol": null, "numer": "25", "denom": "16"}, {"symbol": "coeff_0_L_max", "numer": "9", "denom": "16"}, {"symbol": "coeff_2_H_min", "numer": "-1", "denom": "2"}], "level": 2, "array_name": "DC'", "phase": [2, 0]}, {"lower_bound": [{"symbol": "coeff_2_H_min", "numer": "1", "denom": "1"}], "upper_bound": [{"symbol": "coeff_2_H_max", "numer": "1", "denom": "1"}], "level": 2, "array_name": "DC'", "phase": [3, 0]}, {"lower_bound": [{"symbol": "coeff_0_L_min", "numer": "1", "denom": "2"}, {"symbol": "coeff_1_H_max", "numer": "-1", "denom": "4"}, {"symbol": null, "numer": "-5", "denom": "4"}, {"symbol": "coeff_2_H_max", "numer": "-1", "denom": "2"}], "upper_bound": [{"symbol": "coeff_0_L_max", "numer": "1", "denom": "2"}, {"symbol": "coeff_1_H_min", "numer": "-1", "denom": "4"}, {"symbol": null, "numer": "5", "denom": "4"}, {"symbol": "coeff_2_H_min", "numer": "-1", "denom": "2"}], "level": 2, "array_name": "DC", "phase": [0, 0]}, {"lower_bound": [{"symbol": "coeff_2_H_min", "numer": "3", "denom": "4"}, {"symbol": "coeff_1_H_max", "numer": "-5", "denom": "32"}, {"symbol": "coeff_0_L_min", "numer": "283", "denom": "512"}, {"symbol": "coeff_1_H_min", "numer": "5", "denom": "32"}, {"symbol": null, "numer": "-1131", "denom": "512"}, {"symbol": "coeff_0_L_max", "numer": "-27", "denom": "512"}, {"symbol": "coeff_2_H_max", "numer": "-1", "denom": "4"}], "upper_bound": [{"symbol": "coeff_2_H_max", "numer": "3", "denom": "4"}, {"symbol": "coeff_1_H_min", "numer": "-5", "denom": "32"}, {"symbol": "coeff_0_L_max", "numer": "283", "denom": "512"}, {"symbol": "coeff_1_H_max", "numer": "5", "denom": "32"}, {"symbol": null, "numer": "1131", "denom": "512"}, {"symbol": "coeff_0_L_min", "numer": "-27", "denom": "512"}, {"symbol": "coeff_2_H_min", "numer": "-1", "denom": "4"}], "level": 2, "array_name": "DC", "phase": [1, 0]}, {"lower_bound": [{"symbol": "coeff_1_H_min", "numer": "3", "denom": "8"}, {"symbol": "coeff_0_L_max", "numer": "-1", "denom": "16"}, {"symbol": "coeff_1_H_max", "numer": "-1", "denom": "8"}, {"symbol": null, "numer": "-25", "denom": "16"}, {"symbol": "coeff_0_L_min", "numer": "9", "denom": "16"}, {"symbol": "coeff_2_H_max", "numer": "-1", "denom": "2"}], "upper_bound": [{"symbol": "coeff_1_H_max", "numer": "3", "denom": "8"}, {"symbol": "coeff_0_L_min", "numer": "-1", "denom": "16"}, {"symbol": "coeff_1_H_min", "numer": "-1", "denom": "8"}, {"symbol": null, "numer": "25", "denom": "16"}, {"symbol": "coeff_0_L_max", "numer": "9", "denom": "16"}, {"symbol": "coeff_2_H_min", "numer": "-1", "denom": "2"}], "level": 2, "array_name": "DC", "phase": [2, 0]}, {"lower_bound": [{"symbol": "coeff_2_H_min", "numer": "3", "denom": "4"}, {"symbol": "coeff_0_L_min", "numer": "283", "denom": "512"}, {"symbol": "coeff_1_H_max", "numer": "-5", "denom": "32"}, {"symbol": "coeff_1_H_min", "numer": "5", "denom": "32"}, {"symbol": null, "numer": "-1131", "denom": "512"}, {"symbol": "coeff_2_H_max", "numer": "-1", "denom": "4"}, {"symbol": "coeff_0_L_max", "numer": "-27", "denom": "512"}], "upper_bound": [{"symbol": "coeff_2_H_max", "numer": "3", "denom": "4"}, {"symbol": "coeff_0_L_max", "numer": "283", "denom": "512"}, {"symbol": "coeff_1_H_min", "numer": "-5", "denom": "32"}, {"symbol": "coeff_1_H_max", "numer": "5", "denom": "32"}, {"symbol": null, "numer": "1131", "denom": "512"}, {"symbol": "coeff_2_H_min", "numer": "-1", "denom": "4"}, {"symbol": "coeff_0_L_min", "numer": "-27", "denom": "512"}], "level": 2, "array_name": "DC", "phase": [3, 0]}, {"lower_bound": [{"symbol": "coeff_0_L_min", "numer": "1", "denom": "4"}, {"symbol": "coeff_1_H_max", "numer": "-1", "denom": "8"}, {"symbol": null, "numer": "-9", "denom": "8"}, {"symbol": "coeff_2_H_max", "numer": "-1", "denom": "4"}], "upper_bound": [{"symbol": "coeff_0_L_max", "numer": "1", "denom": "4"}, {"symbol": "coeff_1_H_min", "numer": "-1", "denom": "8"}, {"symbol": null, "numer": "9", "denom": "8"}, {"symbol": "coeff_2_H_min", "numer": "-1", "denom": "4"}], "level": 2, "array_name": "Output", "phase": [0, 0]}, {"lower_bound": [{"symbol": "coeff_2_H_min", "numer": "3", "denom": "8"}, {"symbol": "coeff_1_H_max", "numer": "-5", "denom": "64"}, {"symbol": "coeff_0_L_min", "numer": "283", "denom": "1024"}, {"symbol": "coeff_1_H_min", "numer": "5", "denom": "64"}, {"symbol": null, "numer": "-1643", "denom": "1024"}, {"symbol": "coeff_0_L_max", "numer": "-27", "denom": "1024"}, {"symbol": "coeff_2_H_max", "numer": "-1", "denom": "8"}], "upper_bound": [{"symbol": "coeff_2_H_max", "numer": "3", "denom": "8"}, {"symbol": "coeff_1_H_min", "numer": "-5", "denom": "64"}, {"symbol": "coeff_0_L_max", "numer": "283", "denom": "1024"}, {"symbol": "coeff_1_H_max", "numer": "5", "denom": "64"}, {"symbol": null, "numer": "1643", "denom": "1024"}, {"symbol": "coeff_0_L_min", "numer": "-27", "denom": "1024"}, {"symbol": "coeff_2_H_min", "numer": "-1", "denom": "8"}], "level": 2, "array_name": "Output", "phase": [1, 0]}, {"lower_bound": [{"symbol": "coeff_1_H_min", "numer": "3", "denom": "16"}, {"symbol": "coeff_0_L_max", "numer": "-1", "denom": "32"}, {"symbol": "coeff_1_H_max", "numer": "-1", "denom": "16"}, {"symbol": null, "numer": "-41", "denom": "32"}, {"symbol": "coeff_0_L_min", "numer": "9", "denom": "32"}, {"symbol": "coeff_2_H_max", "numer": "-1", "denom": "4"}], "upper_bound": [{"symbol": "coeff_1_H_max", "numer": "3", "denom": "16"}, {"symbol": "coeff_0_L_min", "numer": "-1", "denom": "32"}, {"symbol": "coeff_1_H_min", "numer": "-1", "denom": "16"}, {"symbol": null, "numer": "41", "denom": "32"}, {"symbol": "coeff_0_L_max", "numer": "9", "denom": "32"}, {"symbol": "coeff_2_H_min", "numer": "-1", "denom": "4"}], "level": 2, "array_name": "Output", "phase": [2, 0]}, {"lower_bound": [{"symbol": "coeff_2_H_min", "numer": "3", "denom": "8"}, {"symbol": "coeff_0_L_min", "numer": "283", "denom": "1024"}, {"symbol": "coeff_1_H_max", "numer": "-5", "denom": "64"}, {"symbol": "coeff_1_H_min", "numer": "5", "denom": "64"}, {"symbol": null, "numer": "-1643", "denom": "1024"}, {"symbol": "coeff_2_H_max", "numer": "-1", "denom": "8"}, {"symbol": "coeff_0_L_max", "numer": "-27", "denom": "1024"}], "upper_bound": [{"symbol": "coeff_2_H_max", "numer": "3", "denom": "8"}, {"symbol": "coeff_0_L_max", "numer": "283", "denom": "1024"}, {"symbol": "coeff_1_H_min", "numer": "-5", "denom": "64"}, {"symbol": "coeff_1_H_max", "numer": "5", "denom": "64"}, {"symbol": null, "numer": "1643", "denom": "1024"}, {"symbol": "coeff_2_H_min", "numer": "-1", "denom": "8"}, {"symbol": "coeff_0_L_min", "numer": "-27", "denom": "1024"}], "level": 2, "array_name": "Output", "phase": [3, 0]}], "analysis_test_patterns": [{"target": [0, 0], "pattern": {"dx": 0, "dy": 0, "width": 1, "height": 1, "positive": "gA==", "mask": "gA=="}, "pattern_translation_multiple": [1, 1], "target_translation_multiple": [1, 1], "level": 2, "array_name": "Input", "phase": [0, 0]}, {"target": [0, 0], "pattern": {"dx": 0, "dy": 0, "width": 1, "height": 1, "positive": "gA==", "mask": "gA=="}, "pattern_translation_multiple": [1, 1], "target_translation_multiple": [1, 1], "level": 2, "array_name": "DC", "phase": [0, 0]}, {"target": [0, 0], "pattern": {"dx": 0, "dy": 0, "width": 1, "height": 1, "positive": "gA==", "mask": "gA=="}, "pattern_translation_multiple": [2, 1], "target_translation_multiple": [2, 1], "level": 2, "array_name": "DC'", "phase": [0, 0]}, {"target": [3, 0], "pattern": {"dx": 0, "dy": 0, "width": 7, "height": 1, "positive": "kg==", "mask": "ug=="}, "pattern_translation_multiple": [2, 1], "target_translation_multiple": [2, 1], "level": 2, "array_name": "DC'", "phase": [1, 0]}, {"target": [4, 0], "pattern": {"dx": 0, "dy": 0, "width": 9, "height": 1, "positive": "nIA=", "mask": "voA="}, "pattern_translation_multiple": [2, 1], "target_translation_multiple": [2, 1], "level": 2, "array_name": "DC''", "phase": [0, 0]}, {"target": [3, 0], "pattern": {"dx": 0, "dy": 0, "width": 7, "height": 1, "positive": "kg==", "mask": "ug=="}, "pattern_translation_multiple": [2, 1], "target_translation_multiple": [2, 1], "level": 2, "array_name": "DC''", "phase": [1, 0]}, {"target": [2, 0], "pattern": {"dx": 0, "dy": 0, "width": 9, "height": 1, "positive": "nIA=", "mask": "voA="}, "pattern_translation_multiple": [2, 1], "target_translation_multiple": [1, 1], "level": 1, "array_name": "DC", "phase": [0, 0]}, {"target": [2, 0], "pattern": {"dx": 0, "dy": 0, "width": 9, "height": 1, "positive": "nIA=", "mask": "voA="}, "pattern_translation_multiple": [4, 1], "target_translation_multiple": [2, 1], "level": 1, "array_name": "DC'", "phase": [0, 0]}, {"target": [5, 0], "pattern": {"dx": 0, "dy": 0, "width": 21, "height": 1, "positive": "nnPI", "mask": "v//o"}, "pattern_translation_multiple": [4, 1], "target_translation_multiple": [2, 1], "level": 1, "array_name": "DC'", "phase": [1, 0]}, {"target": [6, 0], "pattern": {"dx": 0, "dy": 0, "width": 25, "height": 1, "positive": "nn88gA==", "mask": "v//+gA=="}, "pattern_translation_multiple": [4, 1], "target_translation_multiple": [2, 1], "level": 1, "array_name": "DC''", "phase": [0, 0]}, {"target": [5, 0], "pattern": {"dx": 0, "dy": 0, "width": 21, "height": 1, "positive": "nnPI", "mask": "v//o"}, "pattern_translation_multiple": [4, 1], "target_translation_multiple": [2, 1], "level": 1, "array_name": "DC''", "phase": [1, 0]}], "synthesis_test_patterns": [{"target": [3, 0], "pattern": {"dx": 0, "dy": 0, "width": 25, "height": 1, "positive": "nn88gA==", "mask": "v//+gA=="}, "pattern_translation_multiple": [4, 1], "target_translation_multiple": [1, 1], "level": 1, "array_name": "L", "phase": [0, 0]}, {"target": [2, 0], "pattern": {"dx": 0, "dy": 0, "width": 21, "height": 1, "positive": "nnPI", "mask": "v//o"}, "pattern_translation_multiple": [4, 1], "target_translation_multiple": [1, 1], "level": 1, "array_name": "H", "phase": [0, 0]}, {"target": [6, 0], "pattern": {"dx": 0, "dy": 0, "width": 25, "height": 1, "positive": "nt28gA==", "mask": "v//+gA=="}, "pattern_translation_multiple": [4, 1], "target_translation_multiple": [2, 1], "level": 1, "array_name": "DC'", "phase": [0, 0]}, {"target": [5, 0], "pattern": {"dx": 0, "dy": 0, "width": 21, "height": 1, "positive": "nnPI", "mask": "v//o"}, "pattern_translation_multiple": [4, 1], "target_translation_multiple": [2, 1], "level": 1, "array_name": "DC'", "phase": [1, 0]}, {"target": [6, 0], "pattern": {"dx": 0, "dy": 0, "width": 25, "height": 1, "positive": "nt28gA==", "mask": "v//+gA=="}, "pattern_translation_multiple": [4, 1], "target_translation_multiple": [2, 1], "level": 1, "array_name": "DC", "phase": [0, 0]}, {"target": [9, 0], "pattern": {"dx": 0, "dy": 0, "width": 37, "height": 1, "positive": "Kd5z3KA=", "mask": "v////+g="}, "pattern_translation_multiple": [4, 1], "target_translation_multiple": [2, 1], "level": 1, "array_name": "DC", "phase": [1, 0]}, {"target": [6, 0], "pattern": {"dx": 0, "dy": 0, "width": 25, "height": 1, "positive": "nt28gA==", "mask": "v//+gA=="}, "pattern_translation_multiple": [4, 1], "target_translation_multiple": [2, 1], "level": 1, "array_name": "Output", "phase": [0, 0]}, {"target": [9, 0], "pattern": {"dx": 0, "dy": 0, "width": 37, "height": 1, "positive": "Kd5z3KA=", "mask": "v////+g="}, "pattern_translation_multiple": [4, 1], "target_translation_multiple": [2, 1], "level": 1, "array_name": "Output", "phase": [1, 0]}, {"target": [6, 0], "pattern": {"dx": 0, "dy": 0, "width": 25, "height": 1, "positive": "nt28gA==", "mask": "v//+gA=="}, "pattern_translation_multiple": [4, 1], "target_translation_multiple": [2, 1], "level": 2, "array_name": "L", "phase": [0, 0]}, {"target": [9, 0], "pattern": {"dx": 0, "dy": 0, "width": 37, "height": 1, "positive": "Kd5z3KA=", "mask": "v////+g="}, "pattern_translation_multiple": [4, 1], "target_translation_multiple": [2, 1], "level": 2, "array_name": "L", "phase": [1, 0]}, {"target": [1, 0], "pattern": {"dx": 0, "dy": 0, "width": 7, "height": 1, "positive": "kg==", "mask": "ug=="}, "pattern_translation_multiple": [2, 1], "target_translation_multiple": [1, 1], "level": 2, "array_name": "H", "phase": [0, 0]}, {"target": [12, 0], "pattern": {"dx": 0, "dy": 0, "width": 25, "height": 1, "positive": "nn88gA==", "mask": "v//+gA=="}, "pattern_translation_multiple": [4, 1], "target_translation_multiple": [4, 1], "level": 2, "array_name": "DC'", "phase": [0, 0]}, {"target": [5, 0], "pattern": {"dx": 2, "dy": 0, "width": 7, "height": 1, "positive": "kg==", "mask": "ug=="}, "pattern_translation_multiple": [4, 1], "target_translation_multiple": [4, 1], "level": 2, "array_name": "DC'", "phase": [1, 0]}, {"target": [18, 0], "pattern": {"dx": 0, "dy": 0, "width": 37, "height": 1, "positive": "Kd5z3KA=", "mask": "v////+g="}, "pattern_translation_multiple": [4, 1], "target_translation_multiple": [4, 1], "level": 2, "array_name": "DC'", "phase": [2, 0]}, {"target": [3, 0], "pattern": {"dx": 0, "dy": 0, "width": 7, "height": 1, "positive": "kg==", "mask": "ug=="}, "pattern_translation_multiple": [4, 1], "target_translation_multiple": [4, 1], "level": 2, "array_name": "DC'", "phase": [3, 0]}, {"target": [12, 0], "pattern": {"dx": 0, "dy": 0, "width": 25, "height": 1, "positive": "nn88gA==", "mask": "v//+gA=="}, "pattern_translation_multiple": [4, 1], "target_translation_multiple": [4, 1], "level": 2, "array_name": "DC", "phase": [0, 0]}, {"target": [21, 0], "pattern": {"dx": 0, "dy": 0, "width": 41, "height": 1, "positive": "lp51vcoA", "mask": "v/////6A"}, "pattern_translation_multiple": [4, 1], "target_translation_multiple": [4, 1], "level": 2, "array_name": "DC", "phase": [1, 0]}, {"target": [18, 0], "pattern": {"dx": 0, "dy": 0, "width": 37, "height": 1, "positive": "Kd5z3KA=", "mask": "v////+g="}, "pattern_translation_multiple": [4, 1], "target_translation_multiple": [4, 1], "level": 2, "array_name": "DC", "phase": [2, 0]}, {"target": [19, 0], "pattern": {"dx": 0, "dy": 0, "width": 41, "height": 1, "positive": "Kd7XPLSA", "mask": "v/////6A"}, "pattern_translation_multiple": [4, 1], "target_translation_multiple": [4, 1], "level": 2, "array_name": "DC", "phase": [3, 0]}, {"target": [12, 0], "pattern": {"dx": 0, "dy": 0, "width": 25, "height": 1, "positive": "nn88gA==", "mask": "v//+gA=="}, "pattern_translation_multiple": [4, 1], "target_translation_multiple": [4, 1], "level": 2, "array_name": "Output", "phase": [0, 0]}, {"target": [21, 0], "pattern": {"dx": 0, "dy": 0, "width": 41, "height": 1, "positive": "lp51vcoA", "mask": "v/////6A"}, "pattern_translation_multiple": [4, 1], "target_translation_multiple": [4, 1], "level": 2, "array_name": "Output", "phase": [1, 0]}, {"target": [18, 0], "pattern": {"dx": 0, "dy": 0, "width": 37, "height": 1, "positive": "Kd5z3KA=", "mask": "v////+g="}, "pattern_translation_multiple": [4, 1], "target_translation_multiple": [4, 1], "level": 2, "array_name": "Output", "phase": [2, 0]}, {"target": [19, 0], "pattern": {"dx": 0, "dy": 0, "width": 41, "height": 1, "positive": "Kd7XPLSA", "mask": "v/////6A"}, "pattern_translation_multiple": [4, 1], "target_translation_multiple": [4, 1], "level": 2, "array_name": "Output", "phase": [3, 0]}]}