{"wavelet_index": 3, "wavelet_index_ho": 3, "dwt_depth": 1, "dwt_depth_ho": 1, "analysis_signal_bounds": [{"lower_bound": [{"symbol": "signal_min", "numer": "1", "denom": "1"}], "upper_bound": [{"symbol": "signal_max", "numer": "1", "denom": "1"}], "level": 2, "array_name": "Input", "phase": [0, 0]}, {"lower_bound": [{"symbol": "signal_min", "numer": "1", "denom": "1"}], "upper_bound": [{"symbol": "signal_max", "numer": "1", "denom": "1"}], "level": 2, "array_name": "DC'", "phase": [0, 0]}, {"lower_bound": [{"symbol": "signal_min", "numer": "1", "denom": "1"}, {"symbol": "signal_max", "numer": "-1", "denom": "1"}], "upper_bound": [{"symbol": "signal_max", "numer": "1", "denom": "1"}, {"symbol": "signal_min", "numer": "-1", "denom": "1"}, {"symbol": null, "numer": "1", "denom": "1"}], "level": 2, "array_name": "DC'", "phase": [1, 0]}, {"lower_bound": [{"symbol": "signal_min", "numer": "1", "denom": "1"}, {"symbol": null, "numer": "-1", "denom": "2"}], "upper_bound": [{"symbol": "signal_max", "numer": "1", "denom": "1"}, {"symbol": null, "numer": "1", "denom": "1"}], "level": 2, "array_name": "DC''", "phase": [0, 0]}, {"lower_bound": [{"symbol": "signal_min", "numer": "1", "denom": "1"}, {"symbol": "signal_max", "numer": "-1", "denom": "1"}], "upper_bound": [{"symbol": "signal_max", "numer": "1", "denom": "1"}, {"symbol": "signal_min", "numer": "-1", "denom": "1"}, {"symbol": null, "numer": "1", "denom": "1"}], "level": 2, "array_name": "DC''", "phase": [1, 0]}, {"lower_bound": [{"symbol": "signal_min", "numer": "1", "denom": "1"}, {"symbol": null, "numer": "-1", "denom": "2"}], "upper_bound": [{"symbol": "signal_max", "numer": "1", "denom": "1"}, {"symbol": null, "numer": "1", "denom": "1"}], "level": 2, "array_name": "L'", "phase": [0, 0]}, {"lower_bound": [{"symbol": "signal_min", "numer": "1", "denom": "1"}, {"symbol": null, "numer": "-3", "denom": "2"}, {"symbol": "signal_max", "numer": "-1", "denom": "1"}], "upper_bound": [{"symbol": "signal_max", "numer": "1", "denom": "1"}, {"symbol": null, "numer": "5", "denom": "2"}, {"symbol": "signal_min", "numer": "-1", "denom": "1"}], "level": 2, "array_name": "L'", "phase": [0, 1]}, {"lower_bound": [{"symbol": "signal_min", "numer": "1", "denom": "1"}, {"symbol": "signal_max", "numer": "-1", "denom": "1"}], "upper_bound": [{"symbol": "signal_max", "numer": "1", "denom": "1"}, {"symbol": "signal_min", "numer": "-1", "denom": "1"}, {"symbol": null, "numer": "1", "denom": "1"}], "level": 2, "array_name": "H'", "phase": [0, 0]}, {"lower_bound": [{"symbol": "signal_min", "numer": "2", "denom": "1"}, {"symbol": "signal_max", "numer": "-2", "denom": "1"}, {"symbol": null, "numer": "-1", "denom": "1"}], "upper_bound": [{"symbol": "signal_max", "numer": "2", "denom": "1"}, {"symbol": "signal_min", "numer": "-2", "denom": "1"}, {"symbol": null, "numer": "2", "denom": "1"}], "level": 2, "array_name": "H'", "phase": [0, 1]}, {"lower_bound": [{"symbol": "signal_min", "numer": "1", "denom": "1"}, {"symbol": null, "numer": "-1", "denom": "1"}], "upper_bound": [{"symbol": "signal_max", "numer": "1", "denom": "1"}, {"symbol": null, "numer": "2", "denom": "1"}], "level": 2, "array_name": "L''", "phase": [0, 0]}, {"lower_bound": [{"symbol": "signal_min", "numer": "1", "denom": "1"}, {"symbol": null, "numer": "-3", "denom": "2"}, {"symbol": "signal_max", "numer": "-1", "denom": "1"}], "upper_bound": [{"symbol": "signal_max", "numer": "1", "denom": "1"}, {"symbol": null, "numer": "5", "denom": "2"}, {"symbol": "signal_min", "numer": "-1", "denom": "1"}], "level": 2, "array_name": "L''", "phase": [0, 1]}, {"lower_bound": [{"symbol": "signal_min", "numer": "1", "denom": "1"}, {"symbol": "signal_max", "numer": "-1", "denom": "1"}, {"symbol": null, "numer": "-1", "denom": "2"}], "upper_bound": [{"symbol": "signal_max", "numer": "1", "denom": "1"}, {"symbol": "signal_min", "numer": "-1", "denom": "1"}, {"symbol": null, "numer": "2", "denom": "1"}], "level": 2, "array_name": "H''", "phase": [0, 0]}, {"lower_bound": [{"symbol": "signal_min", "numer": "2", "denom": "1"}, {"symbol": "signal_max", "numer": "-2", "denom": "1"}, {"symbol": null, "numer": "-1", "denom": "1"}], "upper_bound": [{"symbol": "signal_max", "numer": "2", "denom": "1"}, {"symbol": "signal_min", "numer": "-2", "denom": "1"}, {"symbol": null, "numer": "2", "denom": "1"}], "level": 2, "array_name": "H''", "phase": [0, 1]}, {"lower_bound": [{"symbol": "signal_min", "numer": "1", "denom": "1"}, {"symbol": null, "numer": "-1", "denom": "1"}], "upper_bound": [{"symbol": "signal_max", "numer": "1", "denom": "1"}, {"symbol": null, "numer": "2", "denom": "1"}], "level": 1, "array_name": "DC'", "phase": [0, 0]}, {"lower_bound": [{"symbol": "signal_min", "numer": "1", "denom": "1"}, {"symbol": null, "numer": "-3", "denom": "1"}, {"symbol": "signal_max", "numer": "-1", "denom": "1"}], "upper_bound": [{"symbol": "signal_max", "numer": "1", "denom": "1"}, {"symbol": null, "numer": "4", "denom": "1"}, {"symbol": "signal_min", "numer": "-1", "denom": "1"}], "level": 1, "array_name": "DC'", "phase": [1, 0]}, {"lower_bound": [{"symbol": "signal_min", "numer": "1", "denom": "1"}, {"symbol": null, "numer": "-3", "denom": "2"}], "upper_bound": [{"symbol": "signal_max", "numer": "1", "denom": "1"}, {"symbol": null, "numer": "3", "denom": "1"}], "level": 1, "array_name": "DC''", "phase": [0, 0]}, {"lower_bound": [{"symbol": "signal_min", "numer": "1", "denom": "1"}, {"symbol": null, "numer": "-3", "denom": "1"}, {"symbol": "signal_max", "numer": "-1", "denom": "1"}], "upper_bound": [{"symbol": "signal_max", "numer": "1", "denom": "1"}, {"symbol": null, "numer": "4", "denom": "1"}, {"symbol": "signal_min", "numer": "-1", "denom": "1"}], "level": 1, "array_name": "DC''", "phase": [1, 0]}], "synthesis_signal_bounds": [{"lower_bound": [{"symbol": "coeff_0_L_min", "numer": "1", "denom": "1"}], "upper_bound": [{"symbol": "coeff_0_L_max", "numer": "1", "denom": "1"}], "level": 1, "array_name": "L", "phase": [0, 0]}, {"lower_bound": [{"symbol": "coeff_1_H_min", "numer": "1", "denom": "1"}], "upper_bound": [{"symbol": "coeff_1_H_max", "numer": "1", "denom": "1"}], "level": 1, "array_name": "H", "phase": [0, 0]}, {"lower_bound": [{"symbol": "coeff_0_L_min", "numer": "1", "denom": "1"}, {"symbol": "coeff_1_H_max", "numer": "-1", "denom": "2"}, {"symbol": null, "numer": "-1", "denom": "2"}], "upper_bound": [{"symbol": "coeff_0_L_max", "numer": "1", "denom": "1"}, {"symbol": "coeff_1_H_min", "numer": "-1", "denom": "2"}, {"symbol": null, "numer": "1", "denom": "2"}], "level": 1, "array_name": "DC'", "phase": [0, 0]}, {"lower_bound": [{"symbol": "coeff_1_H_min", "numer": "1", "denom": "1"}], "upper_bound": [{"symbol": "coeff_1_H_max", "numer": "1", "denom": "1"}], "level": 1, "array_name": "DC'", "phase": [1, 0]}, {"lower_bound": [{"symbol": "coeff_0_L_min", "numer": "1", "denom": "1"}, {"symbol": "coeff_1_H_max", "numer": "-1", "denom": "2"}, {"symbol": null, "numer": "-1", "denom": "2"}], "upper_bound": [{"symbol": "coeff_0_L_max", "numer": "1", "denom": "1"}, {"symbol": "coeff_1_H_min", "numer": "-1", "denom": "2"}, {"symbol": null, "numer": "1", "denom": "2"}], "level": 1, "array_name": "DC", "phase": [0, 0]}, {"lower_bound": [{"symbol": "coeff_1_H_min", "numer": "1", "denom": "2"}, {"symbol": "coeff_0_L_min", "numer": "1", "denom": "1"}, {"symbol": null, "numer": "-3", "denom": "2"}], "upper_bound": [{"symbol": "coeff_1_H_max", "numer": "1", "denom": "2"}, {"symbol": "coeff_0_L_max", "numer": "1", "denom": "1"}, {"symbol": null, "numer": "1", "denom": "2"}], "level": 1, "array_name": "DC", "phase": [1, 0]}, {"lower_bound": [{"symbol": "coeff_2_LH_min", "numer": "1", "denom": "1"}], "upper_bound": [{"symbol": "coeff_2_LH_max", "numer": "1", "denom": "1"}], "level": 2, "array_name": "LH", "phase": [0, 0]}, {"lower_bound": [{"symbol": "coeff_2_HL_min", "numer": "1", "denom": "1"}], "upper_bound": [{"symbol": "coeff_2_HL_max", "numer": "1", "denom": "1"}], "level": 2, "array_name": "HL", "phase": [0, 0]}, {"lower_bound": [{"symbol": "coeff_2_HH_min", "numer": "1", "denom": "1"}], "upper_bound": [{"symbol": "coeff_2_HH_max", "numer": "1", "denom": "1"}], "level": 2, "array_name": "HH", "phase": [0, 0]}, {"lower_bound": [{"symbol": "coeff_0_L_min", "numer": "1", "denom": "1"}, {"symbol": "coeff_1_H_max", "numer": "-1", "denom": "2"}, {"symbol": null, "numer": "-1", "denom": "1"}, {"symbol": "coeff_2_LH_max", "numer": "-1", "denom": "2"}], "upper_bound": [{"symbol": "coeff_0_L_max", "numer": "1", "denom": "1"}, {"symbol": "coeff_1_H_min", "numer": "-1", "denom": "2"}, {"symbol": null, "numer": "1", "denom": "1"}, {"symbol": "coeff_2_LH_min", "numer": "-1", "denom": "2"}], "level": 2, "array_name": "L'", "phase": [0, 0]}, {"lower_bound": [{"symbol": "coeff_2_LH_min", "numer": "1", "denom": "1"}], "upper_bound": [{"symbol": "coeff_2_LH_max", "numer": "1", "denom": "1"}], "level": 2, "array_name": "L'", "phase": [0, 1]}, {"lower_bound": [{"symbol": "coeff_1_H_min", "numer": "1", "denom": "2"}, {"symbol": "coeff_0_L_min", "numer": "1", "denom": "1"}, {"symbol": null, "numer": "-2", "denom": "1"}, {"symbol": "coeff_2_LH_max", "numer": "-1", "denom": "2"}], "upper_bound": [{"symbol": "coeff_1_H_max", "numer": "1", "denom": "2"}, {"symbol": "coeff_0_L_max", "numer": "1", "denom": "1"}, {"symbol": null, "numer": "1", "denom": "1"}, {"symbol": "coeff_2_LH_min", "numer": "-1", "denom": "2"}], "level": 2, "array_name": "L'", "phase": [1, 0]}, {"lower_bound": [{"symbol": "coeff_2_LH_min", "numer": "1", "denom": "1"}], "upper_bound": [{"symbol": "coeff_2_LH_max", "numer": "1", "denom": "1"}], "level": 2, "array_name": "L'", "phase": [1, 1]}, {"lower_bound": [{"symbol": "coeff_2_HL_min", "numer": "1", "denom": "1"}, {"symbol": "coeff_2_HH_max", "numer": "-1", "denom": "2"}, {"symbol": null, "numer": "-1", "denom": "2"}], "upper_bound": [{"symbol": "coeff_2_HL_max", "numer": "1", "denom": "1"}, {"symbol": "coeff_2_HH_min", "numer": "-1", "denom": "2"}, {"symbol": null, "numer": "1", "denom": "2"}], "level": 2, "array_name": "H'", "phase": [0, 0]}, {"lower_bound": [{"symbol": "coeff_2_HH_min", "numer": "1", "denom": "1"}], "upper_bound": [{"symbol": "coeff_2_HH_max", "numer": "1", "denom": "1"}], "level": 2, "array_name": "H'", "phase": [0, 1]}, {"lower_bound": [{"symbol": "coeff_0_L_min", "numer": "1", "denom": "1"}, {"symbol": "coeff_1_H_max", "numer": "-1", "denom": "2"}, {"symbol": null, "numer": "-1", "denom": "1"}, {"symbol": "coeff_2_LH_max", "numer": "-1", "denom": "2"}], "upper_bound": [{"symbol": "coeff_0_L_max", "numer": "1", "denom": "1"}, {"symbol": "coeff_1_H_min", "numer": "-1", "denom": "2"}, {"symbol": null, "numer": "1", "denom": "1"}, {"symbol": "coeff_2_LH_min", "numer": "-1", "denom": "2"}], "level": 2, "array_name": "L", "phase": [0, 0]}, {"lower_bound": [{"symbol": "coeff_2_LH_min", "numer": "1", "denom": "2"}, {"symbol": "coeff_0_L_min", "numer": "1", "denom": "1"}, {"symbol": "coeff_1_H_max", "numer": "-1", "denom": "2"}, {"symbol": null, "numer": "-2", "denom": "1"}], "upper_bound": [{"symbol": "coeff_2_LH_max", "numer": "1", "denom": "2"}, {"symbol": "coeff_0_L_max", "numer": "1", "denom": "1"}, {"symbol": "coeff_1_H_min", "numer": "-1", "denom": "2"}, {"symbol": null, "numer": "1", "denom": "1"}], "level": 2, "array_name": "L", "phase": [0, 1]}, {"lower_bound": [{"symbol": "coeff_1_H_min", "numer": "1", "denom": "2"}, {"symbol": "coeff_0_L_min", "numer": "1", "denom": "1"}, {"symbol": null, "numer": "-2", "denom": "1"}, {"symbol": "coeff_2_LH_max", "numer": "-1", "denom": "2"}], "upper_bound": [{"symbol": "coeff_1_H_max", "numer": "1", "denom": "2"}, {"symbol": "coeff_0_L_max", "numer": "1", "denom": "1"}, {"symbol": null, "numer": "1", "denom": "1"}, {"symbol": "coeff_2_LH_min", "numer": "-1", "denom": "2"}], "level": 2, "array_name": "L", "phase": [1, 0]}, {"lower_bound": [{"symbol": "coeff_2_LH_min", "numer": "1", "denom": "2"}, {"symbol": "coeff_1_H_min", "numer": "1", "denom": "2"}, {"symbol": "coeff_0_L_min", "numer": "1", "denom": "1"}, {"symbol": null, "numer": "-3", "denom": "1"}], "upper_bound": [{"symbol": "coeff_2_LH_max", "numer": "1", "denom": "2"}, {"symbol": "coeff_1_H_max", "numer": "1", "denom": "2"}, {"symbol": "coeff_0_L_max", "numer": "1", "denom": "1"}, {"symbol": null, "numer": "1", "denom": "1"}], "level": 2, "array_name": "L", "phase": [1, 1]}, {"lower_bound": [{"symbol": "coeff_2_HL_min", "numer": "1", "denom": "1"}, {"symbol": "coeff_2_HH_max", "numer": "-1", "denom": "2"}, {"symbol": null, "numer": "-1", "denom": "2"}], "upper_bound": [{"symbol": "coeff_2_HL_max", "numer": "1", "denom": "1"}, {"symbol": "coeff_2_HH_min", "numer": "-1", "denom": "2"}, {"symbol": null, "numer": "1", "denom": "2"}], "level": 2, "array_name": "H", "phase": [0, 0]}, {"lower_bound": [{"symbol": "coeff_2_HH_min", "numer": "1", "denom": "2"}, {"symbol": "coeff_2_HL_min", "numer": "1", "denom": "1"}, {"symbol": null, "numer": "-3", "denom": "2"}], "upper_bound": [{"symbol": "coeff_2_HH_max", "numer": "1", "denom": "2"}, {"symbol": "coeff_2_HL_max", "numer": "1", "denom": "1"}, {"symbol": null, "numer": "1", "denom": "2"}], "level": 2, "array_name": "H", "phase": [0, 1]}, {"lower_bound": [{"symbol": "coeff_0_L_min", "numer": "1", "denom": "1"}, {"symbol": "coeff_1_H_max", "numer": "-1", "denom": "2"}, {"symbol": null, "numer": "-7", "denom": "4"}, {"symbol": "coeff_2_LH_max", "numer": "-1", "denom": "2"}, {"symbol": "coeff_2_HL_max", "numer": "-1", "denom": "2"}, {"symbol": "coeff_2_HH_min", "numer": "1", "denom": "4"}], "upper_bound": [{"symbol": "coeff_0_L_max", "numer": "1", "denom": "1"}, {"symbol": "coeff_1_H_min", "numer": "-1", "denom": "2"}, {"symbol": null, "numer": "7", "denom": "4"}, {"symbol": "coeff_2_LH_min", "numer": "-1", "denom": "2"}, {"symbol": "coeff_2_HL_min", "numer": "-1", "denom": "2"}, {"symbol": "coeff_2_HH_max", "numer": "1", "denom": "4"}], "level": 2, "array_name": "DC'", "phase": [0, 0]}, {"lower_bound": [{"symbol": "coeff_2_LH_min", "numer": "1", "denom": "2"}, {"symbol": "coeff_0_L_min", "numer": "1", "denom": "1"}, {"symbol": "coeff_1_H_max", "numer": "-1", "denom": "2"}, {"symbol": null, "numer": "-11", "denom": "4"}, {"symbol": "coeff_2_HH_max", "numer": "-1", "denom": "4"}, {"symbol": "coeff_2_HL_max", "numer": "-1", "denom": "2"}], "upper_bound": [{"symbol": "coeff_2_LH_max", "numer": "1", "denom": "2"}, {"symbol": "coeff_0_L_max", "numer": "1", "denom": "1"}, {"symbol": "coeff_1_H_min", "numer": "-1", "denom": "2"}, {"symbol": null, "numer": "9", "denom": "4"}, {"symbol": "coeff_2_HH_min", "numer": "-1", "denom": "4"}, {"symbol": "coeff_2_HL_min", "numer": "-1", "denom": "2"}], "level": 2, "array_name": "DC'", "phase": [0, 1]}, {"lower_bound": [{"symbol": "coeff_2_HL_min", "numer": "1", "denom": "1"}, {"symbol": "coeff_2_HH_max", "numer": "-1", "denom": "2"}, {"symbol": null, "numer": "-1", "denom": "2"}], "upper_bound": [{"symbol": "coeff_2_HL_max", "numer": "1", "denom": "1"}, {"symbol": "coeff_2_HH_min", "numer": "-1", "denom": "2"}, {"symbol": null, "numer": "1", "denom": "2"}], "level": 2, "array_name": "DC'", "phase": [1, 0]}, {"lower_bound": [{"symbol": "coeff_2_HH_min", "numer": "1", "denom": "2"}, {"symbol": "coeff_2_HL_min", "numer": "1", "denom": "1"}, {"symbol": null, "numer": "-3", "denom": "2"}], "upper_bound": [{"symbol": "coeff_2_HH_max", "numer": "1", "denom": "2"}, {"symbol": "coeff_2_HL_max", "numer": "1", "denom": "1"}, {"symbol": null, "numer": "1", "denom": "2"}], "level": 2, "array_name": "DC'", "phase": [1, 1]}, {"lower_bound": [{"symbol": "coeff_1_H_min", "numer": "1", "denom": "2"}, {"symbol": "coeff_0_L_min", "numer": "1", "denom": "1"}, {"symbol": null, "numer": "-11", "denom": "4"}, {"symbol": "coeff_2_LH_max", "numer": "-1", "denom": "2"}, {"symbol": "coeff_2_HL_max", "numer": "-1", "denom": "2"}, {"symbol": "coeff_2_HH_min", "numer": "1", "denom": "4"}], "upper_bound": [{"symbol": "coeff_1_H_max", "numer": "1", "denom": "2"}, {"symbol": "coeff_0_L_max", "numer": "1", "denom": "1"}, {"symbol": null, "numer": "7", "denom": "4"}, {"symbol": "coeff_2_LH_min", "numer": "-1", "denom": "2"}, {"symbol": "coeff_2_HL_min", "numer": "-1", "denom": "2"}, {"symbol": "coeff_2_HH_max", "numer": "1", "denom": "4"}], "level": 2, "array_name": "DC'", "phase": [2, 0]}, {"lower_bound": [{"symbol": "coeff_2_LH_min", "numer": "1", "denom": "2"}, {"symbol": "coeff_1_H_min", "numer": "1", "denom": "2"}, {"symbol": "coeff_0_L_min", "numer": "1", "denom": "1"}, {"symbol": null, "numer": "-15", "denom": "4"}, {"symbol": "coeff_2_HH_max", "numer": "-1", "denom": "4"}, {"symbol": "coeff_2_HL_max", "numer": "-1", "denom": "2"}], "upper_bound": [{"symbol": "coeff_2_LH_max", "numer": "1", "denom": "2"}, {"symbol": "coeff_1_H_max", "numer": "1", "denom": "2"}, {"symbol": "coeff_0_L_max", "numer": "1", "denom": "1"}, {"symbol": null, "numer": "9", "denom": "4"}, {"symbol": "coeff_2_HH_min", "numer": "-1", "denom": "4"}, {"symbol": "coeff_2_HL_min", "numer": "-1", "denom": "2"}], "level": 2, "array_name": "DC'", "phase": [2, 1]}, {"lower_bound": [{"symbol": "coeff_2_HL_min", "numer": "1", "denom": "1"}, {"symbol": "coeff_2_HH_max", "numer": "-1", "denom": "2"}, {"symbol": null, "numer": "-1", "denom": "2"}], "upper_bound": [{"symbol": "coeff_2_HL_max", "numer": "1", "denom": "1"}, {"symbol": "coeff_2_HH_min", "numer": "-1", "denom": "2"}, {"symbol": null, "numer": "1", "denom": "2"}], "level": 2, "array_name": "DC'", "phase": [3, 0]}, {"lower_bound": [{"symbol": "coeff_2_HH_min", "numer": "1", "denom": "2"}, {"symbol": "coeff_2_HL_min", "numer": "1", "denom": "1"}, {"symbol": null, "numer": "-3", "denom": "2"}], "upper_bound": [{"symbol": "coeff_2_HH_max", "numer": "1", "denom": "2"}, {"symbol": "coeff_2_HL_max", "numer": "1", "denom": "1"}, {"symbol": null, "numer": "1", "denom": "2"}], "level": 2, "array_name": "DC'", "phase": [3, 1]}, {"lower_bound": [{"symbol": "coeff_0_L_min", "numer": "1", "denom": "1"}, {"symbol": "coeff_1_H_max", "numer": "-1", "denom": "2"}, {"symbol": null, "numer": "-7", "denom": "4"}, {"symbol": "coeff_2_LH_max", "numer": "-1", "denom": "2"}, {"symbol": "coeff_2_HL_max", "numer": "-1", "denom": "2"}, {"symbol": "coeff_2_HH_min", "numer": "1", "denom": "4"}], "upper_bound": [{"symbol": "coeff_0_L_max", "numer": "1", "denom": "1"}, {"symbol": "coeff_1_H_min", "numer": "-1", "denom": "2"}, {"symbol": null, "numer": "7", "denom": "4"}, {"symbol": "coeff_2_LH_min", "numer": "-1", "denom": "2"}, {"symbol": "coeff_2_HL_min", "numer": "-1", "denom": "2"}, {"symbol": "coeff_2_HH_max", "numer": "1", "denom": "4"}], "level": 2, "array_name": "DC", "phase": [0, 0]}, {"lower_bound": [{"symbol": "coeff_2_LH_min", "numer": "1", "denom": "2"}, {"symbol": "coeff_0_L_min", "numer": "1", "denom": "1"}, {"symbol": "coeff_1_H_max", "numer": "-1", "denom": "2"}, {"symbol": null, "numer": "-11", "denom": "4"}, {"symbol": "coeff_2_HH_max", "numer": "-1", "denom": "4"}, {"symbol": "coeff_2_HL_max", "numer": "-1", "denom": "2"}], "upper_bound": [{"symbol": "coeff_2_LH_max", "numer": "1", "denom": "2"}, {"symbol": "coeff_0_L_max", "numer": "1", "denom": "1"}, {"symbol": "coeff_1_H_min", "numer": "-1", "denom": "2"}, {"symbol": null, "numer": "9", "denom": "4"}, {"symbol": "coeff_2_HH_min", "numer": "-1", "denom": "4"}, {"symbol": "coeff_2_HL_min", "numer": "-1", "denom": "2"}], "level": 2, "array_name": "DC", "phase": [0, 1]}, {"lower_bound": [{"symbol": "coeff_2_HL_min", "numer": "1", "denom": "2"}, {"symbol": "coeff_2_HH_max", "numer": "-1", "denom": "4"}, {"symbol": null, "numer": "-11", "denom": "4"}, {"symbol": "coeff_0_L_min", "numer": "1", "denom": "1"}, {"symbol": "coeff_1_H_max", "numer": "-1", "denom": "2"}, {"symbol": "coeff_2_LH_max", "numer": "-1", "denom": "2"}], "upper_bound": [{"symbol": "coeff_2_HL_max", "numer": "1", "denom": "2"}, {"symbol": "coeff_2_HH_min", "numer": "-1", "denom": "4"}, {"symbol": null, "numer": "7", "denom": "4"}, {"symbol": "coeff_0_L_max", "numer": "1", "denom": "1"}, {"symbol": "coeff_1_H_min", "numer": "-1", "denom": "2"}, {"symbol": "coeff_2_LH_min", "numer": "-1", "denom": "2"}], "level": 2, "array_name": "DC", "phase": [1, 0]}, {"lower_bound": [{"symbol": "coeff_2_HH_min", "numer": "1", "denom": "4"}, {"symbol": "coeff_2_HL_min", "numer": "1", "denom": "2"}, {"symbol": null, "numer": "-17", "denom": "4"}, {"symbol": "coeff_2_LH_min", "numer": "1", "denom": "2"}, {"symbol": "coeff_0_L_min", "numer": "1", "denom": "1"}, {"symbol": "coeff_1_H_max", "numer": "-1", "denom": "2"}], "upper_bound": [{"symbol": "coeff_2_HH_max", "numer": "1", "denom": "4"}, {"symbol": "coeff_2_HL_max", "numer": "1", "denom": "2"}, {"symbol": null, "numer": "7", "denom": "4"}, {"symbol": "coeff_2_LH_max", "numer": "1", "denom": "2"}, {"symbol": "coeff_0_L_max", "numer": "1", "denom": "1"}, {"symbol": "coeff_1_H_min", "numer": "-1", "denom": "2"}], "level": 2, "array_name": "DC", "phase": [1, 1]}, {"lower_bound": [{"symbol": "coeff_1_H_min", "numer": "1", "denom": "2"}, {"symbol": "coeff_0_L_min", "numer": "1", "denom": "1"}, {"symbol": null, "numer": "-11", "denom": "4"}, {"symbol": "coeff_2_LH_max", "numer": "-1", "denom": "2"}, {"symbol": "coeff_2_HL_max", "numer": "-1", "denom": "2"}, {"symbol": "coeff_2_HH_min", "numer": "1", "denom": "4"}], "upper_bound": [{"symbol": "coeff_1_H_max", "numer": "1", "denom": "2"}, {"symbol": "coeff_0_L_max", "numer": "1", "denom": "1"}, {"symbol": null, "numer": "7", "denom": "4"}, {"symbol": "coeff_2_LH_min", "numer": "-1", "denom": "2"}, {"symbol": "coeff_2_HL_min", "numer": "-1", "denom": "2"}, {"symbol": "coeff_2_HH_max", "numer": "1", "denom": "4"}], "level": 2, "array_name": "DC", "phase": [2, 0]}, {"lower_bound": [{"symbol": "coeff_2_LH_min", "numer": "1", "denom": "2"}, {"symbol": "coeff_1_H_min", "numer": "1", "denom": "2"}, {"symbol": "coeff_0_L_min", "numer": "1", "denom": "1"}, {"symbol": null, "numer": "-15", "denom": "4"}, {"symbol": "coeff_2_HH_max", "numer": "-1", "denom": "4"}, {"symbol": "coeff_2_HL_max", "numer": "-1", "denom": "2"}], "upper_bound": [{"symbol": "coeff_2_LH_max", "numer": "1", "denom": "2"}, {"symbol": "coeff_1_H_max", "numer": "1", "denom": "2"}, {"symbol": "coeff_0_L_max", "numer": "1", "denom": "1"}, {"symbol": null, "numer": "9", "denom": "4"}, {"symbol": "coeff_2_HH_min", "numer": "-1", "denom": "4"}, {"symbol": "coeff_2_HL_min", "numer": "-1", "denom": "2"}], "level": 2, "array_name": "DC", "phase": [2, 1]}, {"lower_bound": [{"symbol": "coeff_2_HL_min", "numer": "1", "denom": "2"}, {"symbol": "coeff_2_HH_max", "numer": "-1", "denom": "4"}, {"symbol": null, "numer": "-15", "denom": "4"}, {"symbol": "coeff_1_H_min", "numer": "1", "denom": "2"}, {"symbol": "coeff_0_L_min", "numer": "1", "denom": "1"}, {"symbol": "coeff_2_LH_max", "numer": "-1", "denom": "2"}], "upper_bound": [{"symbol": "coeff_2_HL_max", "numer": "1", "denom": "2"}, {"symbol": "coeff_2_HH_min", "numer": "-1", "denom": "4"}, {"symbol": null, "numer": "7", "denom": "4"}, {"symbol": "coeff_1_H_max", "numer": "1", "denom": "2"}, {"symbol": "coeff_0_L_max", "numer": "1", "denom": "1"}, {"symbol": "coeff_2_LH_min", "numer": "-1", "denom": "2"}], "level": 2, "array_name": "DC", "phase": [3, 0]}, {"lower_bound": [{"symbol": "coeff_2_HH_min", "numer": "1", "denom": "4"}, {"symbol": "coeff_2_HL_min", "numer": "1", "denom": "2"}, {"symbol": null, "numer": "-21", "denom": "4"}, {"symbol": "coeff_2_LH_min", "numer": "1", "denom": "2"}, {"symbol": "coeff_1_H_min", "numer": "1", "denom": "2"}, {"symbol": "coeff_0_L_min", "numer": "1", "denom": "1"}], "upper_bound": [{"symbol": "coeff_2_HH_max", "numer": "1", "denom": "4"}, {"symbol": "coeff_2_HL_max", "numer": "1", "denom": "2"}, {"symbol": null, "numer": "7", "denom": "4"}, {"symbol": "coeff_2_LH_max", "numer": "1", "denom": "2"}, {"symbol": "coeff_1_H_max", "numer": "1", "denom": "2"}, {"symbol": "coeff_0_L_max", "numer": "1", "denom": "1"}], "level": 2, "array_name": "DC", "phase": [3, 1]}], "analysis_test_patterns": [{"target": [0, 0], "pattern": {"dx": 0, "dy": 0, "width": 1, "height": 1, "positive": "gA==", "mask": "gA=="}, "pattern_translation_multiple": [1, 1], "target_translation_multiple": [1, 1], "level": 2, "array_name": "Input", "phase": [0, 0]}, {"target": [0, 0], "pattern": {"dx": 0, "dy": 0, "width": 1, "height": 1, "positive": "gA==", "mask": "gA=="}, "pattern_translation_multiple": [2, 1], "target_translation_multiple": [2, 1], "level": 2, "array_name": "DC'", "phase": [0, 0]}, {"target": [1, 0], "pattern": {"dx": 0, "dy": 0, "width": 2, "height": 1, "positive": "QA==", "mask": "wA=="}, "pattern_translation_multiple": [2, 1], "target_translation_multiple": [2, 1], "level": 2, "array_name": "DC'", "phase": [1, 0]}, {"target": [0, 0], "pattern": {"dx": 0, "dy": 0, "width": 2, "height": 1, "positive": "wA==", "mask": "wA=="}, "pattern_translation_multiple": [2, 1], "target_translation_multiple": [2, 1], "level": 2, "array_name": "DC''", "phase": [0, 0]}, {"target": [1, 0], "pattern": {"dx": 0, "dy": 0, "width": 2, "height": 1, "positive": "QA==", "mask": "wA=="}, "pattern_translation_multiple": [2, 1], "target_translation_multiple": [2, 1], "level": 2, "array_name": "DC''", "phase": [1, 0]}, {"target": [0, 0], "pattern": {"dx": 0, "dy": 0, "width": 2, "height": 1, "positive": "wA==", "mask": "wA=="}, "pattern_translation_multiple": [2, 2], "target_translation_multiple": [1, 2], "level": 2, "array_name": "L'", "phase": [0, 0]}, {"target": [0, 1], "pattern": {"dx": 0, "dy": 0, "width": 2, "height": 2, "positive": "MA==", "mask": "8A=="}, "pattern_translation_multiple": [2, 2], "target_translation_multiple": [1, 2], "level": 2, "array_name": "L'", "phase": [0, 1]}, {"target": [0, 0], "pattern": {"dx": 0, "dy": 0, "width": 2, "height": 1, "positive": "QA==", "mask": "wA=="}, "pattern_translation_multiple": [2, 2], "target_translation_multiple": [1, 2], "level": 2, "array_name": "H'", "phase": [0, 0]}, {"target": [0, 1], "pattern": {"dx": 0, "dy": 0, "width": 2, "height": 2, "positive": "kA==", "mask": "8A=="}, "pattern_translation_multiple": [2, 2], "target_translation_multiple": [1, 2], "level": 2, "array_name": "H'", "phase": [0, 1]}, {"target": [0, 0], "pattern": {"dx": 0, "dy": 0, "width": 2, "height": 2, "positive": "8A==", "mask": "8A=="}, "pattern_translation_multiple": [2, 2], "target_translation_multiple": [1, 2], "level": 2, "array_name": "L''", "phase": [0, 0]}, {"target": [0, 1], "pattern": {"dx": 0, "dy": 0, "width": 2, "height": 2, "positive": "MA==", "mask": "8A=="}, "pattern_translation_multiple": [2, 2], "target_translation_multiple": [1, 2], "level": 2, "array_name": "L''", "phase": [0, 1]}, {"target": [0, 0], "pattern": {"dx": 0, "dy": 0, "width": 2, "height": 2, "positive": "UA==", "mask": "8A=="}, "pattern_translation_multiple": [2, 2], "target_translation_multiple": [1, 2], "level": 2, "array_name": "H''", "phase": [0, 0]}, {"target": [0, 1], "pattern": {"dx": 0, "dy": 0, "width": 2, "height": 2, "positive": "kA==", "mask": "8A=="}, "pattern_translation_multiple": [2, 2], "target_translation_multiple": [1, 2], "level": 2, "array_name": "H''", "phase": [0, 1]}, {"target": [0, 0], "pattern": {"dx": 0, "dy": 0, "width": 2, "height": 2, "positive": "8A==", "mask": "8A=="}, "pattern_translation_multiple": [4, 2], "target_translation_multiple": [2, 1], "level": 1, "array_name": "DC'", "phase": [0, 0]}, {"target": [1, 0], "pattern": {"dx": 0, "dy": 0, "width": 4, "height": 2, "positive": "Mw==", "mask": "/w=="}, "pattern_translation_multiple": [4, 2], "target_translation_multiple": [2, 1], "level": 1, "array_name": "DC'", "phase": [1, 0]}, {"target": [0, 0], "pattern": {"dx": 0, "dy": 0, "width": 4, "height": 2, "positive": "/w==", "mask": "/w=="}, "pattern_translation_multiple": [4, 2], "target_translation_multiple": [2, 1], "level": 1, "array_name": "DC''", "phase": [0, 0]}, {"target": [1, 0], "pattern": {"dx": 0, "dy": 0, "width": 4, "height": 2, "positive": "Mw==", "mask": "/w=="}, "pattern_translation_multiple": [4, 2], "target_translation_multiple": [2, 1], "level": 1, "array_name": "DC''", "phase": [1, 0]}], "synthesis_test_patterns": [{"target": [0, 0], "pattern": {"dx": 0, "dy": 0, "width": 4, "height": 2, "positive": "/w==", "mask": "/w=="}, "pattern_translation_multiple": [4, 2], "target_translation_multiple": [1, 1], "level": 1, "array_name": "L", "phase": [0, 0]}, {"target": [0, 0], "pattern": {"dx": 0, "dy": 0, "width": 4, "height": 2, "positive": "Mw==", "mask": "/w=="}, "pattern_translation_multiple": [4, 2], "target_translation_multiple": [1, 1], "level": 1, "array_name": "H", "phase": [0, 0]}, {"target": [0, 0], "pattern": {"dx": 0, "dy": 0, "width": 4, "height": 2, "positive": "/w==", "mask": "/w=="}, "pattern_translation_multiple": [4, 2], "target_translation_multiple": [2, 1], "level": 1, "array_name": "DC'", "phase": [0, 0]}, {"target": [1, 0], "pattern": {"dx": 0, "dy": 0, "width": 4, "height": 2, "positive": "Mw==", "mask": "/w=="}, "pattern_translation_multiple": [4, 2], "target_translation_multiple": [2, 1], "level": 1, "array_name": "DC'", "phase": [1, 0]}, {"target": [0, 0], "pattern": {"dx": 0, "dy": 0, "width": 4, "height": 2, "positive": "/w==", "mask": "/w=="}, "pattern_translation_multiple": [4, 2], "target_translation_multiple": [2, 1], "level": 1, "array_name": "DC", "phase": [0, 0]}, {"target": [1, 0], "pattern": {"dx": 0, "dy": 0, "width": 4, "height": 2, "positive": "/w==", "mask": "/w=="}, "pattern_translation_multiple": [4, 2], "target_translation_multiple": [2, 1], "level": 1, "array_name": "DC", "phase": [1, 0]}, {"target": [0, 0], "pattern": {"dx": 0, "dy": 0, "width": 2, "height": 2, "positive": "MA==", "mask": "8A=="}, "pattern_translation_multiple": [2, 2], "target_translation_multiple": [1, 1], "level": 2, "array_name": "LH", "phase": [0, 0]}, {"target": [0, 0], "pattern": {"dx": 0, "dy": 0, "width": 2, "height": 2, "positive": "UA==", "mask": "8A=="}, "pattern_translation_multiple": [2, 2], "target_translation_multiple": [1, 1], "level": 2, "array_name": "HL", "phase": [0, 0]}, {"target": [0, 0], "pattern": {"dx": 0, "dy": 0, "width": 2, "height": 2, "positive": "kA==", "mask": "8A=="}, "pattern_translation_multiple": [2, 2], "target_translation_multiple": [1, 1], "level": 2, "array_name": "HH", "phase": [0, 0]}, {"target": [0, 0], "pattern": {"dx": 0, "dy": 0, "width": 4, "height": 2, "positive": "/w==", "mask": "/w=="}, "pattern_translation_multiple": [4, 2], "target_translation_multiple": [2, 2], "level": 2, "array_name": "L'", "phase": [0, 0]}, {"target": [0, 1], "pattern": {"dx": 0, "dy": 0, "width": 2, "height": 2, "positive": "MA==", "mask": "8A=="}, "pattern_translation_multiple": [4, 2], "target_translation_multiple": [2, 2], "level": 2, "array_name": "L'", "phase": [0, 1]}, {"target": [1, 0], "pattern": {"dx": 0, "dy": 0, "width": 4, "height": 2, "positive": "/w==", "mask": "/w=="}, "pattern_translation_multiple": [4, 2], "target_translation_multiple": [2, 2], "level": 2, "array_name": "L'", "phase": [1, 0]}, {"target": [1, 1], "pattern": {"dx": 2, "dy": 0, "width": 2, "height": 2, "positive": "MA==", "mask": "8A=="}, "pattern_translation_multiple": [4, 2], "target_translation_multiple": [2, 2], "level": 2, "array_name": "L'", "phase": [1, 1]}, {"target": [0, 0], "pattern": {"dx": 0, "dy": 0, "width": 2, "height": 2, "positive": "UA==", "mask": "8A=="}, "pattern_translation_multiple": [2, 2], "target_translation_multiple": [1, 2], "level": 2, "array_name": "H'", "phase": [0, 0]}, {"target": [0, 1], "pattern": {"dx": 0, "dy": 0, "width": 2, "height": 2, "positive": "kA==", "mask": "8A=="}, "pattern_translation_multiple": [2, 2], "target_translation_multiple": [1, 2], "level": 2, "array_name": "H'", "phase": [0, 1]}, {"target": [0, 0], "pattern": {"dx": 0, "dy": 0, "width": 4, "height": 2, "positive": "/w==", "mask": "/w=="}, "pattern_translation_multiple": [4, 2], "target_translation_multiple": [2, 2], "level": 2, "array_name": "L", "phase": [0, 0]}, {"target": [0, 1], "pattern": {"dx": 0, "dy": 0, "width": 4, "height": 2, "positive": "/w==", "mask": "/w=="}, "pattern_translation_multiple": [4, 2], "target_translation_multiple": [2, 2], "level": 2, "array_name": "L", "phase": [0, 1]}, {"target": [1, 0], "pattern": {"dx": 0, "dy": 0, "width": 4, "height": 2, "positive": "/w==", "mask": "/w=="}, "pattern_translation_multiple": [4, 2], "target_translation_multiple": [2, 2], "level": 2, "array_name": "L", "phase": [1, 0]}, {"target": [1, 1], "pattern": {"dx": 0, "dy": 0, "width": 4, "height": 2, "positive": "/w==", "mask": "/w=="}, "pattern_translation_multiple": [4, 2], "target_translation_multiple": [2, 2], "level": 2, "array_name": "L", "phase": [1, 1]}, {"target": [0, 0], "pattern": {"dx": 0, "dy": 0, "width": 2, "height": 2, "positive": "UA==", "mask": "8A=="}, "pattern_translation_multiple": [2, 2], "target_translation_multiple": [1, 2], "level": 2, "array_name": "H", "phase": [0, 0]}, {"target": [0, 1], "pattern": {"dx": 0, "dy": 0, "width": 2, "height": 2, "positive": "UA==", "mask": "8A=="}, "pattern_translation_multiple": [2, 2], "target_translation_multiple": [1, 2], "level": 2, "array_name": "H", "phase": [0, 1]}, {"target": [0, 0], "pattern": {"dx": 0, "dy": 0, "width": 4, "height": 2, "positive": "/w==", "mask": "/w=="}, "pattern_translation_multiple": [4, 2], "target_translation_multiple": [4, 2], "level": 2, "array_name": "DC'", "phase": [0, 0]}, {"target": [0, 1], "pattern": {"dx": 0, "dy": 0, "width": 4, "height": 2, "positive": "/w==", "mask": "/w=="}, "pattern_translation_multiple": [4, 2], "target_translation_multiple": [4, 2], "level": 2, "array_name": "DC'", "phase": [0, 1]}, {"target": [1, 0], "pattern": {"dx": 0, "dy": 0, "width": 2, "height": 2, "positive": "UA==", "mask": "8A=="}, "pattern_translation_multiple": [4, 2], "target_translation_multiple": [4, 2], "level": 2, "array_name": "DC'", "phase": [1, 0]}, {"target": [1, 1], "pattern": {"dx": 0, "dy": 0, "width": 2, "height": 2, "positive": "UA==", "mask": "8A=="}, "pattern_translation_multiple": [4, 2], "target_translation_multiple": [4, 2], "level": 2, "array_name": "DC'", "phase": [1, 1]}, {"target": [2, 0], "pattern": {"dx": 0, "dy": 0, "width": 4, "height": 2, "positive": "/w==", "mask": "/w=="}, "pattern_translation_multiple": [4, 2], "target_translation_multiple": [4, 2], "level": 2, "array_name": "DC'", "phase": [2, 0]}, {"target": [2, 1], "pattern": {"dx": 0, "dy": 0, "width": 4, "height": 2, "positive": "/w==", "mask": "/w=="}, "pattern_translation_multiple": [4, 2], "target_translation_multiple": [4, 2], "level": 2, "array_name": "DC'", "phase": [2, 1]}, {"target": [3, 0], "pattern": {"dx": 2, "dy": 0, "width": 2, "height": 2, "positive": "UA==", "mask": "8A=="}, "pattern_translation_multiple": [4, 2], "target_translation_multiple": [4, 2], "level": 2, "array_name": "DC'", "phase": [3, 0]}, {"target": [3, 1], "pattern": {"dx": 2, "dy": 0, "width": 2, "height": 2, "positive": "UA==", "mask": "8A=="}, "pattern_translation_multiple": [4, 2], "target_translation_multiple": [4, 2], "level": 2, "array_name": "DC'", "phase": [3, 1]}, {"target": [0, 0], "pattern": {"dx": 0, "dy": 0, "width": 4, "height": 2, "positive": "/w==", "mask": "/w=="}, "pattern_translation_multiple": [4, 2], "target_translation_multiple": [4, 2], "level": 2, "array_name": "DC", "phase": [0, 0]}, {"target": [0, 1], "pattern": {"dx": 0, "dy": 0, "width": 4, "height": 2, "positive": "/w==", "mask": "/w=="}, "pattern_translation_multiple": [4, 2], "target_translation_multiple": [4, 2], "level": 2, "array_name": "DC", "phase": [0, 1]}, {"target": [1, 0], "pattern": {"dx": 0, "dy": 0, "width": 4, "height": 2, "positive": "/w==", "mask": "/w=="}, "pattern_translation_multiple": [4, 2], "target_translation_multiple": [4, 2], "level": 2, "array_name": "DC", "phase": [1, 0]}, {"target": [1, 1], "pattern": {"dx": 0, "dy": 0, "width": 4, "height": 2, "positive": "/w==", "mask": "/w=="}, "pattern_translation_multiple": [4, 2], "target_translation_multiple": [4, 2], "level": 2, "array_name": "DC", "phase": [1, 1]}, {"target": [2, 0], "pattern": {"dx": 0, "dy": 0, "width": 4, "height": 2, "positive": "/w==", "mask": "/w=="}, "pattern_translation_multiple": [4, 2], "target_translation_multiple": [4, 2], "level": 2, "array_name": "DC", "phase": [2, 0]}, {"target": [2, 1], "pattern": {"dx": 0, "dy": 0, "width": 4, "height": 2, "positive": "/w==", "mask": "/w=="}, "pattern_translation_multiple": [4, 2], "target_translation_multiple": [4, 2], "level": 2, "array_name": "DC", "phase": [2, 1]}, {"target": [3, 0], "pattern": {"dx": 0, "dy": 0, "width": 4, "height": 2, "positive": "/w==", "mask": "/w=="}, "pattern_translation_multiple": [4, 2], "target_translation_multiple": [4, 2], "level": 2, "array_name": "DC", "phase": [3, 0]}, {"target": [3, 1], "pattern": {"dx": 0, "dy": 0, "width": 4, "height": 2, "positive": "/w==", "mask": "/w=="}, "pattern_translation_multiple": [4, 2], "target_translation_multiple": [4, 2], "level": 2, "array_name": "DC", "phase": [3, 1]}]}