{"wavelet_index": 1, "wavelet_index_ho": 1, "dwt_depth": 0, "dwt_depth_ho": 3, "analysis_signal_bounds": [{"lower_bound": [{"symbol": "signal_min", "numer": "1", "denom": "1"}], "upper_bound": [{"symbol": "signal_max", "numer": "1", "denom": "1"}], "level": 3, "array_name": "Input", "phase": [0, 0]}, {"lower_bound": [{"symbol": "signal_min", "numer": "2", "denom": "1"}], "upper_bound": [{"symbol": "signal_max", "numer": "2", "denom": "1"}], "level": 3, "array_name": "DC", "phase": [0, 0]}, {"lower_bound": [{"symbol": "signal_min", "numer": "2", "denom": "1"}], "upper_bound": [{"symbol": "signal_max", "numer": "2", "denom": "1"}], "level": 3, "array_name": "DC'", "phase": [0, 0]}, {"lower_bound": [{"symbol": "signal_min", "numer": "2", "denom": "1"}, {"symbol": "signal_max", "numer": "-2", "denom": "1"}, {"symbol": null, "numer": "-1", "denom": "2"}], "upper_bound": [{"symbol": "signal_max", "numer": "2", "denom": "1"}, {"symbol": "signal_min", "numer": "-2", "denom": "1"}, {"symbol": null, "numer": "1", "denom": "2"}], "level": 3, "array_name": "DC'", "phase": [1, 0]}, {"lower_bound": [{"symbol": "signal_min", "numer": "5", "denom": "2"}, {"symbol": "signal_max", "numer": "-1", "denom": "2"}, {"symbol": null, "numer": "-3", "denom": "4"}], "upper_bound": [{"symbol": "signal_max", "numer": "5", "denom": "2"}, {"symbol": "signal_min", "numer": "-1", "denom": "2"}, {"symbol": null, "numer": "3", "denom": "4"}], "level": 3, "array_name": "DC''", "phase": [0, 0]}, {"lower_bound": [{"symbol": "signal_min", "numer": "2", "denom": "1"}, {"symbol": "signal_max", "numer": "-2", "denom": "1"}, {"symbol": null, "numer": "-1", "denom": "2"}], "upper_bound": [{"symbol": "signal_max", "numer": "2", "denom": "1"}, {"symbol": "signal_min", "numer": "-2", "denom": "1"}, {"symbol": null, "numer": "1", "denom": "2"}], "level": 3, "array_name": "DC''", "phase": [1, 0]}, {"lower_bound": [{"symbol": "signal_min", "numer": "5", "denom": "1"}, {"symbol": "signal_max", "numer": "-1", "denom": "1"}, {"symbol": null, "numer": "-3", "denom": "2"}], "upper_bound": [{"symbol": "signal_max", "numer": "5", "denom": "1"}, {"symbol": "signal_min", "numer": "-1", "denom": "1"}, {"symbol": null, "numer": "3", "denom": "2"}], "level": 2, "array_name": "DC", "phase": [0, 0]}, {"lower_bound": [{"symbol": "signal_min", "numer": "5", "denom": "1"}, {"symbol": "signal_max", "numer": "-1", "denom": "1"}, {"symbol": null, "numer": "-3", "denom": "2"}], "upper_bound": [{"symbol": "signal_max", "numer": "5", "denom": "1"}, {"symbol": "signal_min", "numer": "-1", "denom": "1"}, {"symbol": null, "numer": "3", "denom": "2"}], "level": 2, "array_name": "DC'", "phase": [0, 0]}, {"lower_bound": [{"symbol": "signal_min", "numer": "5", "denom": "1"}, {"symbol": "signal_max", "numer": "-5", "denom": "1"}, {"symbol": null, "numer": "-3", "denom": "1"}], "upper_bound": [{"symbol": "signal_max", "numer": "5", "denom": "1"}, {"symbol": "signal_min", "numer": "-5", "denom": "1"}, {"symbol": null, "numer": "3", "denom": "1"}], "level": 2, "array_name": "DC'", "phase": [1, 0]}, {"lower_bound": [{"symbol": "signal_min", "numer": "21", "denom": "4"}, {"symbol": null, "numer": "-23", "denom": "8"}, {"symbol": "signal_max", "numer": "-5", "denom": "4"}], "upper_bound": [{"symbol": "signal_max", "numer": "21", "denom": "4"}, {"symbol": null, "numer": "23", "denom": "8"}, {"symbol": "signal_min", "numer": "-5", "denom": "4"}], "level": 2, "array_name": "DC''", "phase": [0, 0]}, {"lower_bound": [{"symbol": "signal_min", "numer": "5", "denom": "1"}, {"symbol": "signal_max", "numer": "-5", "denom": "1"}, {"symbol": null, "numer": "-3", "denom": "1"}], "upper_bound": [{"symbol": "signal_max", "numer": "5", "denom": "1"}, {"symbol": "signal_min", "numer": "-5", "denom": "1"}, {"symbol": null, "numer": "3", "denom": "1"}], "level": 2, "array_name": "DC''", "phase": [1, 0]}, {"lower_bound": [{"symbol": "signal_min", "numer": "21", "denom": "2"}, {"symbol": null, "numer": "-23", "denom": "4"}, {"symbol": "signal_max", "numer": "-5", "denom": "2"}], "upper_bound": [{"symbol": "signal_max", "numer": "21", "denom": "2"}, {"symbol": null, "numer": "23", "denom": "4"}, {"symbol": "signal_min", "numer": "-5", "denom": "2"}], "level": 1, "array_name": "DC", "phase": [0, 0]}, {"lower_bound": [{"symbol": "signal_min", "numer": "21", "denom": "2"}, {"symbol": null, "numer": "-23", "denom": "4"}, {"symbol": "signal_max", "numer": "-5", "denom": "2"}], "upper_bound": [{"symbol": "signal_max", "numer": "21", "denom": "2"}, {"symbol": null, "numer": "23", "denom": "4"}, {"symbol": "signal_min", "numer": "-5", "denom": "2"}], "level": 1, "array_name": "DC'", "phase": [0, 0]}, {"lower_bound": [{"symbol": "signal_min", "numer": "11", "denom": "1"}, {"symbol": null, "numer": "-81", "denom": "8"}, {"symbol": "signal_max", "numer": "-11", "denom": "1"}], "upper_bound": [{"symbol": "signal_max", "numer": "11", "denom": "1"}, {"symbol": null, "numer": "81", "denom": "8"}, {"symbol": "signal_min", "numer": "-11", "denom": "1"}], "level": 1, "array_name": "DC'", "phase": [1, 0]}, {"lower_bound": [{"symbol": "signal_min", "numer": "43", "denom": "4"}, {"symbol": null, "numer": "-245", "denom": "32"}, {"symbol": "signal_max", "numer": "-11", "denom": "4"}], "upper_bound": [{"symbol": "signal_max", "numer": "43", "denom": "4"}, {"symbol": null, "numer": "245", "denom": "32"}, {"symbol": "signal_min", "numer": "-11", "denom": "4"}], "level": 1, "array_name": "DC''", "phase": [0, 0]}, {"lower_bound": [{"symbol": "signal_min", "numer": "11", "denom": "1"}, {"symbol": null, "numer": "-81", "denom": "8"}, {"symbol": "signal_max", "numer": "-11", "denom": "1"}], "upper_bound": [{"symbol": "signal_max", "numer": "11", "denom": "1"}, {"symbol": null, "numer": "81", "denom": "8"}, {"symbol": "signal_min", "numer": "-11", "denom": "1"}], "level": 1, "array_name": "DC''", "phase": [1, 0]}], "synthesis_signal_bounds": [{"lower_bound": [{"symbol": "coeff_0_L_min", "numer": "1", "denom": "1"}], "upper_bound": [{"symbol": "coeff_0_L_max", "numer": "1", "denom": "1"}], "level": 1, "array_name": "L", "phase": [0, 0]}, {"lower_bound": [{"symbol": "coeff_1_H_min", "numer": "1", "denom": "1"}], "upper_bound": [{"symbol": "coeff_1_H_max", "numer": "1", "denom": "1"}], "level": 1, "array_name": "H", "phase": [0, 0]}, {"lower_bound": [{"symbol": "coeff_0_L_min", "numer": "1", "denom": "1"}, {"symbol": "coeff_1_H_max", "numer": "-1", "denom": "2"}, {"symbol": null, "numer": "-1", "denom": "2"}], "upper_bound": [{"symbol": "coeff_0_L_max", "numer": "1", "denom": "1"}, {"symbol": "coeff_1_H_min", "numer": "-1", "denom": "2"}, {"symbol": null, "numer": "1", "denom": "2"}], "level": 1, "array_name": "DC'", "phase": [0, 0]}, {"lower_bound": [{"symbol": "coeff_1_H_min", "numer": "1", "denom": "1"}], "upper_bound": [{"symbol": "coeff_1_H_max", "numer": "1", "denom": "1"}], "level": 1, "array_name": "DC'", "phase": [1, 0]}, {"lower_bound": [{"symbol": "coeff_0_L_min", "numer": "1", "denom": "1"}, {"symbol": "coeff_1_H_max", "numer": "-1", "denom": "2"}, {"symbol": null, "numer": "-1", "denom": "2"}], "upper_bound": [{"symbol": "coeff_0_L_max", "numer": "1", "denom": "1"}, {"symbol": "coeff_1_H_min", "numer": "-1", "denom": "2"}, {"symbol": null, "numer": "1", "denom": "2"}], "level": 1, "array_name": "DC", "phase": [0, 0]}, {"lower_bound": [{"symbol": "coeff_1_H_min", "numer": "3", "denom": "4"}, {"symbol": "coeff_0_L_min", "numer": "1", "denom": "1"}, {"symbol": "coeff_1_H_max", "numer": "-1", "denom": "4"}, {"symbol": null, "numer": "-1", "denom": "1"}], "upper_bound": [{"symbol": "coeff_1_H_max", "numer": "3", "denom": "4"}, {"symbol": "coeff_0_L_max", "numer": "1", "denom": "1"}, {"symbol": "coeff_1_H_min", "numer": "-1", "denom": "4"}, {"symbol": null, "numer": "1", "denom": "1"}], "level": 1, "array_name": "DC", "phase": [1, 0]}, {"lower_bound": [{"symbol": "coeff_0_L_min", "numer": "1", "denom": "2"}, {"symbol": "coeff_1_H_max", "numer": "-1", "denom": "4"}, {"symbol": null, "numer": "-3", "denom": "4"}], "upper_bound": [{"symbol": "coeff_0_L_max", "numer": "1", "denom": "2"}, {"symbol": "coeff_1_H_min", "numer": "-1", "denom": "4"}, {"symbol": null, "numer": "3", "denom": "4"}], "level": 1, "array_name": "Output", "phase": [0, 0]}, {"lower_bound": [{"symbol": "coeff_1_H_min", "numer": "3", "denom": "8"}, {"symbol": "coeff_0_L_min", "numer": "1", "denom": "2"}, {"symbol": "coeff_1_H_max", "numer": "-1", "denom": "8"}, {"symbol": null, "numer": "-1", "denom": "1"}], "upper_bound": [{"symbol": "coeff_1_H_max", "numer": "3", "denom": "8"}, {"symbol": "coeff_0_L_max", "numer": "1", "denom": "2"}, {"symbol": "coeff_1_H_min", "numer": "-1", "denom": "8"}, {"symbol": null, "numer": "1", "denom": "1"}], "level": 1, "array_name": "Output", "phase": [1, 0]}, {"lower_bound": [{"symbol": "coeff_0_L_min", "numer": "1", "denom": "2"}, {"symbol": "coeff_1_H_max", "numer": "-1", "denom": "4"}, {"symbol": null, "numer": "-3", "denom": "4"}], "upper_bound": [{"symbol": "coeff_0_L_max", "numer": "1", "denom": "2"}, {"symbol": "coeff_1_H_min", "numer": "-1", "denom": "4"}, {"symbol": null, "numer": "3", "denom": "4"}], "level": 2, "array_name": "L", "phase": [0, 0]}, {"lower_bound": [{"symbol": "coeff_1_H_min", "numer": "3", "denom": "8"}, {"symbol": "coeff_0_L_min", "numer": "1", "denom": "2"}, {"symbol": "coeff_1_H_max", "numer": "-1", "denom": "8"}, {"symbol": null, "numer": "-1", "denom": "1"}], "upper_bound": [{"symbol": "coeff_1_H_max", "numer": "3", "denom": "8"}, {"symbol": "coeff_0_L_max", "numer": "1", "denom": "2"}, {"symbol": "coeff_1_H_min", "numer": "-1", "denom": "8"}, {"symbol": null, "numer": "1", "denom": "1"}], "level": 2, "array_name": "L", "phase": [1, 0]}, {"lower_bound": [{"symbol": "coeff_2_H_min", "numer": "1", "denom": "1"}], "upper_bound": [{"symbol": "coeff_2_H_max", "numer": "1", "denom": "1"}], "level": 2, "array_name": "H", "phase": [0, 0]}, {"lower_bound": [{"symbol": "coeff_0_L_min", "numer": "1", "denom": "2"}, {"symbol": "coeff_1_H_max", "numer": "-1", "denom": "4"}, {"symbol": null, "numer": "-5", "denom": "4"}, {"symbol": "coeff_2_H_max", "numer": "-1", "denom": "2"}], "upper_bound": [{"symbol": "coeff_0_L_max", "numer": "1", "denom": "2"}, {"symbol": "coeff_1_H_min", "numer": "-1", "denom": "4"}, {"symbol": null, "numer": "5", "denom": "4"}, {"symbol": "coeff_2_H_min", "numer": "-1", "denom": "2"}], "level": 2, "array_name": "DC'", "phase": [0, 0]}, {"lower_bound": [{"symbol": "coeff_2_H_min", "numer": "1", "denom": "1"}], "upper_bound": [{"symbol": "coeff_2_H_max", "numer": "1", "denom": "1"}], "level": 2, "array_name": "DC'", "phase": [1, 0]}, {"lower_bound": [{"symbol": "coeff_1_H_min", "numer": "3", "denom": "8"}, {"symbol": "coeff_0_L_min", "numer": "1", "denom": "2"}, {"symbol": "coeff_1_H_max", "numer": "-1", "denom": "8"}, {"symbol": null, "numer": "-3", "denom": "2"}, {"symbol": "coeff_2_H_max", "numer": "-1", "denom": "2"}], "upper_bound": [{"symbol": "coeff_1_H_max", "numer": "3", "denom": "8"}, {"symbol": "coeff_0_L_max", "numer": "1", "denom": "2"}, {"symbol": "coeff_1_H_min", "numer": "-1", "denom": "8"}, {"symbol": null, "numer": "3", "denom": "2"}, {"symbol": "coeff_2_H_min", "numer": "-1", "denom": "2"}], "level": 2, "array_name": "DC'", "phase": [2, 0]}, {"lower_bound": [{"symbol": "coeff_2_H_min", "numer": "1", "denom": "1"}], "upper_bound": [{"symbol": "coeff_2_H_max", "numer": "1", "denom": "1"}], "level": 2, "array_name": "DC'", "phase": [3, 0]}, {"lower_bound": [{"symbol": "coeff_0_L_min", "numer": "1", "denom": "2"}, {"symbol": "coeff_1_H_max", "numer": "-1", "denom": "4"}, {"symbol": null, "numer": "-5", "denom": "4"}, {"symbol": "coeff_2_H_max", "numer": "-1", "denom": "2"}], "upper_bound": [{"symbol": "coeff_0_L_max", "numer": "1", "denom": "2"}, {"symbol": "coeff_1_H_min", "numer": "-1", "denom": "4"}, {"symbol": null, "numer": "5", "denom": "4"}, {"symbol": "coeff_2_H_min", "numer": "-1", "denom": "2"}], "level": 2, "array_name": "DC", "phase": [0, 0]}, {"lower_bound": [{"symbol": "coeff_2_H_min", "numer": "3", "denom": "4"}, {"symbol": "coeff_0_L_min", "numer": "1", "denom": "2"}, {"symbol": "coeff_1_H_max", "numer": "-1", "denom": "8"}, {"symbol": "coeff_1_H_min", "numer": "1", "denom": "8"}, {"symbol": null, "numer": "-15", "denom": "8"}, {"symbol": "coeff_2_H_max", "numer": "-1", "denom": "4"}], "upper_bound": [{"symbol": "coeff_2_H_max", "numer": "3", "denom": "4"}, {"symbol": "coeff_0_L_max", "numer": "1", "denom": "2"}, {"symbol": "coeff_1_H_min", "numer": "-1", "denom": "8"}, {"symbol": "coeff_1_H_max", "numer": "1", "denom": "8"}, {"symbol": null, "numer": "15", "denom": "8"}, {"symbol": "coeff_2_H_min", "numer": "-1", "denom": "4"}], "level": 2, "array_name": "DC", "phase": [1, 0]}, {"lower_bound": [{"symbol": "coeff_1_H_min", "numer": "3", "denom": "8"}, {"symbol": "coeff_0_L_min", "numer": "1", "denom": "2"}, {"symbol": "coeff_1_H_max", "numer": "-1", "denom": "8"}, {"symbol": null, "numer": "-3", "denom": "2"}, {"symbol": "coeff_2_H_max", "numer": "-1", "denom": "2"}], "upper_bound": [{"symbol": "coeff_1_H_max", "numer": "3", "denom": "8"}, {"symbol": "coeff_0_L_max", "numer": "1", "denom": "2"}, {"symbol": "coeff_1_H_min", "numer": "-1", "denom": "8"}, {"symbol": null, "numer": "3", "denom": "2"}, {"symbol": "coeff_2_H_min", "numer": "-1", "denom": "2"}], "level": 2, "array_name": "DC", "phase": [2, 0]}, {"lower_bound": [{"symbol": "coeff_2_H_min", "numer": "3", "denom": "4"}, {"symbol": "coeff_1_H_min", "numer": "1", "denom": "8"}, {"symbol": "coeff_0_L_min", "numer": "1", "denom": "2"}, {"symbol": "coeff_1_H_max", "numer": "-1", "denom": "8"}, {"symbol": null, "numer": "-15", "denom": "8"}, {"symbol": "coeff_2_H_max", "numer": "-1", "denom": "4"}], "upper_bound": [{"symbol": "coeff_2_H_max", "numer": "3", "denom": "4"}, {"symbol": "coeff_1_H_max", "numer": "1", "denom": "8"}, {"symbol": "coeff_0_L_max", "numer": "1", "denom": "2"}, {"symbol": "coeff_1_H_min", "numer": "-1", "denom": "8"}, {"symbol": null, "numer": "15", "denom": "8"}, {"symbol": "coeff_2_H_min", "numer": "-1", "denom": "4"}], "level": 2, "array_name": "DC", "phase": [3, 0]}, {"lower_bound": [{"symbol": "coeff_0_L_min", "numer": "1", "denom": "4"}, {"symbol": "coeff_1_H_max", "numer": "-1", "denom": "8"}, {"symbol": null, "numer": "-9", "denom": "8"}, {"symbol": "coeff_2_H_max", "numer": "-1", "denom": "4"}], "upper_bound": [{"symbol": "coeff_0_L_max", "numer": "1", "denom": "4"}, {"symbol": "coeff_1_H_min", "numer": "-1", "denom": "8"}, {"symbol": null, "numer": "9", "denom": "8"}, {"symbol": "coeff_2_H_min", "numer": "-1", "denom": "4"}], "level": 2, "array_name": "Output", "phase": [0, 0]}, {"lower_bound": [{"symbol": "coeff_2_H_min", "numer": "3", "denom": "8"}, {"symbol": "coeff_0_L_min", "numer": "1", "denom": "4"}, {"symbol": "coeff_1_H_max", "numer": "-1", "denom": "16"}, {"symbol": "coeff_1_H_min", "numer": "1", "denom": "16"}, {"symbol": null, "numer": "-23", "denom": "16"}, {"symbol": "coeff_2_H_max", "numer": "-1", "denom": "8"}], "upper_bound": [{"symbol": "coeff_2_H_max", "numer": "3", "denom": "8"}, {"symbol": "coeff_0_L_max", "numer": "1", "denom": "4"}, {"symbol": "coeff_1_H_min", "numer": "-1", "denom": "16"}, {"symbol": "coeff_1_H_max", "numer": "1", "denom": "16"}, {"symbol": null, "numer": "23", "denom": "16"}, {"symbol": "coeff_2_H_min", "numer": "-1", "denom": "8"}], "level": 2, "array_name": "Output", "phase": [1, 0]}, {"lower_bound": [{"symbol": "coeff_1_H_min", "numer": "3", "denom": "16"}, {"symbol": "coeff_0_L_min", "numer": "1", "denom": "4"}, {"symbol": "coeff_1_H_max", "numer": "-1", "denom": "16"}, {"symbol": null, "numer": "-5", "denom": "4"}, {"symbol": "coeff_2_H_max", "numer": "-1", "denom": "4"}], "upper_bound": [{"symbol": "coeff_1_H_max", "numer": "3", "denom": "16"}, {"symbol": "coeff_0_L_max", "numer": "1", "denom": "4"}, {"symbol": "coeff_1_H_min", "numer": "-1", "denom": "16"}, {"symbol": null, "numer": "5", "denom": "4"}, {"symbol": "coeff_2_H_min", "numer": "-1", "denom": "4"}], "level": 2, "array_name": "Output", "phase": [2, 0]}, {"lower_bound": [{"symbol": "coeff_2_H_min", "numer": "3", "denom": "8"}, {"symbol": "coeff_1_H_min", "numer": "1", "denom": "16"}, {"symbol": "coeff_0_L_min", "numer": "1", "denom": "4"}, {"symbol": "coeff_1_H_max", "numer": "-1", "denom": "16"}, {"symbol": null, "numer": "-23", "denom": "16"}, {"symbol": "coeff_2_H_max", "numer": "-1", "denom": "8"}], "upper_bound": [{"symbol": "coeff_2_H_max", "numer": "3", "denom": "8"}, {"symbol": "coeff_1_H_max", "numer": "1", "denom": "16"}, {"symbol": "coeff_0_L_max", "numer": "1", "denom": "4"}, {"symbol": "coeff_1_H_min", "numer": "-1", "denom": "16"}, {"symbol": null, "numer": "23", "denom": "16"}, {"symbol": "coeff_2_H_min", "numer": "-1", "denom": "8"}], "level": 2, "array_name": "Output", "phase": [3, 0]}, {"lower_bound": [{"symbol": "coeff_0_L_min", "numer": "1", "denom": "4"}, {"symbol": "coeff_1_H_max", "numer": "-1", "denom": "8"}, {"symbol": null, "numer": "-9", "denom": "8"}, {"symbol": "coeff_2_H_max", "numer": "-1", "denom": "4"}], "upper_bound": [{"symbol": "coeff_0_L_max", "numer": "1", "denom": "4"}, {"symbol": "coeff_1_H_min", "numer": "-1", "denom": "8"}, {"symbol": null, "numer": "9", "denom": "8"}, {"symbol": "coeff_2_H_min", "numer": "-1", "denom": "4"}], "level": 3, "array_name": "L", "phase": [0, 0]}, {"lower_bound": [{"symbol": "coeff_2_H_min", "numer": "3", "denom": "8"}, {"symbol": "coeff_0_L_min", "numer": "1", "denom": "4"}, {"symbol": "coeff_1_H_max", "numer": "-1", "denom": "16"}, {"symbol": "coeff_1_H_min", "numer": "1", "denom": "16"}, {"symbol": null, "numer": "-23", "denom": "16"}, {"symbol": "coeff_2_H_max", "numer": "-1", "denom": "8"}], "upper_bound": [{"symbol": "coeff_2_H_max", "numer": "3", "denom": "8"}, {"symbol": "coeff_0_L_max", "numer": "1", "denom": "4"}, {"symbol": "coeff_1_H_min", "numer": "-1", "denom": "16"}, {"symbol": "coeff_1_H_max", "numer": "1", "denom": "16"}, {"symbol": null, "numer": "23", "denom": "16"}, {"symbol": "coeff_2_H_min", "numer": "-1", "denom": "8"}], "level": 3, "array_name": "L", "phase": [1, 0]}, {"lower_bound": [{"symbol": "coeff_1_H_min", "numer": "3", "denom": "16"}, {"symbol": "coeff_0_L_min", "numer": "1", "denom": "4"}, {"symbol": "coeff_1_H_max", "numer": "-1", "denom": "16"}, {"symbol": null, "numer": "-5", "denom": "4"}, {"symbol": "coeff_2_H_max", "numer": "-1", "denom": "4"}], "upper_bound": [{"symbol": "coeff_1_H_max", "numer": "3", "denom": "16"}, {"symbol": "coeff_0_L_max", "numer": "1", "denom": "4"}, {"symbol": "coeff_1_H_min", "numer": "-1", "denom": "16"}, {"symbol": null, "numer": "5", "denom": "4"}, {"symbol": "coeff_2_H_min", "numer": "-1", "denom": "4"}], "level": 3, "array_name": "L", "phase": [2, 0]}, {"lower_bound": [{"symbol": "coeff_2_H_min", "numer": "3", "denom": "8"}, {"symbol": "coeff_1_H_min", "numer": "1", "denom": "16"}, {"symbol": "coeff_0_L_min", "numer": "1", "denom": "4"}, {"symbol": "coeff_1_H_max", "numer": "-1", "denom": "16"}, {"symbol": null, "numer": "-23", "denom": "16"}, {"symbol": "coeff_2_H_max", "numer": "-1", "denom": "8"}], "upper_bound": [{"symbol": "coeff_2_H_max", "numer": "3", "denom": "8"}, {"symbol": "coeff_1_H_max", "numer": "1", "denom": "16"}, {"symbol": "coeff_0_L_max", "numer": "1", "denom": "4"}, {"symbol": "coeff_1_H_min", "numer": "-1", "denom": "16"}, {"symbol": null, "numer": "23", "denom": "16"}, {"symbol": "coeff_2_H_min", "numer": "-1", "denom": "8"}], "level": 3, "array_name": "L", "phase": [3, 0]}, {"lower_bound": [{"symbol": "coeff_3_H_min", "numer": "1", "denom": "1"}], "upper_bound": [{"symbol": "coeff_3_H_max", "numer": "1", "denom": "1"}], "level": 3, "array_name": "H", "phase": [0, 0]}, {"lower_bound": [{"symbol": "coeff_0_L_min", "numer": "1", "denom": "4"}, {"symbol": "coeff_1_H_max", "numer": "-1", "denom": "8"}, {"symbol": null, "numer": "-13", "denom": "8"}, {"symbol": "coeff_2_H_max", "numer": "-1", "denom": "4"}, {"symbol": "coeff_3_H_max", "numer": "-1", "denom": "2"}], "upper_bound": [{"symbol": "coeff_0_L_max", "numer": "1", "denom": "4"}, {"symbol": "coeff_1_H_min", "numer": "-1", "denom": "8"}, {"symbol": null, "numer": "13", "denom": "8"}, {"symbol": "coeff_2_H_min", "numer": "-1", "denom": "4"}, {"symbol": "coeff_3_H_min", "numer": "-1", "denom": "2"}], "level": 3, "array_name": "DC'", "phase": [0, 0]}, {"lower_bound": [{"symbol": "coeff_3_H_min", "numer": "1", "denom": "1"}], "upper_bound": [{"symbol": "coeff_3_H_max", "numer": "1", "denom": "1"}], "level": 3, "array_name": "DC'", "phase": [1, 0]}, {"lower_bound": [{"symbol": "coeff_2_H_min", "numer": "3", "denom": "8"}, {"symbol": "coeff_0_L_min", "numer": "1", "denom": "4"}, {"symbol": "coeff_1_H_max", "numer": "-1", "denom": "16"}, {"symbol": "coeff_1_H_min", "numer": "1", "denom": "16"}, {"symbol": null, "numer": "-31", "denom": "16"}, {"symbol": "coeff_2_H_max", "numer": "-1", "denom": "8"}, {"symbol": "coeff_3_H_max", "numer": "-1", "denom": "2"}], "upper_bound": [{"symbol": "coeff_2_H_max", "numer": "3", "denom": "8"}, {"symbol": "coeff_0_L_max", "numer": "1", "denom": "4"}, {"symbol": "coeff_1_H_min", "numer": "-1", "denom": "16"}, {"symbol": "coeff_1_H_max", "numer": "1", "denom": "16"}, {"symbol": null, "numer": "31", "denom": "16"}, {"symbol": "coeff_2_H_min", "numer": "-1", "denom": "8"}, {"symbol": "coeff_3_H_min", "numer": "-1", "denom": "2"}], "level": 3, "array_name": "DC'", "phase": [2, 0]}, {"lower_bound": [{"symbol": "coeff_3_H_min", "numer": "1", "denom": "1"}], "upper_bound": [{"symbol": "coeff_3_H_max", "numer": "1", "denom": "1"}], "level": 3, "array_name": "DC'", "phase": [3, 0]}, {"lower_bound": [{"symbol": "coeff_1_H_min", "numer": "3", "denom": "16"}, {"symbol": "coeff_0_L_min", "numer": "1", "denom": "4"}, {"symbol": "coeff_1_H_max", "numer": "-1", "denom": "16"}, {"symbol": null, "numer": "-7", "denom": "4"}, {"symbol": "coeff_2_H_max", "numer": "-1", "denom": "4"}, {"symbol": "coeff_3_H_max", "numer": "-1", "denom": "2"}], "upper_bound": [{"symbol": "coeff_1_H_max", "numer": "3", "denom": "16"}, {"symbol": "coeff_0_L_max", "numer": "1", "denom": "4"}, {"symbol": "coeff_1_H_min", "numer": "-1", "denom": "16"}, {"symbol": null, "numer": "7", "denom": "4"}, {"symbol": "coeff_2_H_min", "numer": "-1", "denom": "4"}, {"symbol": "coeff_3_H_min", "numer": "-1", "denom": "2"}], "level": 3, "array_name": "DC'", "phase": [4, 0]}, {"lower_bound": [{"symbol": "coeff_3_H_min", "numer": "1", "denom": "1"}], "upper_bound": [{"symbol": "coeff_3_H_max", "numer": "1", "denom": "1"}], "level": 3, "array_name": "DC'", "phase": [5, 0]}, {"lower_bound": [{"symbol": "coeff_2_H_min", "numer": "3", "denom": "8"}, {"symbol": "coeff_1_H_min", "numer": "1", "denom": "16"}, {"symbol": "coeff_0_L_min", "numer": "1", "denom": "4"}, {"symbol": "coeff_1_H_max", "numer": "-1", "denom": "16"}, {"symbol": null, "numer": "-31", "denom": "16"}, {"symbol": "coeff_2_H_max", "numer": "-1", "denom": "8"}, {"symbol": "coeff_3_H_max", "numer": "-1", "denom": "2"}], "upper_bound": [{"symbol": "coeff_2_H_max", "numer": "3", "denom": "8"}, {"symbol": "coeff_1_H_max", "numer": "1", "denom": "16"}, {"symbol": "coeff_0_L_max", "numer": "1", "denom": "4"}, {"symbol": "coeff_1_H_min", "numer": "-1", "denom": "16"}, {"symbol": null, "numer": "31", "denom": "16"}, {"symbol": "coeff_2_H_min", "numer": "-1", "denom": "8"}, {"symbol": "coeff_3_H_min", "numer": "-1", "denom": "2"}], "level": 3, "array_name": "DC'", "phase": [6, 0]}, {"lower_bound": [{"symbol": "coeff_3_H_min", "numer": "1", "denom": "1"}], "upper_bound": [{"symbol": "coeff_3_H_max", "numer": "1", "denom": "1"}], "level": 3, "array_name": "DC'", "phase": [7, 0]}, {"lower_bound": [{"symbol": "coeff_0_L_min", "numer": "1", "denom": "4"}, {"symbol": "coeff_1_H_max", "numer": "-1", "denom": "8"}, {"symbol": null, "numer": "-13", "denom": "8"}, {"symbol": "coeff_2_H_max", "numer": "-1", "denom": "4"}, {"symbol": "coeff_3_H_max", "numer": "-1", "denom": "2"}], "upper_bound": [{"symbol": "coeff_0_L_max", "numer": "1", "denom": "4"}, {"symbol": "coeff_1_H_min", "numer": "-1", "denom": "8"}, {"symbol": null, "numer": "13", "denom": "8"}, {"symbol": "coeff_2_H_min", "numer": "-1", "denom": "4"}, {"symbol": "coeff_3_H_min", "numer": "-1", "denom": "2"}], "level": 3, "array_name": "DC", "phase": [0, 0]}, {"lower_bound": [{"symbol": "coeff_3_H_min", "numer": "3", "denom": "4"}, {"symbol": "coeff_0_L_min", "numer": "1", "denom": "4"}, {"symbol": "coeff_1_H_max", "numer": "-1", "denom": "16"}, {"symbol": null, "numer": "-73", "denom": "32"}, {"symbol": "coeff_2_H_max", "numer": "-1", "denom": "8"}, {"symbol": "coeff_2_H_min", "numer": "1", "denom": "8"}, {"symbol": "coeff_3_H_max", "numer": "-1", "denom": "4"}], "upper_bound": [{"symbol": "coeff_3_H_max", "numer": "3", "denom": "4"}, {"symbol": "coeff_0_L_max", "numer": "1", "denom": "4"}, {"symbol": "coeff_1_H_min", "numer": "-1", "denom": "16"}, {"symbol": null, "numer": "73", "denom": "32"}, {"symbol": "coeff_2_H_min", "numer": "-1", "denom": "8"}, {"symbol": "coeff_2_H_max", "numer": "1", "denom": "8"}, {"symbol": "coeff_3_H_min", "numer": "-1", "denom": "4"}], "level": 3, "array_name": "DC", "phase": [1, 0]}, {"lower_bound": [{"symbol": "coeff_2_H_min", "numer": "3", "denom": "8"}, {"symbol": "coeff_0_L_min", "numer": "1", "denom": "4"}, {"symbol": "coeff_1_H_max", "numer": "-1", "denom": "16"}, {"symbol": "coeff_1_H_min", "numer": "1", "denom": "16"}, {"symbol": null, "numer": "-31", "denom": "16"}, {"symbol": "coeff_2_H_max", "numer": "-1", "denom": "8"}, {"symbol": "coeff_3_H_max", "numer": "-1", "denom": "2"}], "upper_bound": [{"symbol": "coeff_2_H_max", "numer": "3", "denom": "8"}, {"symbol": "coeff_0_L_max", "numer": "1", "denom": "4"}, {"symbol": "coeff_1_H_min", "numer": "-1", "denom": "16"}, {"symbol": "coeff_1_H_max", "numer": "1", "denom": "16"}, {"symbol": null, "numer": "31", "denom": "16"}, {"symbol": "coeff_2_H_min", "numer": "-1", "denom": "8"}, {"symbol": "coeff_3_H_min", "numer": "-1", "denom": "2"}], "level": 3, "array_name": "DC", "phase": [2, 0]}, {"lower_bound": [{"symbol": "coeff_3_H_min", "numer": "3", "denom": "4"}, {"symbol": "coeff_2_H_min", "numer": "1", "denom": "8"}, {"symbol": "coeff_0_L_min", "numer": "1", "denom": "4"}, {"symbol": "coeff_1_H_max", "numer": "-1", "denom": "16"}, {"symbol": "coeff_1_H_min", "numer": "1", "denom": "8"}, {"symbol": null, "numer": "-75", "denom": "32"}, {"symbol": "coeff_2_H_max", "numer": "-1", "denom": "8"}, {"symbol": "coeff_3_H_max", "numer": "-1", "denom": "4"}], "upper_bound": [{"symbol": "coeff_3_H_max", "numer": "3", "denom": "4"}, {"symbol": "coeff_2_H_max", "numer": "1", "denom": "8"}, {"symbol": "coeff_0_L_max", "numer": "1", "denom": "4"}, {"symbol": "coeff_1_H_min", "numer": "-1", "denom": "16"}, {"symbol": "coeff_1_H_max", "numer": "1", "denom": "8"}, {"symbol": null, "numer": "75", "denom": "32"}, {"symbol": "coeff_2_H_min", "numer": "-1", "denom": "8"}, {"symbol": "coeff_3_H_min", "numer": "-1", "denom": "4"}], "level": 3, "array_name": "DC", "phase": [3, 0]}, {"lower_bound": [{"symbol": "coeff_1_H_min", "numer": "3", "denom": "16"}, {"symbol": "coeff_0_L_min", "numer": "1", "denom": "4"}, {"symbol": "coeff_1_H_max", "numer": "-1", "denom": "16"}, {"symbol": null, "numer": "-7", "denom": "4"}, {"symbol": "coeff_2_H_max", "numer": "-1", "denom": "4"}, {"symbol": "coeff_3_H_max", "numer": "-1", "denom": "2"}], "upper_bound": [{"symbol": "coeff_1_H_max", "numer": "3", "denom": "16"}, {"symbol": "coeff_0_L_max", "numer": "1", "denom": "4"}, {"symbol": "coeff_1_H_min", "numer": "-1", "denom": "16"}, {"symbol": null, "numer": "7", "denom": "4"}, {"symbol": "coeff_2_H_min", "numer": "-1", "denom": "4"}, {"symbol": "coeff_3_H_min", "numer": "-1", "denom": "2"}], "level": 3, "array_name": "DC", "phase": [4, 0]}, {"lower_bound": [{"symbol": "coeff_3_H_min", "numer": "3", "denom": "4"}, {"symbol": "coeff_1_H_min", "numer": "1", "denom": "8"}, {"symbol": "coeff_0_L_min", "numer": "1", "denom": "4"}, {"symbol": "coeff_1_H_max", "numer": "-1", "denom": "16"}, {"symbol": null, "numer": "-75", "denom": "32"}, {"symbol": "coeff_2_H_max", "numer": "-1", "denom": "8"}, {"symbol": "coeff_2_H_min", "numer": "1", "denom": "8"}, {"symbol": "coeff_3_H_max", "numer": "-1", "denom": "4"}], "upper_bound": [{"symbol": "coeff_3_H_max", "numer": "3", "denom": "4"}, {"symbol": "coeff_1_H_max", "numer": "1", "denom": "8"}, {"symbol": "coeff_0_L_max", "numer": "1", "denom": "4"}, {"symbol": "coeff_1_H_min", "numer": "-1", "denom": "16"}, {"symbol": null, "numer": "75", "denom": "32"}, {"symbol": "coeff_2_H_min", "numer": "-1", "denom": "8"}, {"symbol": "coeff_2_H_max", "numer": "1", "denom": "8"}, {"symbol": "coeff_3_H_min", "numer": "-1", "denom": "4"}], "level": 3, "array_name": "DC", "phase": [5, 0]}, {"lower_bound": [{"symbol": "coeff_2_H_min", "numer": "3", "denom": "8"}, {"symbol": "coeff_1_H_min", "numer": "1", "denom": "16"}, {"symbol": "coeff_0_L_min", "numer": "1", "denom": "4"}, {"symbol": "coeff_1_H_max", "numer": "-1", "denom": "16"}, {"symbol": null, "numer": "-31", "denom": "16"}, {"symbol": "coeff_2_H_max", "numer": "-1", "denom": "8"}, {"symbol": "coeff_3_H_max", "numer": "-1", "denom": "2"}], "upper_bound": [{"symbol": "coeff_2_H_max", "numer": "3", "denom": "8"}, {"symbol": "coeff_1_H_max", "numer": "1", "denom": "16"}, {"symbol": "coeff_0_L_max", "numer": "1", "denom": "4"}, {"symbol": "coeff_1_H_min", "numer": "-1", "denom": "16"}, {"symbol": null, "numer": "31", "denom": "16"}, {"symbol": "coeff_2_H_min", "numer": "-1", "denom": "8"}, {"symbol": "coeff_3_H_min", "numer": "-1", "denom": "2"}], "level": 3, "array_name": "DC", "phase": [6, 0]}, {"lower_bound": [{"symbol": "coeff_3_H_min", "numer": "3", "denom": "4"}, {"symbol": "coeff_2_H_min", "numer": "1", "denom": "8"}, {"symbol": "coeff_0_L_min", "numer": "1", "denom": "4"}, {"symbol": "coeff_1_H_max", "numer": "-1", "denom": "16"}, {"symbol": null, "numer": "-73", "denom": "32"}, {"symbol": "coeff_2_H_max", "numer": "-1", "denom": "8"}, {"symbol": "coeff_3_H_max", "numer": "-1", "denom": "4"}], "upper_bound": [{"symbol": "coeff_3_H_max", "numer": "3", "denom": "4"}, {"symbol": "coeff_2_H_max", "numer": "1", "denom": "8"}, {"symbol": "coeff_0_L_max", "numer": "1", "denom": "4"}, {"symbol": "coeff_1_H_min", "numer": "-1", "denom": "16"}, {"symbol": null, "numer": "73", "denom": "32"}, {"symbol": "coeff_2_H_min", "numer": "-1", "denom": "8"}, {"symbol": "coeff_3_H_min", "numer": "-1", "denom": "4"}], "level": 3, "array_name": "DC", "phase": [7, 0]}, {"lower_bound": [{"symbol": "coeff_0_L_min", "numer": "1", "denom": "8"}, {"symbol": "coeff_1_H_max", "numer": "-1", "denom": "16"}, {"symbol": null, "numer": "-21", "denom": "16"}, {"symbol": "coeff_2_H_max", "numer": "-1", "denom": "8"}, {"symbol": "coeff_3_H_max", "numer": "-1", "denom": "4"}], "upper_bound": [{"symbol": "coeff_0_L_max", "numer": "1", "denom": "8"}, {"symbol": "coeff_1_H_min", "numer": "-1", "denom": "16"}, {"symbol": null, "numer": "21", "denom": "16"}, {"symbol": "coeff_2_H_min", "numer": "-1", "denom": "8"}, {"symbol": "coeff_3_H_min", "numer": "-1", "denom": "4"}], "level": 3, "array_name": "Output", "phase": [0, 0]}, {"lower_bound": [{"symbol": "coeff_3_H_min", "numer": "3", "denom": "8"}, {"symbol": "coeff_0_L_min", "numer": "1", "denom": "8"}, {"symbol": "coeff_1_H_max", "numer": "-1", "denom": "32"}, {"symbol": null, "numer": "-105", "denom": "64"}, {"symbol": "coeff_2_H_max", "numer": "-1", "denom": "16"}, {"symbol": "coeff_2_H_min", "numer": "1", "denom": "16"}, {"symbol": "coeff_3_H_max", "numer": "-1", "denom": "8"}], "upper_bound": [{"symbol": "coeff_3_H_max", "numer": "3", "denom": "8"}, {"symbol": "coeff_0_L_max", "numer": "1", "denom": "8"}, {"symbol": "coeff_1_H_min", "numer": "-1", "denom": "32"}, {"symbol": null, "numer": "105", "denom": "64"}, {"symbol": "coeff_2_H_min", "numer": "-1", "denom": "16"}, {"symbol": "coeff_2_H_max", "numer": "1", "denom": "16"}, {"symbol": "coeff_3_H_min", "numer": "-1", "denom": "8"}], "level": 3, "array_name": "Output", "phase": [1, 0]}, {"lower_bound": [{"symbol": "coeff_2_H_min", "numer": "3", "denom": "16"}, {"symbol": "coeff_0_L_min", "numer": "1", "denom": "8"}, {"symbol": "coeff_1_H_max", "numer": "-1", "denom": "32"}, {"symbol": "coeff_1_H_min", "numer": "1", "denom": "32"}, {"symbol": null, "numer": "-47", "denom": "32"}, {"symbol": "coeff_2_H_max", "numer": "-1", "denom": "16"}, {"symbol": "coeff_3_H_max", "numer": "-1", "denom": "4"}], "upper_bound": [{"symbol": "coeff_2_H_max", "numer": "3", "denom": "16"}, {"symbol": "coeff_0_L_max", "numer": "1", "denom": "8"}, {"symbol": "coeff_1_H_min", "numer": "-1", "denom": "32"}, {"symbol": "coeff_1_H_max", "numer": "1", "denom": "32"}, {"symbol": null, "numer": "47", "denom": "32"}, {"symbol": "coeff_2_H_min", "numer": "-1", "denom": "16"}, {"symbol": "coeff_3_H_min", "numer": "-1", "denom": "4"}], "level": 3, "array_name": "Output", "phase": [2, 0]}, {"lower_bound": [{"symbol": "coeff_3_H_min", "numer": "3", "denom": "8"}, {"symbol": "coeff_2_H_min", "numer": "1", "denom": "16"}, {"symbol": "coeff_0_L_min", "numer": "1", "denom": "8"}, {"symbol": "coeff_1_H_max", "numer": "-1", "denom": "32"}, {"symbol": "coeff_1_H_min", "numer": "1", "denom": "16"}, {"symbol": null, "numer": "-107", "denom": "64"}, {"symbol": "coeff_2_H_max", "numer": "-1", "denom": "16"}, {"symbol": "coeff_3_H_max", "numer": "-1", "denom": "8"}], "upper_bound": [{"symbol": "coeff_3_H_max", "numer": "3", "denom": "8"}, {"symbol": "coeff_2_H_max", "numer": "1", "denom": "16"}, {"symbol": "coeff_0_L_max", "numer": "1", "denom": "8"}, {"symbol": "coeff_1_H_min", "numer": "-1", "denom": "32"}, {"symbol": "coeff_1_H_max", "numer": "1", "denom": "16"}, {"symbol": null, "numer": "107", "denom": "64"}, {"symbol": "coeff_2_H_min", "numer": "-1", "denom": "16"}, {"symbol": "coeff_3_H_min", "numer": "-1", "denom": "8"}], "level": 3, "array_name": "Output", "phase": [3, 0]}, {"lower_bound": [{"symbol": "coeff_1_H_min", "numer": "3", "denom": "32"}, {"symbol": "coeff_0_L_min", "numer": "1", "denom": "8"}, {"symbol": "coeff_1_H_max", "numer": "-1", "denom": "32"}, {"symbol": null, "numer": "-11", "denom": "8"}, {"symbol": "coeff_2_H_max", "numer": "-1", "denom": "8"}, {"symbol": "coeff_3_H_max", "numer": "-1", "denom": "4"}], "upper_bound": [{"symbol": "coeff_1_H_max", "numer": "3", "denom": "32"}, {"symbol": "coeff_0_L_max", "numer": "1", "denom": "8"}, {"symbol": "coeff_1_H_min", "numer": "-1", "denom": "32"}, {"symbol": null, "numer": "11", "denom": "8"}, {"symbol": "coeff_2_H_min", "numer": "-1", "denom": "8"}, {"symbol": "coeff_3_H_min", "numer": "-1", "denom": "4"}], "level": 3, "array_name": "Output", "phase": [4, 0]}, {"lower_bound": [{"symbol": "coeff_3_H_min", "numer": "3", "denom": "8"}, {"symbol": "coeff_1_H_min", "numer": "1", "denom": "16"}, {"symbol": "coeff_0_L_min", "numer": "1", "denom": "8"}, {"symbol": "coeff_1_H_max", "numer": "-1", "denom": "32"}, {"symbol": null, "numer": "-107", "denom": "64"}, {"symbol": "coeff_2_H_max", "numer": "-1", "denom": "16"}, {"symbol": "coeff_2_H_min", "numer": "1", "denom": "16"}, {"symbol": "coeff_3_H_max", "numer": "-1", "denom": "8"}], "upper_bound": [{"symbol": "coeff_3_H_max", "numer": "3", "denom": "8"}, {"symbol": "coeff_1_H_max", "numer": "1", "denom": "16"}, {"symbol": "coeff_0_L_max", "numer": "1", "denom": "8"}, {"symbol": "coeff_1_H_min", "numer": "-1", "denom": "32"}, {"symbol": null, "numer": "107", "denom": "64"}, {"symbol": "coeff_2_H_min", "numer": "-1", "denom": "16"}, {"symbol": "coeff_2_H_max", "numer": "1", "denom": "16"}, {"symbol": "coeff_3_H_min", "numer": "-1", "denom": "8"}], "level": 3, "array_name": "Output", "phase": [5, 0]}, {"lower_bound": [{"symbol": "coeff_2_H_min", "numer": "3", "denom": "16"}, {"symbol": "coeff_1_H_min", "numer": "1", "denom": "32"}, {"symbol": "coeff_0_L_min", "numer": "1", "denom": "8"}, {"symbol": "coeff_1_H_max", "numer": "-1", "denom": "32"}, {"symbol": null, "numer": "-47", "denom": "32"}, {"symbol": "coeff_2_H_max", "numer": "-1", "denom": "16"}, {"symbol": "coeff_3_H_max", "numer": "-1", "denom": "4"}], "upper_bound": [{"symbol": "coeff_2_H_max", "numer": "3", "denom": "16"}, {"symbol": "coeff_1_H_max", "numer": "1", "denom": "32"}, {"symbol": "coeff_0_L_max", "numer": "1", "denom": "8"}, {"symbol": "coeff_1_H_min", "numer": "-1", "denom": "32"}, {"symbol": null, "numer": "47", "denom": "32"}, {"symbol": "coeff_2_H_min", "numer": "-1", "denom": "16"}, {"symbol": "coeff_3_H_min", "numer": "-1", "denom": "4"}], "level": 3, "array_name": "Output", "phase": [6, 0]}, {"lower_bound": [{"symbol": "coeff_3_H_min", "numer": "3", "denom": "8"}, {"symbol": "coeff_2_H_min", "numer": "1", "denom": "16"}, {"symbol": "coeff_0_L_min", "numer": "1", "denom": "8"}, {"symbol": "coeff_1_H_max", "numer": "-1", "denom": "32"}, {"symbol": null, "numer": "-105", "denom": "64"}, {"symbol": "coeff_2_H_max", "numer": "-1", "denom": "16"}, {"symbol": "coeff_3_H_max", "numer": "-1", "denom": "8"}], "upper_bound": [{"symbol": "coeff_3_H_max", "numer": "3", "denom": "8"}, {"symbol": "coeff_2_H_max", "numer": "1", "denom": "16"}, {"symbol": "coeff_0_L_max", "numer": "1", "denom": "8"}, {"symbol": "coeff_1_H_min", "numer": "-1", "denom": "32"}, {"symbol": null, "numer": "105", "denom": "64"}, {"symbol": "coeff_2_H_min", "numer": "-1", "denom": "16"}, {"symbol": "coeff_3_H_min", "numer": "-1", "denom": "8"}], "level": 3, "array_name": "Output", "phase": [7, 0]}], "analysis_test_patterns": [{"target": [0, 0], "pattern": {"dx": 0, "dy": 0, "width": 1, "height": 1, "positive": "gA==", "mask": "gA=="}, "pattern_translation_multiple": [1, 1], "target_translation_multiple": [1, 1], "level": 3, "array_name": "Input", "phase": [0, 0]}, {"target": [0, 0], "pattern": {"dx": 0, "dy": 0, "width": 1, "height": 1, "positive": "gA==", "mask": "gA=="}, "pattern_translation_multiple": [1, 1], "target_translation_multiple": [1, 1], "level": 3, "array_name": "DC", "phase": [0, 0]}, {"target": [0, 0], "pattern": {"dx": 0, "dy": 0, "width": 1, "height": 1, "positive": "gA==", "mask": "gA=="}, "pattern_translation_multiple": [2, 1], "target_translation_multiple": [2, 1], "level": 3, "array_name": "DC'", "phase": [0, 0]}, {"target": [1, 0], "pattern": {"dx": 0, "dy": 0, "width": 3, "height": 1, "positive": "QA==", "mask": "4A=="}, "pattern_translation_multiple": [2, 1], "target_translation_multiple": [2, 1], "level": 3, "array_name": "DC'", "phase": [1, 0]}, {"target": [2, 0], "pattern": {"dx": 0, "dy": 0, "width": 5, "height": 1, "positive": "cA==", "mask": "+A=="}, "pattern_translation_multiple": [2, 1], "target_translation_multiple": [2, 1], "level": 3, "array_name": "DC''", "phase": [0, 0]}, {"target": [1, 0], "pattern": {"dx": 0, "dy": 0, "width": 3, "height": 1, "positive": "QA==", "mask": "4A=="}, "pattern_translation_multiple": [2, 1], "target_translation_multiple": [2, 1], "level": 3, "array_name": "DC''", "phase": [1, 0]}, {"target": [1, 0], "pattern": {"dx": 0, "dy": 0, "width": 5, "height": 1, "positive": "cA==", "mask": "+A=="}, "pattern_translation_multiple": [2, 1], "target_translation_multiple": [1, 1], "level": 2, "array_name": "DC", "phase": [0, 0]}, {"target": [2, 0], "pattern": {"dx": 2, "dy": 0, "width": 5, "height": 1, "positive": "cA==", "mask": "+A=="}, "pattern_translation_multiple": [4, 1], "target_translation_multiple": [2, 1], "level": 2, "array_name": "DC'", "phase": [0, 0]}, {"target": [3, 0], "pattern": {"dx": 2, "dy": 0, "width": 9, "height": 1, "positive": "nIA=", "mask": "/4A="}, "pattern_translation_multiple": [4, 1], "target_translation_multiple": [2, 1], "level": 2, "array_name": "DC'", "phase": [1, 0]}, {"target": [4, 0], "pattern": {"dx": 2, "dy": 0, "width": 13, "height": 1, "positive": "n8g=", "mask": "//g="}, "pattern_translation_multiple": [4, 1], "target_translation_multiple": [2, 1], "level": 2, "array_name": "DC''", "phase": [0, 0]}, {"target": [3, 0], "pattern": {"dx": 2, "dy": 0, "width": 9, "height": 1, "positive": "nIA=", "mask": "/4A="}, "pattern_translation_multiple": [4, 1], "target_translation_multiple": [2, 1], "level": 2, "array_name": "DC''", "phase": [1, 0]}, {"target": [2, 0], "pattern": {"dx": 2, "dy": 0, "width": 13, "height": 1, "positive": "n8g=", "mask": "//g="}, "pattern_translation_multiple": [4, 1], "target_translation_multiple": [1, 1], "level": 1, "array_name": "DC", "phase": [0, 0]}, {"target": [2, 0], "pattern": {"dx": 2, "dy": 0, "width": 13, "height": 1, "positive": "n8g=", "mask": "//g="}, "pattern_translation_multiple": [8, 1], "target_translation_multiple": [2, 1], "level": 1, "array_name": "DC'", "phase": [0, 0]}, {"target": [3, 0], "pattern": {"dx": 2, "dy": 0, "width": 21, "height": 1, "positive": "YPgw", "mask": "///4"}, "pattern_translation_multiple": [8, 1], "target_translation_multiple": [2, 1], "level": 1, "array_name": "DC'", "phase": [1, 0]}, {"target": [4, 0], "pattern": {"dx": 2, "dy": 0, "width": 29, "height": 1, "positive": "YP/4MA==", "mask": "////+A=="}, "pattern_translation_multiple": [8, 1], "target_translation_multiple": [2, 1], "level": 1, "array_name": "DC''", "phase": [0, 0]}, {"target": [3, 0], "pattern": {"dx": 2, "dy": 0, "width": 21, "height": 1, "positive": "YPgw", "mask": "///4"}, "pattern_translation_multiple": [8, 1], "target_translation_multiple": [2, 1], "level": 1, "array_name": "DC''", "phase": [1, 0]}], "synthesis_test_patterns": [{"target": [2, 0], "pattern": {"dx": 2, "dy": 0, "width": 29, "height": 1, "positive": "YP/4MA==", "mask": "////+A=="}, "pattern_translation_multiple": [8, 1], "target_translation_multiple": [1, 1], "level": 1, "array_name": "L", "phase": [0, 0]}, {"target": [1, 0], "pattern": {"dx": 2, "dy": 0, "width": 21, "height": 1, "positive": "YPgw", "mask": "///4"}, "pattern_translation_multiple": [8, 1], "target_translation_multiple": [1, 1], "level": 1, "array_name": "H", "phase": [0, 0]}, {"target": [4, 0], "pattern": {"dx": 2, "dy": 0, "width": 29, "height": 1, "positive": "YJ/IMA==", "mask": "////+A=="}, "pattern_translation_multiple": [8, 1], "target_translation_multiple": [2, 1], "level": 1, "array_name": "DC'", "phase": [0, 0]}, {"target": [3, 0], "pattern": {"dx": 2, "dy": 0, "width": 21, "height": 1, "positive": "YPgw", "mask": "///4"}, "pattern_translation_multiple": [8, 1], "target_translation_multiple": [2, 1], "level": 1, "array_name": "DC'", "phase": [1, 0]}, {"target": [4, 0], "pattern": {"dx": 2, "dy": 0, "width": 29, "height": 1, "positive": "YJ/IMA==", "mask": "////+A=="}, "pattern_translation_multiple": [8, 1], "target_translation_multiple": [2, 1], "level": 1, "array_name": "DC", "phase": [0, 0]}, {"target": [5, 0], "pattern": {"dx": 2, "dy": 0, "width": 37, "height": 1, "positive": "YGn8sDA=", "mask": "//////g="}, "pattern_translation_multiple": [8, 1], "target_translation_multiple": [2, 1], "level": 1, "array_name": "DC", "phase": [1, 0]}, {"target": [4, 0], "pattern": {"dx": 2, "dy": 0, "width": 29, "height": 1, "positive": "YJ/IMA==", "mask": "////+A=="}, "pattern_translation_multiple": [8, 1], "target_translation_multiple": [2, 1], "level": 1, "array_name": "Output", "phase": [0, 0]}, {"target": [5, 0], "pattern": {"dx": 2, "dy": 0, "width": 37, "height": 1, "positive": "YGn8sDA=", "mask": "//////g="}, "pattern_translation_multiple": [8, 1], "target_translation_multiple": [2, 1], "level": 1, "array_name": "Output", "phase": [1, 0]}, {"target": [4, 0], "pattern": {"dx": 2, "dy": 0, "width": 29, "height": 1, "positive": "YJ/IMA==", "mask": "////+A=="}, "pattern_translation_multiple": [8, 1], "target_translation_multiple": [2, 1], "level": 2, "array_name": "L", "phase": [0, 0]}, {"target": [5, 0], "pattern": {"dx": 2, "dy": 0, "width": 37, "height": 1, "positive": "YGn8sDA=", "mask": "//////g="}, "pattern_translation_multiple": [8, 1], "target_translation_multiple": [2, 1], "level": 2, "array_name": "L", "phase": [1, 0]}, {"target": [1, 0], "pattern": {"dx": 2, "dy": 0, "width": 9, "height": 1, "positive": "nIA=", "mask": "/4A="}, "pattern_translation_multiple": [4, 1], "target_translation_multiple": [1, 1], "level": 2, "array_name": "H", "phase": [0, 0]}, {"target": [8, 0], "pattern": {"dx": 2, "dy": 0, "width": 29, "height": 1, "positive": "YPd4MA==", "mask": "////+A=="}, "pattern_translation_multiple": [8, 1], "target_translation_multiple": [4, 1], "level": 2, "array_name": "DC'", "phase": [0, 0]}, {"target": [5, 0], "pattern": {"dx": 6, "dy": 0, "width": 9, "height": 1, "positive": "nIA=", "mask": "/4A="}, "pattern_translation_multiple": [8, 1], "target_translation_multiple": [4, 1], "level": 2, "array_name": "DC'", "phase": [1, 0]}, {"target": [10, 0], "pattern": {"dx": 2, "dy": 0, "width": 37, "height": 1, "positive": "YGBwMDA=", "mask": "//////g="}, "pattern_translation_multiple": [8, 1], "target_translation_multiple": [4, 1], "level": 2, "array_name": "DC'", "phase": [2, 0]}, {"target": [3, 0], "pattern": {"dx": 2, "dy": 0, "width": 9, "height": 1, "positive": "nIA=", "mask": "/4A="}, "pattern_translation_multiple": [8, 1], "target_translation_multiple": [4, 1], "level": 2, "array_name": "DC'", "phase": [3, 0]}, {"target": [8, 0], "pattern": {"dx": 2, "dy": 0, "width": 29, "height": 1, "positive": "YPd4MA==", "mask": "////+A=="}, "pattern_translation_multiple": [8, 1], "target_translation_multiple": [4, 1], "level": 2, "array_name": "DC", "phase": [0, 0]}, {"target": [9, 0], "pattern": {"dx": 2, "dy": 0, "width": 37, "height": 1, "positive": "YPnIMDA=", "mask": "//////g="}, "pattern_translation_multiple": [8, 1], "target_translation_multiple": [4, 1], "level": 2, "array_name": "DC", "phase": [1, 0]}, {"target": [10, 0], "pattern": {"dx": 2, "dy": 0, "width": 37, "height": 1, "positive": "YGBwMDA=", "mask": "//////g="}, "pattern_translation_multiple": [8, 1], "target_translation_multiple": [4, 1], "level": 2, "array_name": "DC", "phase": [2, 0]}, {"target": [11, 0], "pattern": {"dx": 2, "dy": 0, "width": 37, "height": 1, "positive": "YGCc+DA=", "mask": "//////g="}, "pattern_translation_multiple": [8, 1], "target_translation_multiple": [4, 1], "level": 2, "array_name": "DC", "phase": [3, 0]}, {"target": [8, 0], "pattern": {"dx": 2, "dy": 0, "width": 29, "height": 1, "positive": "YPd4MA==", "mask": "////+A=="}, "pattern_translation_multiple": [8, 1], "target_translation_multiple": [4, 1], "level": 2, "array_name": "Output", "phase": [0, 0]}, {"target": [9, 0], "pattern": {"dx": 2, "dy": 0, "width": 37, "height": 1, "positive": "YPnIMDA=", "mask": "//////g="}, "pattern_translation_multiple": [8, 1], "target_translation_multiple": [4, 1], "level": 2, "array_name": "Output", "phase": [1, 0]}, {"target": [10, 0], "pattern": {"dx": 2, "dy": 0, "width": 37, "height": 1, "positive": "YGBwMDA=", "mask": "//////g="}, "pattern_translation_multiple": [8, 1], "target_translation_multiple": [4, 1], "level": 2, "array_name": "Output", "phase": [2, 0]}, {"target": [11, 0], "pattern": {"dx": 2, "dy": 0, "width": 37, "height": 1, "positive": "YGCc+DA=", "mask": "//////g="}, "pattern_translation_multiple": [8, 1], "target_translation_multiple": [4, 1], "level": 2, "array_name": "Output", "phase": [3, 0]}, {"target": [8, 0], "pattern": {"dx": 2, "dy": 0, "width": 29, "height": 1, "positive": "YPd4MA==", "mask": "////+A=="}, "pattern_translation_multiple": [8, 1], "target_translation_multiple": [4, 1], "level": 3, "array_name": "L", "phase": [0, 0]}, {"target": [9, 0], "pattern": {"dx": 2, "dy": 0, "width": 37, "height": 1, "positive": "YPnIMDA=", "mask": "//////g="}, "pattern_translation_multiple": [8, 1], "target_translation_multiple": [4, 1], "level": 3, "array_name": "L", "phase": [1, 0]}, {"target": [10, 0], "pattern": {"dx": 2, "dy": 0, "width": 37, "height": 1, "positive": "YGBwMDA=", "mask": "//////g="}, "pattern_translation_multiple": [8, 1], "target_translation_multiple": [4, 1], "level": 3, "array_name": "L", "phase": [2, 0]}, {"target": [11, 0], "pattern": {"dx": 2, "dy": 0, "width": 37, "height": 1, "positive": "YGCc+DA=", "mask": "//////g="}, "pattern_translation_multiple": [8, 1], "target_translation_multiple": [4, 1], "level": 3, "array_name": "L", "phase": [3, 0]}, {"target": [0, 0], "pattern": {"dx": 0, "dy": 0, "width": 3, "height": 1, "positive": "QA==", "mask": "4A=="}, "pattern_translation_multiple": [2, 1], "target_translation_multiple": [1, 1], "level": 3, "array_name": "H", "phase": [0, 0]}, {"target": [16, 0], "pattern": {"dx": 2, "dy": 0, "width": 29, "height": 1, "positive": "YPr4MA==", "mask": "////+A=="}, "pattern_translation_multiple": [8, 1], "target_translation_multiple": [8, 1], "level": 3, "array_name": "DC'", "phase": [0, 0]}, {"target": [1, 0], "pattern": {"dx": 0, "dy": 0, "width": 3, "height": 1, "positive": "QA==", "mask": "4A=="}, "pattern_translation_multiple": [8, 1], "target_translation_multiple": [8, 1], "level": 3, "array_name": "DC'", "phase": [1, 0]}, {"target": [18, 0], "pattern": {"dx": 2, "dy": 0, "width": 37, "height": 1, "positive": "YPnIMDA=", "mask": "//////g="}, "pattern_translation_multiple": [8, 1], "target_translation_multiple": [8, 1], "level": 3, "array_name": "DC'", "phase": [2, 0]}, {"target": [3, 0], "pattern": {"dx": 2, "dy": 0, "width": 3, "height": 1, "positive": "QA==", "mask": "4A=="}, "pattern_translation_multiple": [8, 1], "target_translation_multiple": [8, 1], "level": 3, "array_name": "DC'", "phase": [3, 0]}, {"target": [20, 0], "pattern": {"dx": 2, "dy": 0, "width": 37, "height": 1, "positive": "YGCoMDA=", "mask": "//////g="}, "pattern_translation_multiple": [8, 1], "target_translation_multiple": [8, 1], "level": 3, "array_name": "DC'", "phase": [4, 0]}, {"target": [5, 0], "pattern": {"dx": 4, "dy": 0, "width": 3, "height": 1, "positive": "QA==", "mask": "4A=="}, "pattern_translation_multiple": [8, 1], "target_translation_multiple": [8, 1], "level": 3, "array_name": "DC'", "phase": [5, 0]}, {"target": [22, 0], "pattern": {"dx": 2, "dy": 0, "width": 37, "height": 1, "positive": "YGCc+DA=", "mask": "//////g="}, "pattern_translation_multiple": [8, 1], "target_translation_multiple": [8, 1], "level": 3, "array_name": "DC'", "phase": [6, 0]}, {"target": [7, 0], "pattern": {"dx": 6, "dy": 0, "width": 3, "height": 1, "positive": "QA==", "mask": "4A=="}, "pattern_translation_multiple": [8, 1], "target_translation_multiple": [8, 1], "level": 3, "array_name": "DC'", "phase": [7, 0]}, {"target": [16, 0], "pattern": {"dx": 2, "dy": 0, "width": 29, "height": 1, "positive": "YPr4MA==", "mask": "////+A=="}, "pattern_translation_multiple": [8, 1], "target_translation_multiple": [8, 1], "level": 3, "array_name": "DC", "phase": [0, 0]}, {"target": [17, 0], "pattern": {"dx": 2, "dy": 0, "width": 37, "height": 1, "positive": "YP14MDA=", "mask": "//////g="}, "pattern_translation_multiple": [8, 1], "target_translation_multiple": [8, 1], "level": 3, "array_name": "DC", "phase": [1, 0]}, {"target": [18, 0], "pattern": {"dx": 2, "dy": 0, "width": 37, "height": 1, "positive": "YPnIMDA=", "mask": "//////g="}, "pattern_translation_multiple": [8, 1], "target_translation_multiple": [8, 1], "level": 3, "array_name": "DC", "phase": [2, 0]}, {"target": [19, 0], "pattern": {"dx": 2, "dy": 0, "width": 37, "height": 1, "positive": "YP9YMDA=", "mask": "//////g="}, "pattern_translation_multiple": [8, 1], "target_translation_multiple": [8, 1], "level": 3, "array_name": "DC", "phase": [3, 0]}, {"target": [20, 0], "pattern": {"dx": 2, "dy": 0, "width": 37, "height": 1, "positive": "YGCoMDA=", "mask": "//////g="}, "pattern_translation_multiple": [8, 1], "target_translation_multiple": [8, 1], "level": 3, "array_name": "DC", "phase": [4, 0]}, {"target": [21, 0], "pattern": {"dx": 2, "dy": 0, "width": 37, "height": 1, "positive": "YGDX+DA=", "mask": "//////g="}, "pattern_translation_multiple": [8, 1], "target_translation_multiple": [8, 1], "level": 3, "array_name": "DC", "phase": [5, 0]}, {"target": [22, 0], "pattern": {"dx": 2, "dy": 0, "width": 37, "height": 1, "positive": "YGCc+DA=", "mask": "//////g="}, "pattern_translation_multiple": [8, 1], "target_translation_multiple": [8, 1], "level": 3, "array_name": "DC", "phase": [6, 0]}, {"target": [23, 0], "pattern": {"dx": 2, "dy": 0, "width": 37, "height": 1, "positive": "YGD1+DA=", "mask": "//////g="}, "pattern_translation_multiple": [8, 1], "target_translation_multiple": [8, 1], "level": 3, "array_name": "DC", "phase": [7, 0]}, {"target": [16, 0], "pattern": {"dx": 2, "dy": 0, "width": 29, "height": 1, "positive": "YPr4MA==", "mask": "////+A=="}, "pattern_translation_multiple": [8, 1], "target_translation_multiple": [8, 1], "level": 3, "array_name": "Output", "phase": [0, 0]}, {"target": [17, 0], "pattern": {"dx": 2, "dy": 0, "width": 37, "height": 1, "positive": "YP14MDA=", "mask": "//////g="}, "pattern_translation_multiple": [8, 1], "target_translation_multiple": [8, 1], "level": 3, "array_name": "Output", "phase": [1, 0]}, {"target": [18, 0], "pattern": {"dx": 2, "dy": 0, "width": 37, "height": 1, "positive": "YPnIMDA=", "mask": "//////g="}, "pattern_translation_multiple": [8, 1], "target_translation_multiple": [8, 1], "level": 3, "array_name": "Output", "phase": [2, 0]}, {"target": [19, 0], "pattern": {"dx": 2, "dy": 0, "width": 37, "height": 1, "positive": "YP9YMDA=", "mask": "//////g="}, "pattern_translation_multiple": [8, 1], "target_translation_multiple": [8, 1], "level": 3, "array_name": "Output", "phase": [3, 0]}, {"target": [20, 0], "pattern": {"dx": 2, "dy": 0, "width": 37, "height": 1, "positive": "YGCoMDA=", "mask": "//////g="}, "pattern_translation_multiple": [8, 1], "target_translation_multiple": [8, 1], "level": 3, "array_name": "Output", "phase": [4, 0]}, {"target": [21, 0], "pattern": {"dx": 2, "dy": 0, "width": 37, "height": 1, "positive": "YGDX+DA=", "mask": "//////g="}, "pattern_translation_multiple": [8, 1], "target_translation_multiple": [8, 1], "level": 3, "array_name": "Output", "phase": [5, 0]}, {"target": [22, 0], "pattern": {"dx": 2, "dy": 0, "width": 37, "height": 1, "positive": "YGCc+DA=", "mask": "//////g="}, "pattern_translation_multiple": [8, 1], "target_translation_multiple": [8, 1], "level": 3, "array_name": "Output", "phase": [6, 0]}, {"target": [23, 0], "pattern": {"dx": 2, "dy": 0, "width": 37, "height": 1, "positive": "YGD1+DA=", "mask": "//////g="}, "pattern_translation_multiple": [8, 1], "target_translation_multiple": [8, 1], "level": 3, "array_name": "Output", "phase": [7, 0]}]}