{"wavelet_index": 0, "wavelet_index_ho": 0, "dwt_depth": 1, "dwt_depth_ho": 1, "analysis_signal_bounds": [{"lower_bound": [{"symbol": "signal_min", "numer": "1", "denom": "1"}], "upper_bound": [{"symbol": "signal_max", "numer": "1", "denom": "1"}], "level": 2, "array_name": "Input", "phase": [0, 0]}, {"lower_bound": [{"symbol": "signal_min", "numer": "2", "denom": "1"}], "upper_bound": [{"symbol": "signal_max", "numer": "2", "denom": "1"}], "level": 2, "array_name": "DC", "phase": [0, 0]}, {"lower_bound": [{"symbol": "signal_min", "numer": "2", "denom": "1"}], "upper_bound": [{"symbol": "signal_max", "numer": "2", "denom": "1"}], "level": 2, "array_name": "DC'", "phase": [0, 0]}, {"lower_bound": [{"symbol": "signal_min", "numer": "9", "denom": "4"}, {"symbol": "signal_max", "numer": "-9", "denom": "4"}, {"symbol": null, "numer": "-1", "denom": "2"}], "upper_bound": [{"symbol": "signal_max", "numer": "9", "denom": "4"}, {"symbol": "signal_min", "numer": "-9", "denom": "4"}, {"symbol": null, "numer": "1", "denom": "2"}], "level": 2, "array_name": "DC'", "phase": [1, 0]}, {"lower_bound": [{"symbol": "signal_min", "numer": "5", "denom": "2"}, {"symbol": "signal_max", "numer": "-1", "denom": "2"}, {"symbol": null, "numer": "-3", "denom": "4"}], "upper_bound": [{"symbol": "signal_max", "numer": "5", "denom": "2"}, {"symbol": "signal_min", "numer": "-1", "denom": "2"}, {"symbol": null, "numer": "3", "denom": "4"}], "level": 2, "array_name": "DC''", "phase": [0, 0]}, {"lower_bound": [{"symbol": "signal_min", "numer": "9", "denom": "4"}, {"symbol": "signal_max", "numer": "-9", "denom": "4"}, {"symbol": null, "numer": "-1", "denom": "2"}], "upper_bound": [{"symbol": "signal_max", "numer": "9", "denom": "4"}, {"symbol": "signal_min", "numer": "-9", "denom": "4"}, {"symbol": null, "numer": "1", "denom": "2"}], "level": 2, "array_name": "DC''", "phase": [1, 0]}, {"lower_bound": [{"symbol": "signal_min", "numer": "5", "denom": "2"}, {"symbol": "signal_max", "numer": "-1", "denom": "2"}, {"symbol": null, "numer": "-3", "denom": "4"}], "upper_bound": [{"symbol": "signal_max", "numer": "5", "denom": "2"}, {"symbol": "signal_min", "numer": "-1", "denom": "2"}, {"symbol": null, "numer": "3", "denom": "4"}], "level": 2, "array_name": "L'", "phase": [0, 0]}, {"lower_bound": [{"symbol": "signal_min", "numer": "27", "denom": "8"}, {"symbol": "signal_max", "numer": "-27", "denom": "8"}, {"symbol": null, "numer": "-35", "denom": "16"}], "upper_bound": [{"symbol": "signal_max", "numer": "27", "denom": "8"}, {"symbol": "signal_min", "numer": "-27", "denom": "8"}, {"symbol": null, "numer": "35", "denom": "16"}], "level": 2, "array_name": "L'", "phase": [0, 1]}, {"lower_bound": [{"symbol": "signal_min", "numer": "9", "denom": "4"}, {"symbol": "signal_max", "numer": "-9", "denom": "4"}, {"symbol": null, "numer": "-1", "denom": "2"}], "upper_bound": [{"symbol": "signal_max", "numer": "9", "denom": "4"}, {"symbol": "signal_min", "numer": "-9", "denom": "4"}, {"symbol": null, "numer": "1", "denom": "2"}], "level": 2, "array_name": "H'", "phase": [0, 0]}, {"lower_bound": [{"symbol": "signal_min", "numer": "81", "denom": "16"}, {"symbol": "signal_max", "numer": "-81", "denom": "16"}, {"symbol": null, "numer": "-13", "denom": "8"}], "upper_bound": [{"symbol": "signal_max", "numer": "81", "denom": "16"}, {"symbol": "signal_min", "numer": "-81", "denom": "16"}, {"symbol": null, "numer": "13", "denom": "8"}], "level": 2, "array_name": "H'", "phase": [0, 1]}, {"lower_bound": [{"symbol": "signal_min", "numer": "13", "denom": "4"}, {"symbol": "signal_max", "numer": "-5", "denom": "4"}, {"symbol": null, "numer": "-15", "denom": "8"}], "upper_bound": [{"symbol": "signal_max", "numer": "13", "denom": "4"}, {"symbol": "signal_min", "numer": "-5", "denom": "4"}, {"symbol": null, "numer": "15", "denom": "8"}], "level": 2, "array_name": "L''", "phase": [0, 0]}, {"lower_bound": [{"symbol": "signal_min", "numer": "27", "denom": "8"}, {"symbol": "signal_max", "numer": "-27", "denom": "8"}, {"symbol": null, "numer": "-35", "denom": "16"}], "upper_bound": [{"symbol": "signal_max", "numer": "27", "denom": "8"}, {"symbol": "signal_min", "numer": "-27", "denom": "8"}, {"symbol": null, "numer": "35", "denom": "16"}], "level": 2, "array_name": "L''", "phase": [0, 1]}, {"lower_bound": [{"symbol": "signal_min", "numer": "27", "denom": "8"}, {"symbol": "signal_max", "numer": "-27", "denom": "8"}, {"symbol": null, "numer": "-3", "denom": "2"}], "upper_bound": [{"symbol": "signal_max", "numer": "27", "denom": "8"}, {"symbol": "signal_min", "numer": "-27", "denom": "8"}, {"symbol": null, "numer": "3", "denom": "2"}], "level": 2, "array_name": "H''", "phase": [0, 0]}, {"lower_bound": [{"symbol": "signal_min", "numer": "81", "denom": "16"}, {"symbol": "signal_max", "numer": "-81", "denom": "16"}, {"symbol": null, "numer": "-13", "denom": "8"}], "upper_bound": [{"symbol": "signal_max", "numer": "81", "denom": "16"}, {"symbol": "signal_min", "numer": "-81", "denom": "16"}, {"symbol": null, "numer": "13", "denom": "8"}], "level": 2, "array_name": "H''", "phase": [0, 1]}, {"lower_bound": [{"symbol": "signal_min", "numer": "13", "denom": "2"}, {"symbol": "signal_max", "numer": "-5", "denom": "2"}, {"symbol": null, "numer": "-15", "denom": "4"}], "upper_bound": [{"symbol": "signal_max", "numer": "13", "denom": "2"}, {"symbol": "signal_min", "numer": "-5", "denom": "2"}, {"symbol": null, "numer": "15", "denom": "4"}], "level": 1, "array_name": "DC", "phase": [0, 0]}, {"lower_bound": [{"symbol": "signal_min", "numer": "13", "denom": "2"}, {"symbol": "signal_max", "numer": "-5", "denom": "2"}, {"symbol": null, "numer": "-15", "denom": "4"}], "upper_bound": [{"symbol": "signal_max", "numer": "13", "denom": "2"}, {"symbol": "signal_min", "numer": "-5", "denom": "2"}, {"symbol": null, "numer": "15", "denom": "4"}], "level": 1, "array_name": "DC'", "phase": [0, 0]}, {"lower_bound": [{"symbol": "signal_min", "numer": "1053", "denom": "128"}, {"symbol": "signal_max", "numer": "-1053", "denom": "128"}, {"symbol": null, "numer": "-259", "denom": "32"}], "upper_bound": [{"symbol": "signal_max", "numer": "1053", "denom": "128"}, {"symbol": "signal_min", "numer": "-1053", "denom": "128"}, {"symbol": null, "numer": "259", "denom": "32"}], "level": 1, "array_name": "DC'", "phase": [1, 0]}, {"lower_bound": [{"symbol": "signal_min", "numer": "6875", "denom": "1024"}, {"symbol": "signal_max", "numer": "-2779", "denom": "1024"}, {"symbol": null, "numer": "-99", "denom": "16"}], "upper_bound": [{"symbol": "signal_max", "numer": "6875", "denom": "1024"}, {"symbol": "signal_min", "numer": "-2779", "denom": "1024"}, {"symbol": null, "numer": "99", "denom": "16"}], "level": 1, "array_name": "DC''", "phase": [0, 0]}, {"lower_bound": [{"symbol": "signal_min", "numer": "1053", "denom": "128"}, {"symbol": "signal_max", "numer": "-1053", "denom": "128"}, {"symbol": null, "numer": "-259", "denom": "32"}], "upper_bound": [{"symbol": "signal_max", "numer": "1053", "denom": "128"}, {"symbol": "signal_min", "numer": "-1053", "denom": "128"}, {"symbol": null, "numer": "259", "denom": "32"}], "level": 1, "array_name": "DC''", "phase": [1, 0]}], "synthesis_signal_bounds": [{"lower_bound": [{"symbol": "coeff_0_L_min", "numer": "1", "denom": "1"}], "upper_bound": [{"symbol": "coeff_0_L_max", "numer": "1", "denom": "1"}], "level": 1, "array_name": "L", "phase": [0, 0]}, {"lower_bound": [{"symbol": "coeff_1_H_min", "numer": "1", "denom": "1"}], "upper_bound": [{"symbol": "coeff_1_H_max", "numer": "1", "denom": "1"}], "level": 1, "array_name": "H", "phase": [0, 0]}, {"lower_bound": [{"symbol": "coeff_0_L_min", "numer": "1", "denom": "1"}, {"symbol": "coeff_1_H_max", "numer": "-1", "denom": "2"}, {"symbol": null, "numer": "-1", "denom": "2"}], "upper_bound": [{"symbol": "coeff_0_L_max", "numer": "1", "denom": "1"}, {"symbol": "coeff_1_H_min", "numer": "-1", "denom": "2"}, {"symbol": null, "numer": "1", "denom": "2"}], "level": 1, "array_name": "DC'", "phase": [0, 0]}, {"lower_bound": [{"symbol": "coeff_1_H_min", "numer": "1", "denom": "1"}], "upper_bound": [{"symbol": "coeff_1_H_max", "numer": "1", "denom": "1"}], "level": 1, "array_name": "DC'", "phase": [1, 0]}, {"lower_bound": [{"symbol": "coeff_0_L_min", "numer": "1", "denom": "1"}, {"symbol": "coeff_1_H_max", "numer": "-1", "denom": "2"}, {"symbol": null, "numer": "-1", "denom": "2"}], "upper_bound": [{"symbol": "coeff_0_L_max", "numer": "1", "denom": "1"}, {"symbol": "coeff_1_H_min", "numer": "-1", "denom": "2"}, {"symbol": null, "numer": "1", "denom": "2"}], "level": 1, "array_name": "DC", "phase": [0, 0]}, {"lower_bound": [{"symbol": "coeff_1_H_min", "numer": "3", "denom": "4"}, {"symbol": "coeff_0_L_max", "numer": "-1", "denom": "8"}, {"symbol": "coeff_1_H_max", "numer": "-1", "denom": "4"}, {"symbol": null, "numer": "-9", "denom": "8"}, {"symbol": "coeff_0_L_min", "numer": "9", "denom": "8"}], "upper_bound": [{"symbol": "coeff_1_H_max", "numer": "3", "denom": "4"}, {"symbol": "coeff_0_L_min", "numer": "-1", "denom": "8"}, {"symbol": "coeff_1_H_min", "numer": "-1", "denom": "4"}, {"symbol": null, "numer": "9", "denom": "8"}, {"symbol": "coeff_0_L_max", "numer": "9", "denom": "8"}], "level": 1, "array_name": "DC", "phase": [1, 0]}, {"lower_bound": [{"symbol": "coeff_0_L_min", "numer": "1", "denom": "2"}, {"symbol": "coeff_1_H_max", "numer": "-1", "denom": "4"}, {"symbol": null, "numer": "-3", "denom": "4"}], "upper_bound": [{"symbol": "coeff_0_L_max", "numer": "1", "denom": "2"}, {"symbol": "coeff_1_H_min", "numer": "-1", "denom": "4"}, {"symbol": null, "numer": "3", "denom": "4"}], "level": 1, "array_name": "Output", "phase": [0, 0]}, {"lower_bound": [{"symbol": "coeff_1_H_min", "numer": "3", "denom": "8"}, {"symbol": "coeff_0_L_max", "numer": "-1", "denom": "16"}, {"symbol": "coeff_1_H_max", "numer": "-1", "denom": "8"}, {"symbol": null, "numer": "-17", "denom": "16"}, {"symbol": "coeff_0_L_min", "numer": "9", "denom": "16"}], "upper_bound": [{"symbol": "coeff_1_H_max", "numer": "3", "denom": "8"}, {"symbol": "coeff_0_L_min", "numer": "-1", "denom": "16"}, {"symbol": "coeff_1_H_min", "numer": "-1", "denom": "8"}, {"symbol": null, "numer": "17", "denom": "16"}, {"symbol": "coeff_0_L_max", "numer": "9", "denom": "16"}], "level": 1, "array_name": "Output", "phase": [1, 0]}, {"lower_bound": [{"symbol": "coeff_0_L_min", "numer": "1", "denom": "2"}, {"symbol": "coeff_1_H_max", "numer": "-1", "denom": "4"}, {"symbol": null, "numer": "-3", "denom": "4"}], "upper_bound": [{"symbol": "coeff_0_L_max", "numer": "1", "denom": "2"}, {"symbol": "coeff_1_H_min", "numer": "-1", "denom": "4"}, {"symbol": null, "numer": "3", "denom": "4"}], "level": 2, "array_name": "LL", "phase": [0, 0]}, {"lower_bound": [{"symbol": "coeff_1_H_min", "numer": "3", "denom": "8"}, {"symbol": "coeff_0_L_max", "numer": "-1", "denom": "16"}, {"symbol": "coeff_1_H_max", "numer": "-1", "denom": "8"}, {"symbol": null, "numer": "-17", "denom": "16"}, {"symbol": "coeff_0_L_min", "numer": "9", "denom": "16"}], "upper_bound": [{"symbol": "coeff_1_H_max", "numer": "3", "denom": "8"}, {"symbol": "coeff_0_L_min", "numer": "-1", "denom": "16"}, {"symbol": "coeff_1_H_min", "numer": "-1", "denom": "8"}, {"symbol": null, "numer": "17", "denom": "16"}, {"symbol": "coeff_0_L_max", "numer": "9", "denom": "16"}], "level": 2, "array_name": "LL", "phase": [1, 0]}, {"lower_bound": [{"symbol": "coeff_2_LH_min", "numer": "1", "denom": "1"}], "upper_bound": [{"symbol": "coeff_2_LH_max", "numer": "1", "denom": "1"}], "level": 2, "array_name": "LH", "phase": [0, 0]}, {"lower_bound": [{"symbol": "coeff_2_HL_min", "numer": "1", "denom": "1"}], "upper_bound": [{"symbol": "coeff_2_HL_max", "numer": "1", "denom": "1"}], "level": 2, "array_name": "HL", "phase": [0, 0]}, {"lower_bound": [{"symbol": "coeff_2_HH_min", "numer": "1", "denom": "1"}], "upper_bound": [{"symbol": "coeff_2_HH_max", "numer": "1", "denom": "1"}], "level": 2, "array_name": "HH", "phase": [0, 0]}, {"lower_bound": [{"symbol": "coeff_0_L_min", "numer": "1", "denom": "2"}, {"symbol": "coeff_1_H_max", "numer": "-1", "denom": "4"}, {"symbol": null, "numer": "-5", "denom": "4"}, {"symbol": "coeff_2_LH_max", "numer": "-1", "denom": "2"}], "upper_bound": [{"symbol": "coeff_0_L_max", "numer": "1", "denom": "2"}, {"symbol": "coeff_1_H_min", "numer": "-1", "denom": "4"}, {"symbol": null, "numer": "5", "denom": "4"}, {"symbol": "coeff_2_LH_min", "numer": "-1", "denom": "2"}], "level": 2, "array_name": "L'", "phase": [0, 0]}, {"lower_bound": [{"symbol": "coeff_2_LH_min", "numer": "1", "denom": "1"}], "upper_bound": [{"symbol": "coeff_2_LH_max", "numer": "1", "denom": "1"}], "level": 2, "array_name": "L'", "phase": [0, 1]}, {"lower_bound": [{"symbol": "coeff_1_H_min", "numer": "3", "denom": "8"}, {"symbol": "coeff_0_L_max", "numer": "-1", "denom": "16"}, {"symbol": "coeff_1_H_max", "numer": "-1", "denom": "8"}, {"symbol": null, "numer": "-25", "denom": "16"}, {"symbol": "coeff_0_L_min", "numer": "9", "denom": "16"}, {"symbol": "coeff_2_LH_max", "numer": "-1", "denom": "2"}], "upper_bound": [{"symbol": "coeff_1_H_max", "numer": "3", "denom": "8"}, {"symbol": "coeff_0_L_min", "numer": "-1", "denom": "16"}, {"symbol": "coeff_1_H_min", "numer": "-1", "denom": "8"}, {"symbol": null, "numer": "25", "denom": "16"}, {"symbol": "coeff_0_L_max", "numer": "9", "denom": "16"}, {"symbol": "coeff_2_LH_min", "numer": "-1", "denom": "2"}], "level": 2, "array_name": "L'", "phase": [1, 0]}, {"lower_bound": [{"symbol": "coeff_2_LH_min", "numer": "1", "denom": "1"}], "upper_bound": [{"symbol": "coeff_2_LH_max", "numer": "1", "denom": "1"}], "level": 2, "array_name": "L'", "phase": [1, 1]}, {"lower_bound": [{"symbol": "coeff_2_HL_min", "numer": "1", "denom": "1"}, {"symbol": "coeff_2_HH_max", "numer": "-1", "denom": "2"}, {"symbol": null, "numer": "-1", "denom": "2"}], "upper_bound": [{"symbol": "coeff_2_HL_max", "numer": "1", "denom": "1"}, {"symbol": "coeff_2_HH_min", "numer": "-1", "denom": "2"}, {"symbol": null, "numer": "1", "denom": "2"}], "level": 2, "array_name": "H'", "phase": [0, 0]}, {"lower_bound": [{"symbol": "coeff_2_HH_min", "numer": "1", "denom": "1"}], "upper_bound": [{"symbol": "coeff_2_HH_max", "numer": "1", "denom": "1"}], "level": 2, "array_name": "H'", "phase": [0, 1]}, {"lower_bound": [{"symbol": "coeff_0_L_min", "numer": "1", "denom": "2"}, {"symbol": "coeff_1_H_max", "numer": "-1", "denom": "4"}, {"symbol": null, "numer": "-5", "denom": "4"}, {"symbol": "coeff_2_LH_max", "numer": "-1", "denom": "2"}], "upper_bound": [{"symbol": "coeff_0_L_max", "numer": "1", "denom": "2"}, {"symbol": "coeff_1_H_min", "numer": "-1", "denom": "4"}, {"symbol": null, "numer": "5", "denom": "4"}, {"symbol": "coeff_2_LH_min", "numer": "-1", "denom": "2"}], "level": 2, "array_name": "L", "phase": [0, 0]}, {"lower_bound": [{"symbol": "coeff_2_LH_min", "numer": "3", "denom": "4"}, {"symbol": "coeff_0_L_max", "numer": "-1", "denom": "16"}, {"symbol": "coeff_1_H_min", "numer": "1", "denom": "32"}, {"symbol": null, "numer": "-33", "denom": "16"}, {"symbol": "coeff_2_LH_max", "numer": "-1", "denom": "4"}, {"symbol": "coeff_0_L_min", "numer": "9", "denom": "16"}, {"symbol": "coeff_1_H_max", "numer": "-9", "denom": "32"}], "upper_bound": [{"symbol": "coeff_2_LH_max", "numer": "3", "denom": "4"}, {"symbol": "coeff_0_L_min", "numer": "-1", "denom": "16"}, {"symbol": "coeff_1_H_max", "numer": "1", "denom": "32"}, {"symbol": null, "numer": "33", "denom": "16"}, {"symbol": "coeff_2_LH_min", "numer": "-1", "denom": "4"}, {"symbol": "coeff_0_L_max", "numer": "9", "denom": "16"}, {"symbol": "coeff_1_H_min", "numer": "-9", "denom": "32"}], "level": 2, "array_name": "L", "phase": [0, 1]}, {"lower_bound": [{"symbol": "coeff_1_H_min", "numer": "3", "denom": "8"}, {"symbol": "coeff_0_L_max", "numer": "-1", "denom": "16"}, {"symbol": "coeff_1_H_max", "numer": "-1", "denom": "8"}, {"symbol": null, "numer": "-25", "denom": "16"}, {"symbol": "coeff_0_L_min", "numer": "9", "denom": "16"}, {"symbol": "coeff_2_LH_max", "numer": "-1", "denom": "2"}], "upper_bound": [{"symbol": "coeff_1_H_max", "numer": "3", "denom": "8"}, {"symbol": "coeff_0_L_min", "numer": "-1", "denom": "16"}, {"symbol": "coeff_1_H_min", "numer": "-1", "denom": "8"}, {"symbol": null, "numer": "25", "denom": "16"}, {"symbol": "coeff_0_L_max", "numer": "9", "denom": "16"}, {"symbol": "coeff_2_LH_min", "numer": "-1", "denom": "2"}], "level": 2, "array_name": "L", "phase": [1, 0]}, {"lower_bound": [{"symbol": "coeff_2_LH_min", "numer": "3", "denom": "4"}, {"symbol": "coeff_1_H_max", "numer": "-3", "denom": "16"}, {"symbol": "coeff_0_L_min", "numer": "41", "denom": "64"}, {"symbol": "coeff_1_H_min", "numer": "7", "denom": "16"}, {"symbol": null, "numer": "-157", "denom": "64"}, {"symbol": "coeff_0_L_max", "numer": "-9", "denom": "64"}, {"symbol": "coeff_2_LH_max", "numer": "-1", "denom": "4"}], "upper_bound": [{"symbol": "coeff_2_LH_max", "numer": "3", "denom": "4"}, {"symbol": "coeff_1_H_min", "numer": "-3", "denom": "16"}, {"symbol": "coeff_0_L_max", "numer": "41", "denom": "64"}, {"symbol": "coeff_1_H_max", "numer": "7", "denom": "16"}, {"symbol": null, "numer": "157", "denom": "64"}, {"symbol": "coeff_0_L_min", "numer": "-9", "denom": "64"}, {"symbol": "coeff_2_LH_min", "numer": "-1", "denom": "4"}], "level": 2, "array_name": "L", "phase": [1, 1]}, {"lower_bound": [{"symbol": "coeff_2_HL_min", "numer": "1", "denom": "1"}, {"symbol": "coeff_2_HH_max", "numer": "-1", "denom": "2"}, {"symbol": null, "numer": "-1", "denom": "2"}], "upper_bound": [{"symbol": "coeff_2_HL_max", "numer": "1", "denom": "1"}, {"symbol": "coeff_2_HH_min", "numer": "-1", "denom": "2"}, {"symbol": null, "numer": "1", "denom": "2"}], "level": 2, "array_name": "H", "phase": [0, 0]}, {"lower_bound": [{"symbol": "coeff_2_HH_min", "numer": "3", "denom": "4"}, {"symbol": "coeff_2_HL_max", "numer": "-1", "denom": "8"}, {"symbol": "coeff_2_HH_max", "numer": "-1", "denom": "4"}, {"symbol": null, "numer": "-9", "denom": "8"}, {"symbol": "coeff_2_HL_min", "numer": "9", "denom": "8"}], "upper_bound": [{"symbol": "coeff_2_HH_max", "numer": "3", "denom": "4"}, {"symbol": "coeff_2_HL_min", "numer": "-1", "denom": "8"}, {"symbol": "coeff_2_HH_min", "numer": "-1", "denom": "4"}, {"symbol": null, "numer": "9", "denom": "8"}, {"symbol": "coeff_2_HL_max", "numer": "9", "denom": "8"}], "level": 2, "array_name": "H", "phase": [0, 1]}, {"lower_bound": [{"symbol": "coeff_0_L_min", "numer": "1", "denom": "2"}, {"symbol": "coeff_1_H_max", "numer": "-1", "denom": "4"}, {"symbol": null, "numer": "-2", "denom": "1"}, {"symbol": "coeff_2_LH_max", "numer": "-1", "denom": "2"}, {"symbol": "coeff_2_HL_max", "numer": "-1", "denom": "2"}, {"symbol": "coeff_2_HH_min", "numer": "1", "denom": "4"}], "upper_bound": [{"symbol": "coeff_0_L_max", "numer": "1", "denom": "2"}, {"symbol": "coeff_1_H_min", "numer": "-1", "denom": "4"}, {"symbol": null, "numer": "2", "denom": "1"}, {"symbol": "coeff_2_LH_min", "numer": "-1", "denom": "2"}, {"symbol": "coeff_2_HL_min", "numer": "-1", "denom": "2"}, {"symbol": "coeff_2_HH_max", "numer": "1", "denom": "4"}], "level": 2, "array_name": "DC'", "phase": [0, 0]}, {"lower_bound": [{"symbol": "coeff_2_LH_min", "numer": "3", "denom": "4"}, {"symbol": "coeff_0_L_max", "numer": "-1", "denom": "16"}, {"symbol": "coeff_1_H_min", "numer": "1", "denom": "32"}, {"symbol": null, "numer": "-25", "denom": "8"}, {"symbol": "coeff_2_LH_max", "numer": "-1", "denom": "4"}, {"symbol": "coeff_0_L_min", "numer": "9", "denom": "16"}, {"symbol": "coeff_1_H_max", "numer": "-9", "denom": "32"}, {"symbol": "coeff_2_HH_max", "numer": "-3", "denom": "8"}, {"symbol": "coeff_2_HL_min", "numer": "1", "denom": "16"}, {"symbol": "coeff_2_HH_min", "numer": "1", "denom": "8"}, {"symbol": "coeff_2_HL_max", "numer": "-9", "denom": "16"}], "upper_bound": [{"symbol": "coeff_2_LH_max", "numer": "3", "denom": "4"}, {"symbol": "coeff_0_L_min", "numer": "-1", "denom": "16"}, {"symbol": "coeff_1_H_max", "numer": "1", "denom": "32"}, {"symbol": null, "numer": "25", "denom": "8"}, {"symbol": "coeff_2_LH_min", "numer": "-1", "denom": "4"}, {"symbol": "coeff_0_L_max", "numer": "9", "denom": "16"}, {"symbol": "coeff_1_H_min", "numer": "-9", "denom": "32"}, {"symbol": "coeff_2_HH_min", "numer": "-3", "denom": "8"}, {"symbol": "coeff_2_HL_max", "numer": "1", "denom": "16"}, {"symbol": "coeff_2_HH_max", "numer": "1", "denom": "8"}, {"symbol": "coeff_2_HL_min", "numer": "-9", "denom": "16"}], "level": 2, "array_name": "DC'", "phase": [0, 1]}, {"lower_bound": [{"symbol": "coeff_2_HL_min", "numer": "1", "denom": "1"}, {"symbol": "coeff_2_HH_max", "numer": "-1", "denom": "2"}, {"symbol": null, "numer": "-1", "denom": "2"}], "upper_bound": [{"symbol": "coeff_2_HL_max", "numer": "1", "denom": "1"}, {"symbol": "coeff_2_HH_min", "numer": "-1", "denom": "2"}, {"symbol": null, "numer": "1", "denom": "2"}], "level": 2, "array_name": "DC'", "phase": [1, 0]}, {"lower_bound": [{"symbol": "coeff_2_HH_min", "numer": "3", "denom": "4"}, {"symbol": "coeff_2_HL_max", "numer": "-1", "denom": "8"}, {"symbol": "coeff_2_HH_max", "numer": "-1", "denom": "4"}, {"symbol": null, "numer": "-9", "denom": "8"}, {"symbol": "coeff_2_HL_min", "numer": "9", "denom": "8"}], "upper_bound": [{"symbol": "coeff_2_HH_max", "numer": "3", "denom": "4"}, {"symbol": "coeff_2_HL_min", "numer": "-1", "denom": "8"}, {"symbol": "coeff_2_HH_min", "numer": "-1", "denom": "4"}, {"symbol": null, "numer": "9", "denom": "8"}, {"symbol": "coeff_2_HL_max", "numer": "9", "denom": "8"}], "level": 2, "array_name": "DC'", "phase": [1, 1]}, {"lower_bound": [{"symbol": "coeff_1_H_min", "numer": "3", "denom": "8"}, {"symbol": "coeff_0_L_max", "numer": "-1", "denom": "16"}, {"symbol": "coeff_1_H_max", "numer": "-1", "denom": "8"}, {"symbol": null, "numer": "-37", "denom": "16"}, {"symbol": "coeff_0_L_min", "numer": "9", "denom": "16"}, {"symbol": "coeff_2_LH_max", "numer": "-1", "denom": "2"}, {"symbol": "coeff_2_HL_max", "numer": "-1", "denom": "2"}, {"symbol": "coeff_2_HH_min", "numer": "1", "denom": "4"}], "upper_bound": [{"symbol": "coeff_1_H_max", "numer": "3", "denom": "8"}, {"symbol": "coeff_0_L_min", "numer": "-1", "denom": "16"}, {"symbol": "coeff_1_H_min", "numer": "-1", "denom": "8"}, {"symbol": null, "numer": "37", "denom": "16"}, {"symbol": "coeff_0_L_max", "numer": "9", "denom": "16"}, {"symbol": "coeff_2_LH_min", "numer": "-1", "denom": "2"}, {"symbol": "coeff_2_HL_min", "numer": "-1", "denom": "2"}, {"symbol": "coeff_2_HH_max", "numer": "1", "denom": "4"}], "level": 2, "array_name": "DC'", "phase": [2, 0]}, {"lower_bound": [{"symbol": "coeff_2_LH_min", "numer": "3", "denom": "4"}, {"symbol": "coeff_1_H_max", "numer": "-3", "denom": "16"}, {"symbol": "coeff_0_L_min", "numer": "41", "denom": "64"}, {"symbol": "coeff_1_H_min", "numer": "7", "denom": "16"}, {"symbol": null, "numer": "-225", "denom": "64"}, {"symbol": "coeff_0_L_max", "numer": "-9", "denom": "64"}, {"symbol": "coeff_2_LH_max", "numer": "-1", "denom": "4"}, {"symbol": "coeff_2_HH_max", "numer": "-3", "denom": "8"}, {"symbol": "coeff_2_HL_min", "numer": "1", "denom": "16"}, {"symbol": "coeff_2_HH_min", "numer": "1", "denom": "8"}, {"symbol": "coeff_2_HL_max", "numer": "-9", "denom": "16"}], "upper_bound": [{"symbol": "coeff_2_LH_max", "numer": "3", "denom": "4"}, {"symbol": "coeff_1_H_min", "numer": "-3", "denom": "16"}, {"symbol": "coeff_0_L_max", "numer": "41", "denom": "64"}, {"symbol": "coeff_1_H_max", "numer": "7", "denom": "16"}, {"symbol": null, "numer": "225", "denom": "64"}, {"symbol": "coeff_0_L_min", "numer": "-9", "denom": "64"}, {"symbol": "coeff_2_LH_min", "numer": "-1", "denom": "4"}, {"symbol": "coeff_2_HH_min", "numer": "-3", "denom": "8"}, {"symbol": "coeff_2_HL_max", "numer": "1", "denom": "16"}, {"symbol": "coeff_2_HH_max", "numer": "1", "denom": "8"}, {"symbol": "coeff_2_HL_min", "numer": "-9", "denom": "16"}], "level": 2, "array_name": "DC'", "phase": [2, 1]}, {"lower_bound": [{"symbol": "coeff_2_HL_min", "numer": "1", "denom": "1"}, {"symbol": "coeff_2_HH_max", "numer": "-1", "denom": "2"}, {"symbol": null, "numer": "-1", "denom": "2"}], "upper_bound": [{"symbol": "coeff_2_HL_max", "numer": "1", "denom": "1"}, {"symbol": "coeff_2_HH_min", "numer": "-1", "denom": "2"}, {"symbol": null, "numer": "1", "denom": "2"}], "level": 2, "array_name": "DC'", "phase": [3, 0]}, {"lower_bound": [{"symbol": "coeff_2_HH_min", "numer": "3", "denom": "4"}, {"symbol": "coeff_2_HL_max", "numer": "-1", "denom": "8"}, {"symbol": "coeff_2_HH_max", "numer": "-1", "denom": "4"}, {"symbol": null, "numer": "-9", "denom": "8"}, {"symbol": "coeff_2_HL_min", "numer": "9", "denom": "8"}], "upper_bound": [{"symbol": "coeff_2_HH_max", "numer": "3", "denom": "4"}, {"symbol": "coeff_2_HL_min", "numer": "-1", "denom": "8"}, {"symbol": "coeff_2_HH_min", "numer": "-1", "denom": "4"}, {"symbol": null, "numer": "9", "denom": "8"}, {"symbol": "coeff_2_HL_max", "numer": "9", "denom": "8"}], "level": 2, "array_name": "DC'", "phase": [3, 1]}, {"lower_bound": [{"symbol": "coeff_0_L_min", "numer": "1", "denom": "2"}, {"symbol": "coeff_1_H_max", "numer": "-1", "denom": "4"}, {"symbol": null, "numer": "-2", "denom": "1"}, {"symbol": "coeff_2_LH_max", "numer": "-1", "denom": "2"}, {"symbol": "coeff_2_HL_max", "numer": "-1", "denom": "2"}, {"symbol": "coeff_2_HH_min", "numer": "1", "denom": "4"}], "upper_bound": [{"symbol": "coeff_0_L_max", "numer": "1", "denom": "2"}, {"symbol": "coeff_1_H_min", "numer": "-1", "denom": "4"}, {"symbol": null, "numer": "2", "denom": "1"}, {"symbol": "coeff_2_LH_min", "numer": "-1", "denom": "2"}, {"symbol": "coeff_2_HL_min", "numer": "-1", "denom": "2"}, {"symbol": "coeff_2_HH_max", "numer": "1", "denom": "4"}], "level": 2, "array_name": "DC", "phase": [0, 0]}, {"lower_bound": [{"symbol": "coeff_2_LH_min", "numer": "3", "denom": "4"}, {"symbol": "coeff_0_L_max", "numer": "-1", "denom": "16"}, {"symbol": "coeff_1_H_min", "numer": "1", "denom": "32"}, {"symbol": null, "numer": "-25", "denom": "8"}, {"symbol": "coeff_2_LH_max", "numer": "-1", "denom": "4"}, {"symbol": "coeff_0_L_min", "numer": "9", "denom": "16"}, {"symbol": "coeff_1_H_max", "numer": "-9", "denom": "32"}, {"symbol": "coeff_2_HH_max", "numer": "-3", "denom": "8"}, {"symbol": "coeff_2_HL_min", "numer": "1", "denom": "16"}, {"symbol": "coeff_2_HH_min", "numer": "1", "denom": "8"}, {"symbol": "coeff_2_HL_max", "numer": "-9", "denom": "16"}], "upper_bound": [{"symbol": "coeff_2_LH_max", "numer": "3", "denom": "4"}, {"symbol": "coeff_0_L_min", "numer": "-1", "denom": "16"}, {"symbol": "coeff_1_H_max", "numer": "1", "denom": "32"}, {"symbol": null, "numer": "25", "denom": "8"}, {"symbol": "coeff_2_LH_min", "numer": "-1", "denom": "4"}, {"symbol": "coeff_0_L_max", "numer": "9", "denom": "16"}, {"symbol": "coeff_1_H_min", "numer": "-9", "denom": "32"}, {"symbol": "coeff_2_HH_min", "numer": "-3", "denom": "8"}, {"symbol": "coeff_2_HL_max", "numer": "1", "denom": "16"}, {"symbol": "coeff_2_HH_max", "numer": "1", "denom": "8"}, {"symbol": "coeff_2_HL_min", "numer": "-9", "denom": "16"}], "level": 2, "array_name": "DC", "phase": [0, 1]}, {"lower_bound": [{"symbol": "coeff_2_HL_min", "numer": "3", "denom": "4"}, {"symbol": "coeff_2_HH_max", "numer": "-3", "denom": "8"}, {"symbol": null, "numer": "-1707", "denom": "512"}, {"symbol": "coeff_1_H_max", "numer": "-5", "denom": "32"}, {"symbol": "coeff_0_L_min", "numer": "283", "denom": "512"}, {"symbol": "coeff_1_H_min", "numer": "5", "denom": "32"}, {"symbol": "coeff_0_L_max", "numer": "-27", "denom": "512"}, {"symbol": "coeff_2_LH_min", "numer": "1", "denom": "16"}, {"symbol": "coeff_2_HL_max", "numer": "-1", "denom": "4"}, {"symbol": "coeff_2_HH_min", "numer": "1", "denom": "8"}, {"symbol": "coeff_2_LH_max", "numer": "-9", "denom": "16"}], "upper_bound": [{"symbol": "coeff_2_HL_max", "numer": "3", "denom": "4"}, {"symbol": "coeff_2_HH_min", "numer": "-3", "denom": "8"}, {"symbol": null, "numer": "1707", "denom": "512"}, {"symbol": "coeff_1_H_min", "numer": "-5", "denom": "32"}, {"symbol": "coeff_0_L_max", "numer": "283", "denom": "512"}, {"symbol": "coeff_1_H_max", "numer": "5", "denom": "32"}, {"symbol": "coeff_0_L_min", "numer": "-27", "denom": "512"}, {"symbol": "coeff_2_LH_max", "numer": "1", "denom": "16"}, {"symbol": "coeff_2_HL_min", "numer": "-1", "denom": "4"}, {"symbol": "coeff_2_HH_max", "numer": "1", "denom": "8"}, {"symbol": "coeff_2_LH_min", "numer": "-9", "denom": "16"}], "level": 2, "array_name": "DC", "phase": [1, 0]}, {"lower_bound": [{"symbol": "coeff_2_HH_min", "numer": "5", "denom": "8"}, {"symbol": "coeff_2_HL_max", "numer": "-3", "denom": "8"}, {"symbol": "coeff_2_HH_max", "numer": "-3", "denom": "8"}, {"symbol": null, "numer": "-10263", "denom": "2048"}, {"symbol": "coeff_2_HL_min", "numer": "7", "denom": "8"}, {"symbol": "coeff_2_LH_max", "numer": "-3", "denom": "8"}, {"symbol": "coeff_1_H_min", "numer": "25", "denom": "128"}, {"symbol": "coeff_0_L_max", "numer": "-263", "denom": "2048"}, {"symbol": "coeff_1_H_max", "numer": "-25", "denom": "128"}, {"symbol": "coeff_0_L_min", "numer": "1287", "denom": "2048"}, {"symbol": "coeff_2_LH_min", "numer": "7", "denom": "8"}], "upper_bound": [{"symbol": "coeff_2_HH_max", "numer": "5", "denom": "8"}, {"symbol": "coeff_2_HL_min", "numer": "-3", "denom": "8"}, {"symbol": "coeff_2_HH_min", "numer": "-3", "denom": "8"}, {"symbol": null, "numer": "10263", "denom": "2048"}, {"symbol": "coeff_2_HL_max", "numer": "7", "denom": "8"}, {"symbol": "coeff_2_LH_min", "numer": "-3", "denom": "8"}, {"symbol": "coeff_1_H_max", "numer": "25", "denom": "128"}, {"symbol": "coeff_0_L_min", "numer": "-263", "denom": "2048"}, {"symbol": "coeff_1_H_min", "numer": "-25", "denom": "128"}, {"symbol": "coeff_0_L_max", "numer": "1287", "denom": "2048"}, {"symbol": "coeff_2_LH_max", "numer": "7", "denom": "8"}], "level": 2, "array_name": "DC", "phase": [1, 1]}, {"lower_bound": [{"symbol": "coeff_1_H_min", "numer": "3", "denom": "8"}, {"symbol": "coeff_0_L_max", "numer": "-1", "denom": "16"}, {"symbol": "coeff_1_H_max", "numer": "-1", "denom": "8"}, {"symbol": null, "numer": "-37", "denom": "16"}, {"symbol": "coeff_0_L_min", "numer": "9", "denom": "16"}, {"symbol": "coeff_2_LH_max", "numer": "-1", "denom": "2"}, {"symbol": "coeff_2_HL_max", "numer": "-1", "denom": "2"}, {"symbol": "coeff_2_HH_min", "numer": "1", "denom": "4"}], "upper_bound": [{"symbol": "coeff_1_H_max", "numer": "3", "denom": "8"}, {"symbol": "coeff_0_L_min", "numer": "-1", "denom": "16"}, {"symbol": "coeff_1_H_min", "numer": "-1", "denom": "8"}, {"symbol": null, "numer": "37", "denom": "16"}, {"symbol": "coeff_0_L_max", "numer": "9", "denom": "16"}, {"symbol": "coeff_2_LH_min", "numer": "-1", "denom": "2"}, {"symbol": "coeff_2_HL_min", "numer": "-1", "denom": "2"}, {"symbol": "coeff_2_HH_max", "numer": "1", "denom": "4"}], "level": 2, "array_name": "DC", "phase": [2, 0]}, {"lower_bound": [{"symbol": "coeff_2_LH_min", "numer": "3", "denom": "4"}, {"symbol": "coeff_1_H_max", "numer": "-3", "denom": "16"}, {"symbol": "coeff_0_L_min", "numer": "41", "denom": "64"}, {"symbol": "coeff_1_H_min", "numer": "7", "denom": "16"}, {"symbol": null, "numer": "-225", "denom": "64"}, {"symbol": "coeff_0_L_max", "numer": "-9", "denom": "64"}, {"symbol": "coeff_2_LH_max", "numer": "-1", "denom": "4"}, {"symbol": "coeff_2_HH_max", "numer": "-3", "denom": "8"}, {"symbol": "coeff_2_HL_min", "numer": "1", "denom": "16"}, {"symbol": "coeff_2_HH_min", "numer": "1", "denom": "8"}, {"symbol": "coeff_2_HL_max", "numer": "-9", "denom": "16"}], "upper_bound": [{"symbol": "coeff_2_LH_max", "numer": "3", "denom": "4"}, {"symbol": "coeff_1_H_min", "numer": "-3", "denom": "16"}, {"symbol": "coeff_0_L_max", "numer": "41", "denom": "64"}, {"symbol": "coeff_1_H_max", "numer": "7", "denom": "16"}, {"symbol": null, "numer": "225", "denom": "64"}, {"symbol": "coeff_0_L_min", "numer": "-9", "denom": "64"}, {"symbol": "coeff_2_LH_min", "numer": "-1", "denom": "4"}, {"symbol": "coeff_2_HH_min", "numer": "-3", "denom": "8"}, {"symbol": "coeff_2_HL_max", "numer": "1", "denom": "16"}, {"symbol": "coeff_2_HH_max", "numer": "1", "denom": "8"}, {"symbol": "coeff_2_HL_min", "numer": "-9", "denom": "16"}], "level": 2, "array_name": "DC", "phase": [2, 1]}, {"lower_bound": [{"symbol": "coeff_2_HL_min", "numer": "3", "denom": "4"}, {"symbol": "coeff_2_HH_max", "numer": "-3", "denom": "8"}, {"symbol": null, "numer": "-1707", "denom": "512"}, {"symbol": "coeff_0_L_min", "numer": "283", "denom": "512"}, {"symbol": "coeff_1_H_max", "numer": "-5", "denom": "32"}, {"symbol": "coeff_1_H_min", "numer": "5", "denom": "32"}, {"symbol": "coeff_2_LH_min", "numer": "1", "denom": "16"}, {"symbol": "coeff_2_HL_max", "numer": "-1", "denom": "4"}, {"symbol": "coeff_2_HH_min", "numer": "1", "denom": "8"}, {"symbol": "coeff_0_L_max", "numer": "-27", "denom": "512"}, {"symbol": "coeff_2_LH_max", "numer": "-9", "denom": "16"}], "upper_bound": [{"symbol": "coeff_2_HL_max", "numer": "3", "denom": "4"}, {"symbol": "coeff_2_HH_min", "numer": "-3", "denom": "8"}, {"symbol": null, "numer": "1707", "denom": "512"}, {"symbol": "coeff_0_L_max", "numer": "283", "denom": "512"}, {"symbol": "coeff_1_H_min", "numer": "-5", "denom": "32"}, {"symbol": "coeff_1_H_max", "numer": "5", "denom": "32"}, {"symbol": "coeff_2_LH_max", "numer": "1", "denom": "16"}, {"symbol": "coeff_2_HL_min", "numer": "-1", "denom": "4"}, {"symbol": "coeff_2_HH_max", "numer": "1", "denom": "8"}, {"symbol": "coeff_0_L_min", "numer": "-27", "denom": "512"}, {"symbol": "coeff_2_LH_min", "numer": "-9", "denom": "16"}], "level": 2, "array_name": "DC", "phase": [3, 0]}, {"lower_bound": [{"symbol": "coeff_2_HH_min", "numer": "5", "denom": "8"}, {"symbol": "coeff_2_HL_max", "numer": "-3", "denom": "8"}, {"symbol": "coeff_2_HH_max", "numer": "-3", "denom": "8"}, {"symbol": null, "numer": "-10263", "denom": "2048"}, {"symbol": "coeff_2_HL_min", "numer": "7", "denom": "8"}, {"symbol": "coeff_2_LH_max", "numer": "-3", "denom": "8"}, {"symbol": "coeff_0_L_max", "numer": "-263", "denom": "2048"}, {"symbol": "coeff_1_H_min", "numer": "25", "denom": "128"}, {"symbol": "coeff_1_H_max", "numer": "-25", "denom": "128"}, {"symbol": "coeff_2_LH_min", "numer": "7", "denom": "8"}, {"symbol": "coeff_0_L_min", "numer": "1287", "denom": "2048"}], "upper_bound": [{"symbol": "coeff_2_HH_max", "numer": "5", "denom": "8"}, {"symbol": "coeff_2_HL_min", "numer": "-3", "denom": "8"}, {"symbol": "coeff_2_HH_min", "numer": "-3", "denom": "8"}, {"symbol": null, "numer": "10263", "denom": "2048"}, {"symbol": "coeff_2_HL_max", "numer": "7", "denom": "8"}, {"symbol": "coeff_2_LH_min", "numer": "-3", "denom": "8"}, {"symbol": "coeff_0_L_min", "numer": "-263", "denom": "2048"}, {"symbol": "coeff_1_H_max", "numer": "25", "denom": "128"}, {"symbol": "coeff_1_H_min", "numer": "-25", "denom": "128"}, {"symbol": "coeff_2_LH_max", "numer": "7", "denom": "8"}, {"symbol": "coeff_0_L_max", "numer": "1287", "denom": "2048"}], "level": 2, "array_name": "DC", "phase": [3, 1]}, {"lower_bound": [{"symbol": "coeff_0_L_min", "numer": "1", "denom": "4"}, {"symbol": "coeff_1_H_max", "numer": "-1", "denom": "8"}, {"symbol": null, "numer": "-3", "denom": "2"}, {"symbol": "coeff_2_LH_max", "numer": "-1", "denom": "4"}, {"symbol": "coeff_2_HL_max", "numer": "-1", "denom": "4"}, {"symbol": "coeff_2_HH_min", "numer": "1", "denom": "8"}], "upper_bound": [{"symbol": "coeff_0_L_max", "numer": "1", "denom": "4"}, {"symbol": "coeff_1_H_min", "numer": "-1", "denom": "8"}, {"symbol": null, "numer": "3", "denom": "2"}, {"symbol": "coeff_2_LH_min", "numer": "-1", "denom": "4"}, {"symbol": "coeff_2_HL_min", "numer": "-1", "denom": "4"}, {"symbol": "coeff_2_HH_max", "numer": "1", "denom": "8"}], "level": 2, "array_name": "Output", "phase": [0, 0]}, {"lower_bound": [{"symbol": "coeff_2_LH_min", "numer": "3", "denom": "8"}, {"symbol": "coeff_0_L_max", "numer": "-1", "denom": "32"}, {"symbol": "coeff_1_H_min", "numer": "1", "denom": "64"}, {"symbol": null, "numer": "-33", "denom": "16"}, {"symbol": "coeff_2_LH_max", "numer": "-1", "denom": "8"}, {"symbol": "coeff_0_L_min", "numer": "9", "denom": "32"}, {"symbol": "coeff_1_H_max", "numer": "-9", "denom": "64"}, {"symbol": "coeff_2_HH_max", "numer": "-3", "denom": "16"}, {"symbol": "coeff_2_HL_min", "numer": "1", "denom": "32"}, {"symbol": "coeff_2_HH_min", "numer": "1", "denom": "16"}, {"symbol": "coeff_2_HL_max", "numer": "-9", "denom": "32"}], "upper_bound": [{"symbol": "coeff_2_LH_max", "numer": "3", "denom": "8"}, {"symbol": "coeff_0_L_min", "numer": "-1", "denom": "32"}, {"symbol": "coeff_1_H_max", "numer": "1", "denom": "64"}, {"symbol": null, "numer": "33", "denom": "16"}, {"symbol": "coeff_2_LH_min", "numer": "-1", "denom": "8"}, {"symbol": "coeff_0_L_max", "numer": "9", "denom": "32"}, {"symbol": "coeff_1_H_min", "numer": "-9", "denom": "64"}, {"symbol": "coeff_2_HH_min", "numer": "-3", "denom": "16"}, {"symbol": "coeff_2_HL_max", "numer": "1", "denom": "32"}, {"symbol": "coeff_2_HH_max", "numer": "1", "denom": "16"}, {"symbol": "coeff_2_HL_min", "numer": "-9", "denom": "32"}], "level": 2, "array_name": "Output", "phase": [0, 1]}, {"lower_bound": [{"symbol": "coeff_2_HL_min", "numer": "3", "denom": "8"}, {"symbol": "coeff_2_HH_max", "numer": "-3", "denom": "16"}, {"symbol": null, "numer": "-2219", "denom": "1024"}, {"symbol": "coeff_1_H_max", "numer": "-5", "denom": "64"}, {"symbol": "coeff_0_L_min", "numer": "283", "denom": "1024"}, {"symbol": "coeff_1_H_min", "numer": "5", "denom": "64"}, {"symbol": "coeff_0_L_max", "numer": "-27", "denom": "1024"}, {"symbol": "coeff_2_LH_min", "numer": "1", "denom": "32"}, {"symbol": "coeff_2_HL_max", "numer": "-1", "denom": "8"}, {"symbol": "coeff_2_HH_min", "numer": "1", "denom": "16"}, {"symbol": "coeff_2_LH_max", "numer": "-9", "denom": "32"}], "upper_bound": [{"symbol": "coeff_2_HL_max", "numer": "3", "denom": "8"}, {"symbol": "coeff_2_HH_min", "numer": "-3", "denom": "16"}, {"symbol": null, "numer": "2219", "denom": "1024"}, {"symbol": "coeff_1_H_min", "numer": "-5", "denom": "64"}, {"symbol": "coeff_0_L_max", "numer": "283", "denom": "1024"}, {"symbol": "coeff_1_H_max", "numer": "5", "denom": "64"}, {"symbol": "coeff_0_L_min", "numer": "-27", "denom": "1024"}, {"symbol": "coeff_2_LH_max", "numer": "1", "denom": "32"}, {"symbol": "coeff_2_HL_min", "numer": "-1", "denom": "8"}, {"symbol": "coeff_2_HH_max", "numer": "1", "denom": "16"}, {"symbol": "coeff_2_LH_min", "numer": "-9", "denom": "32"}], "level": 2, "array_name": "Output", "phase": [1, 0]}, {"lower_bound": [{"symbol": "coeff_2_HH_min", "numer": "5", "denom": "16"}, {"symbol": "coeff_2_HL_max", "numer": "-3", "denom": "16"}, {"symbol": "coeff_2_HH_max", "numer": "-3", "denom": "16"}, {"symbol": null, "numer": "-12311", "denom": "4096"}, {"symbol": "coeff_2_HL_min", "numer": "7", "denom": "16"}, {"symbol": "coeff_2_LH_max", "numer": "-3", "denom": "16"}, {"symbol": "coeff_1_H_min", "numer": "25", "denom": "256"}, {"symbol": "coeff_0_L_max", "numer": "-263", "denom": "4096"}, {"symbol": "coeff_1_H_max", "numer": "-25", "denom": "256"}, {"symbol": "coeff_0_L_min", "numer": "1287", "denom": "4096"}, {"symbol": "coeff_2_LH_min", "numer": "7", "denom": "16"}], "upper_bound": [{"symbol": "coeff_2_HH_max", "numer": "5", "denom": "16"}, {"symbol": "coeff_2_HL_min", "numer": "-3", "denom": "16"}, {"symbol": "coeff_2_HH_min", "numer": "-3", "denom": "16"}, {"symbol": null, "numer": "12311", "denom": "4096"}, {"symbol": "coeff_2_HL_max", "numer": "7", "denom": "16"}, {"symbol": "coeff_2_LH_min", "numer": "-3", "denom": "16"}, {"symbol": "coeff_1_H_max", "numer": "25", "denom": "256"}, {"symbol": "coeff_0_L_min", "numer": "-263", "denom": "4096"}, {"symbol": "coeff_1_H_min", "numer": "-25", "denom": "256"}, {"symbol": "coeff_0_L_max", "numer": "1287", "denom": "4096"}, {"symbol": "coeff_2_LH_max", "numer": "7", "denom": "16"}], "level": 2, "array_name": "Output", "phase": [1, 1]}, {"lower_bound": [{"symbol": "coeff_1_H_min", "numer": "3", "denom": "16"}, {"symbol": "coeff_0_L_max", "numer": "-1", "denom": "32"}, {"symbol": "coeff_1_H_max", "numer": "-1", "denom": "16"}, {"symbol": null, "numer": "-53", "denom": "32"}, {"symbol": "coeff_0_L_min", "numer": "9", "denom": "32"}, {"symbol": "coeff_2_LH_max", "numer": "-1", "denom": "4"}, {"symbol": "coeff_2_HL_max", "numer": "-1", "denom": "4"}, {"symbol": "coeff_2_HH_min", "numer": "1", "denom": "8"}], "upper_bound": [{"symbol": "coeff_1_H_max", "numer": "3", "denom": "16"}, {"symbol": "coeff_0_L_min", "numer": "-1", "denom": "32"}, {"symbol": "coeff_1_H_min", "numer": "-1", "denom": "16"}, {"symbol": null, "numer": "53", "denom": "32"}, {"symbol": "coeff_0_L_max", "numer": "9", "denom": "32"}, {"symbol": "coeff_2_LH_min", "numer": "-1", "denom": "4"}, {"symbol": "coeff_2_HL_min", "numer": "-1", "denom": "4"}, {"symbol": "coeff_2_HH_max", "numer": "1", "denom": "8"}], "level": 2, "array_name": "Output", "phase": [2, 0]}, {"lower_bound": [{"symbol": "coeff_2_LH_min", "numer": "3", "denom": "8"}, {"symbol": "coeff_1_H_max", "numer": "-3", "denom": "32"}, {"symbol": "coeff_0_L_min", "numer": "41", "denom": "128"}, {"symbol": "coeff_1_H_min", "numer": "7", "denom": "32"}, {"symbol": null, "numer": "-289", "denom": "128"}, {"symbol": "coeff_0_L_max", "numer": "-9", "denom": "128"}, {"symbol": "coeff_2_LH_max", "numer": "-1", "denom": "8"}, {"symbol": "coeff_2_HH_max", "numer": "-3", "denom": "16"}, {"symbol": "coeff_2_HL_min", "numer": "1", "denom": "32"}, {"symbol": "coeff_2_HH_min", "numer": "1", "denom": "16"}, {"symbol": "coeff_2_HL_max", "numer": "-9", "denom": "32"}], "upper_bound": [{"symbol": "coeff_2_LH_max", "numer": "3", "denom": "8"}, {"symbol": "coeff_1_H_min", "numer": "-3", "denom": "32"}, {"symbol": "coeff_0_L_max", "numer": "41", "denom": "128"}, {"symbol": "coeff_1_H_max", "numer": "7", "denom": "32"}, {"symbol": null, "numer": "289", "denom": "128"}, {"symbol": "coeff_0_L_min", "numer": "-9", "denom": "128"}, {"symbol": "coeff_2_LH_min", "numer": "-1", "denom": "8"}, {"symbol": "coeff_2_HH_min", "numer": "-3", "denom": "16"}, {"symbol": "coeff_2_HL_max", "numer": "1", "denom": "32"}, {"symbol": "coeff_2_HH_max", "numer": "1", "denom": "16"}, {"symbol": "coeff_2_HL_min", "numer": "-9", "denom": "32"}], "level": 2, "array_name": "Output", "phase": [2, 1]}, {"lower_bound": [{"symbol": "coeff_2_HL_min", "numer": "3", "denom": "8"}, {"symbol": "coeff_2_HH_max", "numer": "-3", "denom": "16"}, {"symbol": null, "numer": "-2219", "denom": "1024"}, {"symbol": "coeff_0_L_min", "numer": "283", "denom": "1024"}, {"symbol": "coeff_1_H_max", "numer": "-5", "denom": "64"}, {"symbol": "coeff_1_H_min", "numer": "5", "denom": "64"}, {"symbol": "coeff_2_LH_min", "numer": "1", "denom": "32"}, {"symbol": "coeff_2_HL_max", "numer": "-1", "denom": "8"}, {"symbol": "coeff_2_HH_min", "numer": "1", "denom": "16"}, {"symbol": "coeff_0_L_max", "numer": "-27", "denom": "1024"}, {"symbol": "coeff_2_LH_max", "numer": "-9", "denom": "32"}], "upper_bound": [{"symbol": "coeff_2_HL_max", "numer": "3", "denom": "8"}, {"symbol": "coeff_2_HH_min", "numer": "-3", "denom": "16"}, {"symbol": null, "numer": "2219", "denom": "1024"}, {"symbol": "coeff_0_L_max", "numer": "283", "denom": "1024"}, {"symbol": "coeff_1_H_min", "numer": "-5", "denom": "64"}, {"symbol": "coeff_1_H_max", "numer": "5", "denom": "64"}, {"symbol": "coeff_2_LH_max", "numer": "1", "denom": "32"}, {"symbol": "coeff_2_HL_min", "numer": "-1", "denom": "8"}, {"symbol": "coeff_2_HH_max", "numer": "1", "denom": "16"}, {"symbol": "coeff_0_L_min", "numer": "-27", "denom": "1024"}, {"symbol": "coeff_2_LH_min", "numer": "-9", "denom": "32"}], "level": 2, "array_name": "Output", "phase": [3, 0]}, {"lower_bound": [{"symbol": "coeff_2_HH_min", "numer": "5", "denom": "16"}, {"symbol": "coeff_2_HL_max", "numer": "-3", "denom": "16"}, {"symbol": "coeff_2_HH_max", "numer": "-3", "denom": "16"}, {"symbol": null, "numer": "-12311", "denom": "4096"}, {"symbol": "coeff_2_HL_min", "numer": "7", "denom": "16"}, {"symbol": "coeff_2_LH_max", "numer": "-3", "denom": "16"}, {"symbol": "coeff_0_L_max", "numer": "-263", "denom": "4096"}, {"symbol": "coeff_1_H_min", "numer": "25", "denom": "256"}, {"symbol": "coeff_1_H_max", "numer": "-25", "denom": "256"}, {"symbol": "coeff_2_LH_min", "numer": "7", "denom": "16"}, {"symbol": "coeff_0_L_min", "numer": "1287", "denom": "4096"}], "upper_bound": [{"symbol": "coeff_2_HH_max", "numer": "5", "denom": "16"}, {"symbol": "coeff_2_HL_min", "numer": "-3", "denom": "16"}, {"symbol": "coeff_2_HH_min", "numer": "-3", "denom": "16"}, {"symbol": null, "numer": "12311", "denom": "4096"}, {"symbol": "coeff_2_HL_max", "numer": "7", "denom": "16"}, {"symbol": "coeff_2_LH_min", "numer": "-3", "denom": "16"}, {"symbol": "coeff_0_L_min", "numer": "-263", "denom": "4096"}, {"symbol": "coeff_1_H_max", "numer": "25", "denom": "256"}, {"symbol": "coeff_1_H_min", "numer": "-25", "denom": "256"}, {"symbol": "coeff_2_LH_max", "numer": "7", "denom": "16"}, {"symbol": "coeff_0_L_max", "numer": "1287", "denom": "4096"}], "level": 2, "array_name": "Output", "phase": [3, 1]}], "analysis_test_patterns": [{"target": [0, 0], "pattern": {"dx": 0, "dy": 0, "width": 1, "height": 1, "positive": "gA==", "mask": "gA=="}, "pattern_translation_multiple": [1, 1], "target_translation_multiple": [1, 1], "level": 2, "array_name": "Input", "phase": [0, 0]}, {"target": [0, 0], "pattern": {"dx": 0, "dy": 0, "width": 1, "height": 1, "positive": "gA==", "mask": "gA=="}, "pattern_translation_multiple": [1, 1], "target_translation_multiple": [1, 1], "level": 2, "array_name": "DC", "phase": [0, 0]}, {"target": [0, 0], "pattern": {"dx": 0, "dy": 0, "width": 1, "height": 1, "positive": "gA==", "mask": "gA=="}, "pattern_translation_multiple": [2, 1], "target_translation_multiple": [2, 1], "level": 2, "array_name": "DC'", "phase": [0, 0]}, {"target": [3, 0], "pattern": {"dx": 0, "dy": 0, "width": 7, "height": 1, "positive": "kg==", "mask": "ug=="}, "pattern_translation_multiple": [2, 1], "target_translation_multiple": [2, 1], "level": 2, "array_name": "DC'", "phase": [1, 0]}, {"target": [4, 0], "pattern": {"dx": 0, "dy": 0, "width": 9, "height": 1, "positive": "nIA=", "mask": "voA="}, "pattern_translation_multiple": [2, 1], "target_translation_multiple": [2, 1], "level": 2, "array_name": "DC''", "phase": [0, 0]}, {"target": [3, 0], "pattern": {"dx": 0, "dy": 0, "width": 7, "height": 1, "positive": "kg==", "mask": "ug=="}, "pattern_translation_multiple": [2, 1], "target_translation_multiple": [2, 1], "level": 2, "array_name": "DC''", "phase": [1, 0]}, {"target": [2, 0], "pattern": {"dx": 0, "dy": 0, "width": 9, "height": 1, "positive": "nIA=", "mask": "voA="}, "pattern_translation_multiple": [2, 2], "target_translation_multiple": [1, 2], "level": 2, "array_name": "L'", "phase": [0, 0]}, {"target": [2, 3], "pattern": {"dx": 0, "dy": 0, "width": 9, "height": 7, "positive": "nIAIk5IgAnI=", "mask": "voAvt9voAvo="}, "pattern_translation_multiple": [2, 2], "target_translation_multiple": [1, 2], "level": 2, "array_name": "L'", "phase": [0, 1]}, {"target": [1, 0], "pattern": {"dx": 0, "dy": 0, "width": 7, "height": 1, "positive": "kg==", "mask": "ug=="}, "pattern_translation_multiple": [2, 2], "target_translation_multiple": [1, 2], "level": 2, "array_name": "H'", "phase": [0, 0]}, {"target": [1, 3], "pattern": {"dx": 0, "dy": 0, "width": 7, "height": 7, "positive": "kgCkkoAkgA==", "mask": "ugLt26AugA=="}, "pattern_translation_multiple": [2, 2], "target_translation_multiple": [1, 2], "level": 2, "array_name": "H'", "phase": [0, 1]}, {"target": [2, 4], "pattern": {"dx": 0, "dy": 0, "width": 9, "height": 9, "positive": "nIAIk5nM5IgAnIA=", "mask": "voAvt9vt9voAvoA="}, "pattern_translation_multiple": [2, 2], "target_translation_multiple": [1, 2], "level": 2, "array_name": "L''", "phase": [0, 0]}, {"target": [2, 3], "pattern": {"dx": 0, "dy": 0, "width": 9, "height": 7, "positive": "nIAIk5IgAnI=", "mask": "voAvt9voAvo="}, "pattern_translation_multiple": [2, 2], "target_translation_multiple": [1, 2], "level": 2, "array_name": "L''", "phase": [0, 1]}, {"target": [1, 4], "pattern": {"dx": 0, "dy": 0, "width": 7, "height": 9, "positive": "kgCkmTJKAJI=", "mask": "ugLt27dugLo="}, "pattern_translation_multiple": [2, 2], "target_translation_multiple": [1, 2], "level": 2, "array_name": "H''", "phase": [0, 0]}, {"target": [1, 3], "pattern": {"dx": 0, "dy": 0, "width": 7, "height": 7, "positive": "kgCkkoAkgA==", "mask": "ugLt26AugA=="}, "pattern_translation_multiple": [2, 2], "target_translation_multiple": [1, 2], "level": 2, "array_name": "H''", "phase": [0, 1]}, {"target": [2, 2], "pattern": {"dx": 0, "dy": 0, "width": 9, "height": 9, "positive": "nIAIk5nM5IgAnIA=", "mask": "voAvt9vt9voAvoA="}, "pattern_translation_multiple": [2, 2], "target_translation_multiple": [1, 1], "level": 1, "array_name": "DC", "phase": [0, 0]}, {"target": [2, 2], "pattern": {"dx": 0, "dy": 0, "width": 9, "height": 9, "positive": "nIAIk5nM5IgAnIA=", "mask": "voAvt9vt9voAvoA="}, "pattern_translation_multiple": [4, 2], "target_translation_multiple": [2, 1], "level": 1, "array_name": "DC'", "phase": [0, 0]}, {"target": [5, 2], "pattern": {"dx": 0, "dy": 0, "width": 21, "height": 9, "positive": "nnPIAAAIYwk855nnPM855IYwgAAAnnPI", "mask": "v//oAAAv//t//9v//t//9v//oAAAv//o"}, "pattern_translation_multiple": [4, 2], "target_translation_multiple": [2, 1], "level": 1, "array_name": "DC'", "phase": [1, 0]}, {"target": [6, 2], "pattern": {"dx": 0, "dy": 0, "width": 25, "height": 9, "positive": "nn88gAAACGAwk8/nmefzzPP55IYDCAAAAJ5/PIA=", "mask": "v//+gAAAL///t///2///7f//9v//+gAAAL///oA="}, "pattern_translation_multiple": [4, 2], "target_translation_multiple": [2, 1], "level": 1, "array_name": "DC''", "phase": [0, 0]}, {"target": [5, 2], "pattern": {"dx": 0, "dy": 0, "width": 21, "height": 9, "positive": "nnPIAAAIYwk855nnPM855IYwgAAAnnPI", "mask": "v//oAAAv//t//9v//t//9v//oAAAv//o"}, "pattern_translation_multiple": [4, 2], "target_translation_multiple": [2, 1], "level": 1, "array_name": "DC''", "phase": [1, 0]}], "synthesis_test_patterns": [{"target": [3, 2], "pattern": {"dx": 0, "dy": 0, "width": 25, "height": 9, "positive": "nn88gAAACGAwk8/nmefzzPP55IYDCAAAAJ5/PIA=", "mask": "v//+gAAAL///t///2///7f//9v//+gAAAL///oA="}, "pattern_translation_multiple": [4, 2], "target_translation_multiple": [1, 1], "level": 1, "array_name": "L", "phase": [0, 0]}, {"target": [2, 2], "pattern": {"dx": 0, "dy": 0, "width": 21, "height": 9, "positive": "nnPIAAAIYwk855nnPM855IYwgAAAnnPI", "mask": "v//oAAAv//t//9v//t//9v//oAAAv//o"}, "pattern_translation_multiple": [4, 2], "target_translation_multiple": [1, 1], "level": 1, "array_name": "H", "phase": [0, 0]}, {"target": [6, 2], "pattern": {"dx": 0, "dy": 0, "width": 25, "height": 9, "positive": "nt28gAAACEiQk9u3me3bzPbt5ISJCAAAAJ7dvIA=", "mask": "v//+gAAAL///t///2///7f//9v//+gAAAL///oA="}, "pattern_translation_multiple": [4, 2], "target_translation_multiple": [2, 1], "level": 1, "array_name": "DC'", "phase": [0, 0]}, {"target": [5, 2], "pattern": {"dx": 0, "dy": 0, "width": 21, "height": 9, "positive": "nnPIAAAIYwk855nnPM855IYwgAAAnnPI", "mask": "v//oAAAv//t//9v//t//9v//oAAAv//o"}, "pattern_translation_multiple": [4, 2], "target_translation_multiple": [2, 1], "level": 1, "array_name": "DC'", "phase": [1, 0]}, {"target": [6, 2], "pattern": {"dx": 0, "dy": 0, "width": 25, "height": 9, "positive": "nt28gAAACEiQk9u3me3bzPbt5ISJCAAAAJ7dvIA=", "mask": "v//+gAAAL///t///2///7f//9v//+gAAAL///oA="}, "pattern_translation_multiple": [4, 2], "target_translation_multiple": [2, 1], "level": 1, "array_name": "DC", "phase": [0, 0]}, {"target": [9, 2], "pattern": {"dx": 0, "dy": 0, "width": 37, "height": 9, "positive": "Kd5z3KAAAAAAJYhjCNJTvOe5Qp3nPcoU7znuUliGMI0gAAAAACnec9yg", "mask": "v////+gAAAAAL/////t/////2/////7f////9v////+gAAAAAL/////o"}, "pattern_translation_multiple": [4, 2], "target_translation_multiple": [2, 1], "level": 1, "array_name": "DC", "phase": [1, 0]}, {"target": [6, 2], "pattern": {"dx": 0, "dy": 0, "width": 25, "height": 9, "positive": "nt28gAAACEiQk9u3me3bzPbt5ISJCAAAAJ7dvIA=", "mask": "v//+gAAAL///t///2///7f//9v//+gAAAL///oA="}, "pattern_translation_multiple": [4, 2], "target_translation_multiple": [2, 1], "level": 1, "array_name": "Output", "phase": [0, 0]}, {"target": [9, 2], "pattern": {"dx": 0, "dy": 0, "width": 37, "height": 9, "positive": "Kd5z3KAAAAAAJYhjCNJTvOe5Qp3nPcoU7znuUliGMI0gAAAAACnec9yg", "mask": "v////+gAAAAAL/////t/////2/////7f////9v////+gAAAAAL/////o"}, "pattern_translation_multiple": [4, 2], "target_translation_multiple": [2, 1], "level": 1, "array_name": "Output", "phase": [1, 0]}, {"target": [6, 2], "pattern": {"dx": 0, "dy": 0, "width": 25, "height": 9, "positive": "nt28gAAACEiQk9u3me3bzPbt5ISJCAAAAJ7dvIA=", "mask": "v//+gAAAL///t///2///7f//9v//+gAAAL///oA="}, "pattern_translation_multiple": [4, 2], "target_translation_multiple": [2, 1], "level": 2, "array_name": "LL", "phase": [0, 0]}, {"target": [9, 2], "pattern": {"dx": 0, "dy": 0, "width": 37, "height": 9, "positive": "Kd5z3KAAAAAAJYhjCNJTvOe5Qp3nPcoU7znuUliGMI0gAAAAACnec9yg", "mask": "v////+gAAAAAL/////t/////2/////7f////9v////+gAAAAAL/////o"}, "pattern_translation_multiple": [4, 2], "target_translation_multiple": [2, 1], "level": 2, "array_name": "LL", "phase": [1, 0]}, {"target": [2, 1], "pattern": {"dx": 0, "dy": 0, "width": 9, "height": 7, "positive": "nIAIk5IgAnI=", "mask": "voAvt9voAvo="}, "pattern_translation_multiple": [2, 2], "target_translation_multiple": [1, 1], "level": 2, "array_name": "LH", "phase": [0, 0]}, {"target": [1, 2], "pattern": {"dx": 0, "dy": 0, "width": 7, "height": 9, "positive": "kgCkmTJKAJI=", "mask": "ugLt27dugLo="}, "pattern_translation_multiple": [2, 2], "target_translation_multiple": [1, 1], "level": 2, "array_name": "HL", "phase": [0, 0]}, {"target": [1, 1], "pattern": {"dx": 0, "dy": 0, "width": 7, "height": 7, "positive": "kgCkkoAkgA==", "mask": "ugLt26AugA=="}, "pattern_translation_multiple": [2, 2], "target_translation_multiple": [1, 1], "level": 2, "array_name": "HH", "phase": [0, 0]}, {"target": [6, 4], "pattern": {"dx": 0, "dy": 0, "width": 25, "height": 9, "positive": "nn88gAAACGAwk8/nme3bzPP55IYDCAAAAJ5/PIA=", "mask": "v//+gAAAL///t///2///7f//9v//+gAAAL///oA="}, "pattern_translation_multiple": [4, 2], "target_translation_multiple": [2, 2], "level": 2, "array_name": "L'", "phase": [0, 0]}, {"target": [2, 3], "pattern": {"dx": 0, "dy": 0, "width": 9, "height": 7, "positive": "nIAIk5IgAnI=", "mask": "voAvt9voAvo="}, "pattern_translation_multiple": [4, 2], "target_translation_multiple": [2, 2], "level": 2, "array_name": "L'", "phase": [0, 1]}, {"target": [9, 4], "pattern": {"dx": 0, "dy": 0, "width": 37, "height": 9, "positive": "Kd5z3KAAAAAAJYhjCNJTvOe5Qp3nPcoU7znuUliGMI0gAAAAACnec9yg", "mask": "v////+gAAAAAL/////t/////2/////7f////9v////+gAAAAAL/////o"}, "pattern_translation_multiple": [4, 2], "target_translation_multiple": [2, 2], "level": 2, "array_name": "L'", "phase": [1, 0]}, {"target": [3, 3], "pattern": {"dx": 2, "dy": 0, "width": 9, "height": 7, "positive": "nIAIk5IgAnI=", "mask": "voAvt9voAvo="}, "pattern_translation_multiple": [4, 2], "target_translation_multiple": [2, 2], "level": 2, "array_name": "L'", "phase": [1, 1]}, {"target": [1, 4], "pattern": {"dx": 0, "dy": 0, "width": 7, "height": 9, "positive": "kgCkmTJKAJI=", "mask": "ugLt27dugLo="}, "pattern_translation_multiple": [2, 2], "target_translation_multiple": [1, 2], "level": 2, "array_name": "H'", "phase": [0, 0]}, {"target": [1, 3], "pattern": {"dx": 0, "dy": 0, "width": 7, "height": 7, "positive": "kgCkkoAkgA==", "mask": "ugLt26AugA=="}, "pattern_translation_multiple": [2, 2], "target_translation_multiple": [1, 2], "level": 2, "array_name": "H'", "phase": [0, 1]}, {"target": [6, 4], "pattern": {"dx": 0, "dy": 0, "width": 25, "height": 9, "positive": "nn88gAAACGAwk8/nme3bzPP55IYDCAAAAJ5/PIA=", "mask": "v//+gAAAL///t///2///7f//9v//+gAAAL///oA="}, "pattern_translation_multiple": [4, 2], "target_translation_multiple": [2, 2], "level": 2, "array_name": "L", "phase": [0, 0]}, {"target": [6, 7], "pattern": {"dx": 0, "dy": 0, "width": 25, "height": 15, "positive": "IYDCAAAAJ5/PJDAYSe3bzPP55ISJCT27eZ5jPM8/nkhnMIQwGEnn88gAAACGAwg=", "mask": "v//+gAAAL///t///2///7f//9v//+3///b///t///2///7f//9v//+gAAAL///o="}, "pattern_translation_multiple": [4, 2], "target_translation_multiple": [2, 2], "level": 2, "array_name": "L", "phase": [0, 1]}, {"target": [9, 4], "pattern": {"dx": 0, "dy": 0, "width": 37, "height": 9, "positive": "Kd5z3KAAAAAAJYhjCNJTvOe5Qp3nPcoU7znuUliGMI0gAAAAACnec9yg", "mask": "v////+gAAAAAL/////t/////2/////7f////9v////+gAAAAAL/////o"}, "pattern_translation_multiple": [4, 2], "target_translation_multiple": [2, 2], "level": 2, "array_name": "L", "phase": [1, 0]}, {"target": [9, 7], "pattern": {"dx": 0, "dy": 0, "width": 37, "height": 15, "positive": "liGMI0gAAAAACnec9yksQxhGkp3nPcoU7znuUliGMI0lO857lCncidyhTvOe5SWI3YjTLEMYRpKd5z3KAAAAAAJYhjCNIA==", "mask": "v////+gAAAAAL/////t/////2/////7f////9v////+3/////b/////t/////2/////7f////9v////+gAAAAAL/////oA=="}, "pattern_translation_multiple": [4, 2], "target_translation_multiple": [2, 2], "level": 2, "array_name": "L", "phase": [1, 1]}, {"target": [1, 4], "pattern": {"dx": 0, "dy": 0, "width": 7, "height": 9, "positive": "kgCkmTJKAJI=", "mask": "ugLt27dugLo="}, "pattern_translation_multiple": [2, 2], "target_translation_multiple": [1, 2], "level": 2, "array_name": "H", "phase": [0, 0]}, {"target": [1, 7], "pattern": {"dx": 0, "dy": 0, "width": 7, "height": 15, "positive": "KAJJSTJKSSkmSUkgCgA=", "mask": "ugLt27du3bt27dugLoA="}, "pattern_translation_multiple": [2, 2], "target_translation_multiple": [1, 2], "level": 2, "array_name": "H", "phase": [0, 1]}, {"target": [12, 4], "pattern": {"dx": 0, "dy": 0, "width": 25, "height": 9, "positive": "nn88gAAACGAwk8/nmefzzPP55IYDCAAAAJ5/PIA=", "mask": "v//+gAAAL///t///2///7f//9v//+gAAAL///oA="}, "pattern_translation_multiple": [4, 2], "target_translation_multiple": [4, 2], "level": 2, "array_name": "DC'", "phase": [0, 0]}, {"target": [12, 7], "pattern": {"dx": 0, "dy": 0, "width": 25, "height": 15, "positive": "IYDCAAAAJ5/PJDAYSe3bzPP55ISJCT27eZ5jPM8/nkhnMIQwGEnn88gAAACGAwg=", "mask": "v//+gAAAL///t///2///7f//9v//+3///b///t///2///7f//9v//+gAAAL///o="}, "pattern_translation_multiple": [4, 2], "target_translation_multiple": [4, 2], "level": 2, "array_name": "DC'", "phase": [0, 1]}, {"target": [5, 4], "pattern": {"dx": 2, "dy": 0, "width": 7, "height": 9, "positive": "kgCkmTJKAJI=", "mask": "ugLt27dugLo="}, "pattern_translation_multiple": [4, 2], "target_translation_multiple": [4, 2], "level": 2, "array_name": "DC'", "phase": [1, 0]}, {"target": [5, 7], "pattern": {"dx": 2, "dy": 0, "width": 7, "height": 15, "positive": "KAJJSTJKSSkmSUkgCgA=", "mask": "ugLt27du3bt27dugLoA="}, "pattern_translation_multiple": [4, 2], "target_translation_multiple": [4, 2], "level": 2, "array_name": "DC'", "phase": [1, 1]}, {"target": [18, 4], "pattern": {"dx": 0, "dy": 0, "width": 37, "height": 9, "positive": "Kd5z3KAAAAAAJYhjCNJTvOe5Qp3nPcoU7znuUliGMI0gAAAAACnec9yg", "mask": "v////+gAAAAAL/////t/////2/////7f////9v////+gAAAAAL/////o"}, "pattern_translation_multiple": [4, 2], "target_translation_multiple": [4, 2], "level": 2, "array_name": "DC'", "phase": [2, 0]}, {"target": [18, 7], "pattern": {"dx": 0, "dy": 0, "width": 37, "height": 15, "positive": "liGMI0gAAAAACnec9yksQxhGkp3nPcoU7znuUliGMI0lO857lCncidyhTvOe5SWI3YjTLEMYRpKd5z3KAAAAAAJYhjCNIA==", "mask": "v////+gAAAAAL/////t/////2/////7f////9v////+3/////b/////t/////2/////7f////9v////+gAAAAAL/////oA=="}, "pattern_translation_multiple": [4, 2], "target_translation_multiple": [4, 2], "level": 2, "array_name": "DC'", "phase": [2, 1]}, {"target": [3, 4], "pattern": {"dx": 0, "dy": 0, "width": 7, "height": 9, "positive": "kgCkmTJKAJI=", "mask": "ugLt27dugLo="}, "pattern_translation_multiple": [4, 2], "target_translation_multiple": [4, 2], "level": 2, "array_name": "DC'", "phase": [3, 0]}, {"target": [3, 7], "pattern": {"dx": 0, "dy": 0, "width": 7, "height": 15, "positive": "KAJJSTJKSSkmSUkgCgA=", "mask": "ugLt27du3bt27dugLoA="}, "pattern_translation_multiple": [4, 2], "target_translation_multiple": [4, 2], "level": 2, "array_name": "DC'", "phase": [3, 1]}, {"target": [12, 4], "pattern": {"dx": 0, "dy": 0, "width": 25, "height": 9, "positive": "nn88gAAACGAwk8/nmefzzPP55IYDCAAAAJ5/PIA=", "mask": "v//+gAAAL///t///2///7f//9v//+gAAAL///oA="}, "pattern_translation_multiple": [4, 2], "target_translation_multiple": [4, 2], "level": 2, "array_name": "DC", "phase": [0, 0]}, {"target": [12, 7], "pattern": {"dx": 0, "dy": 0, "width": 25, "height": 15, "positive": "IYDCAAAAJ5/PJDAYSe3bzPP55ISJCT27eZ5jPM8/nkhnMIQwGEnn88gAAACGAwg=", "mask": "v//+gAAAL///t///2///7f//9v//+3///b///t///2///7f//9v//+gAAAL///o="}, "pattern_translation_multiple": [4, 2], "target_translation_multiple": [4, 2], "level": 2, "array_name": "DC", "phase": [0, 1]}, {"target": [21, 4], "pattern": {"dx": 0, "dy": 0, "width": 41, "height": 9, "positive": "lp51vcoAAAAAAApYYpCNMtPOt7lJaedb3KS0863uUKWGKQjSAAAAAACWnnW9ygA=", "mask": "v/////6AAAAAAC//////t//////b/////+3/////9v/////6AAAAAAC//////oA="}, "pattern_translation_multiple": [4, 2], "target_translation_multiple": [4, 2], "level": 2, "array_name": "DC", "phase": [1, 0]}, {"target": [21, 7], "pattern": {"dx": 0, "dy": 0, "width": 41, "height": 15, "positive": "KWGKQjSAAAAAACWnnW9yhSwxSEaZae9b3KS0863uUKWEKQjTLT3re5SWnkodyktPOt7lClhteI0lLDFIRplp51vcoAAAAAAApYYpCNI=", "mask": "v/////6AAAAAAC//////t//////b/////+3/////9v/////7f/////2//////t//////b/////+3/////9v/////6AAAAAAC//////o="}, "pattern_translation_multiple": [4, 2], "target_translation_multiple": [4, 2], "level": 2, "array_name": "DC", "phase": [1, 1]}, {"target": [18, 4], "pattern": {"dx": 0, "dy": 0, "width": 37, "height": 9, "positive": "Kd5z3KAAAAAAJYhjCNJTvOe5Qp3nPcoU7znuUliGMI0gAAAAACnec9yg", "mask": "v////+gAAAAAL/////t/////2/////7f////9v////+gAAAAAL/////o"}, "pattern_translation_multiple": [4, 2], "target_translation_multiple": [4, 2], "level": 2, "array_name": "DC", "phase": [2, 0]}, {"target": [18, 7], "pattern": {"dx": 0, "dy": 0, "width": 37, "height": 15, "positive": "liGMI0gAAAAACnec9yksQxhGkp3nPcoU7znuUliGMI0lO857lCncidyhTvOe5SWI3YjTLEMYRpKd5z3KAAAAAAJYhjCNIA==", "mask": "v////+gAAAAAL/////t/////2/////7f////9v////+3/////b/////t/////2/////7f////9v////+gAAAAAL/////oA=="}, "pattern_translation_multiple": [4, 2], "target_translation_multiple": [4, 2], "level": 2, "array_name": "DC", "phase": [2, 1]}, {"target": [19, 4], "pattern": {"dx": 0, "dy": 0, "width": 41, "height": 9, "positive": "Kd7XPLSAAAAAACWISjDShTva55aSne1zy0lO9rnlpliEow0oAAAAAAAp3tc8tIA=", "mask": "v/////6AAAAAAC//////t//////b/////+3/////9v/////6AAAAAAC//////oA="}, "pattern_translation_multiple": [4, 2], "target_translation_multiple": [4, 2], "level": 2, "array_name": "DC", "phase": [3, 0]}, {"target": [19, 7], "pattern": {"dx": 0, "dy": 0, "width": 41, "height": 15, "positive": "liEow0oAAAAAAAp3tc8tMsQlGGlCne17y0lO9rnlpliEoQ0oU72veWkp3Ck8tJTva55aZYj1sNKSxCUYaUKd7XPLSAAAAAACWISjDSg=", "mask": "v/////6AAAAAAC//////t//////b/////+3/////9v/////7f/////2//////t//////b/////+3/////9v/////6AAAAAAC//////o="}, "pattern_translation_multiple": [4, 2], "target_translation_multiple": [4, 2], "level": 2, "array_name": "DC", "phase": [3, 1]}, {"target": [12, 4], "pattern": {"dx": 0, "dy": 0, "width": 25, "height": 9, "positive": "nn88gAAACGAwk8/nmefzzPP55IYDCAAAAJ5/PIA=", "mask": "v//+gAAAL///t///2///7f//9v//+gAAAL///oA="}, "pattern_translation_multiple": [4, 2], "target_translation_multiple": [4, 2], "level": 2, "array_name": "Output", "phase": [0, 0]}, {"target": [12, 7], "pattern": {"dx": 0, "dy": 0, "width": 25, "height": 15, "positive": "IYDCAAAAJ5/PJDAYSe3bzPP55ISJCT27eZ5jPM8/nkhnMIQwGEnn88gAAACGAwg=", "mask": "v//+gAAAL///t///2///7f//9v//+3///b///t///2///7f//9v//+gAAAL///o="}, "pattern_translation_multiple": [4, 2], "target_translation_multiple": [4, 2], "level": 2, "array_name": "Output", "phase": [0, 1]}, {"target": [21, 4], "pattern": {"dx": 0, "dy": 0, "width": 41, "height": 9, "positive": "lp51vcoAAAAAAApYYpCNMtPOt7lJaedb3KS0863uUKWGKQjSAAAAAACWnnW9ygA=", "mask": "v/////6AAAAAAC//////t//////b/////+3/////9v/////6AAAAAAC//////oA="}, "pattern_translation_multiple": [4, 2], "target_translation_multiple": [4, 2], "level": 2, "array_name": "Output", "phase": [1, 0]}, {"target": [21, 7], "pattern": {"dx": 0, "dy": 0, "width": 41, "height": 15, "positive": "KWGKQjSAAAAAACWnnW9yhSwxSEaZae9b3KS0863uUKWEKQjTLT3re5SWnkodyktPOt7lClhteI0lLDFIRplp51vcoAAAAAAApYYpCNI=", "mask": "v/////6AAAAAAC//////t//////b/////+3/////9v/////7f/////2//////t//////b/////+3/////9v/////6AAAAAAC//////o="}, "pattern_translation_multiple": [4, 2], "target_translation_multiple": [4, 2], "level": 2, "array_name": "Output", "phase": [1, 1]}, {"target": [18, 4], "pattern": {"dx": 0, "dy": 0, "width": 37, "height": 9, "positive": "Kd5z3KAAAAAAJYhjCNJTvOe5Qp3nPcoU7znuUliGMI0gAAAAACnec9yg", "mask": "v////+gAAAAAL/////t/////2/////7f////9v////+gAAAAAL/////o"}, "pattern_translation_multiple": [4, 2], "target_translation_multiple": [4, 2], "level": 2, "array_name": "Output", "phase": [2, 0]}, {"target": [18, 7], "pattern": {"dx": 0, "dy": 0, "width": 37, "height": 15, "positive": "liGMI0gAAAAACnec9yksQxhGkp3nPcoU7znuUliGMI0lO857lCncidyhTvOe5SWI3YjTLEMYRpKd5z3KAAAAAAJYhjCNIA==", "mask": "v////+gAAAAAL/////t/////2/////7f////9v////+3/////b/////t/////2/////7f////9v////+gAAAAAL/////oA=="}, "pattern_translation_multiple": [4, 2], "target_translation_multiple": [4, 2], "level": 2, "array_name": "Output", "phase": [2, 1]}, {"target": [19, 4], "pattern": {"dx": 0, "dy": 0, "width": 41, "height": 9, "positive": "Kd7XPLSAAAAAACWISjDShTva55aSne1zy0lO9rnlpliEow0oAAAAAAAp3tc8tIA=", "mask": "v/////6AAAAAAC//////t//////b/////+3/////9v/////6AAAAAAC//////oA="}, "pattern_translation_multiple": [4, 2], "target_translation_multiple": [4, 2], "level": 2, "array_name": "Output", "phase": [3, 0]}, {"target": [19, 7], "pattern": {"dx": 0, "dy": 0, "width": 41, "height": 15, "positive": "liEow0oAAAAAAAp3tc8tMsQlGGlCne17y0lO9rnlpliEoQ0oU72veWkp3Ck8tJTva55aZYj1sNKSxCUYaUKd7XPLSAAAAAACWISjDSg=", "mask": "v/////6AAAAAAC//////t//////b/////+3/////9v/////7f/////2//////t//////b/////+3/////9v/////6AAAAAAC//////o="}, "pattern_translation_multiple": [4, 2], "target_translation_multiple": [4, 2], "level": 2, "array_name": "Output", "phase": [3, 1]}]}