{"wavelet_index": 3, "wavelet_index_ho": 1, "dwt_depth": 0, "dwt_depth_ho": 2, "analysis_signal_bounds": [{"lower_bound": [{"symbol": "signal_min", "numer": "1", "denom": "1"}], "upper_bound": [{"symbol": "signal_max", "numer": "1", "denom": "1"}], "level": 2, "array_name": "Input", "phase": [0, 0]}, {"lower_bound": [{"symbol": "signal_min", "numer": "2", "denom": "1"}], "upper_bound": [{"symbol": "signal_max", "numer": "2", "denom": "1"}], "level": 2, "array_name": "DC", "phase": [0, 0]}, {"lower_bound": [{"symbol": "signal_min", "numer": "2", "denom": "1"}], "upper_bound": [{"symbol": "signal_max", "numer": "2", "denom": "1"}], "level": 2, "array_name": "DC'", "phase": [0, 0]}, {"lower_bound": [{"symbol": "signal_min", "numer": "2", "denom": "1"}, {"symbol": "signal_max", "numer": "-2", "denom": "1"}, {"symbol": null, "numer": "-1", "denom": "2"}], "upper_bound": [{"symbol": "signal_max", "numer": "2", "denom": "1"}, {"symbol": "signal_min", "numer": "-2", "denom": "1"}, {"symbol": null, "numer": "1", "denom": "2"}], "level": 2, "array_name": "DC'", "phase": [1, 0]}, {"lower_bound": [{"symbol": "signal_min", "numer": "5", "denom": "2"}, {"symbol": "signal_max", "numer": "-1", "denom": "2"}, {"symbol": null, "numer": "-3", "denom": "4"}], "upper_bound": [{"symbol": "signal_max", "numer": "5", "denom": "2"}, {"symbol": "signal_min", "numer": "-1", "denom": "2"}, {"symbol": null, "numer": "3", "denom": "4"}], "level": 2, "array_name": "DC''", "phase": [0, 0]}, {"lower_bound": [{"symbol": "signal_min", "numer": "2", "denom": "1"}, {"symbol": "signal_max", "numer": "-2", "denom": "1"}, {"symbol": null, "numer": "-1", "denom": "2"}], "upper_bound": [{"symbol": "signal_max", "numer": "2", "denom": "1"}, {"symbol": "signal_min", "numer": "-2", "denom": "1"}, {"symbol": null, "numer": "1", "denom": "2"}], "level": 2, "array_name": "DC''", "phase": [1, 0]}, {"lower_bound": [{"symbol": "signal_min", "numer": "5", "denom": "1"}, {"symbol": "signal_max", "numer": "-1", "denom": "1"}, {"symbol": null, "numer": "-3", "denom": "2"}], "upper_bound": [{"symbol": "signal_max", "numer": "5", "denom": "1"}, {"symbol": "signal_min", "numer": "-1", "denom": "1"}, {"symbol": null, "numer": "3", "denom": "2"}], "level": 1, "array_name": "DC", "phase": [0, 0]}, {"lower_bound": [{"symbol": "signal_min", "numer": "5", "denom": "1"}, {"symbol": "signal_max", "numer": "-1", "denom": "1"}, {"symbol": null, "numer": "-3", "denom": "2"}], "upper_bound": [{"symbol": "signal_max", "numer": "5", "denom": "1"}, {"symbol": "signal_min", "numer": "-1", "denom": "1"}, {"symbol": null, "numer": "3", "denom": "2"}], "level": 1, "array_name": "DC'", "phase": [0, 0]}, {"lower_bound": [{"symbol": "signal_min", "numer": "5", "denom": "1"}, {"symbol": "signal_max", "numer": "-5", "denom": "1"}, {"symbol": null, "numer": "-3", "denom": "1"}], "upper_bound": [{"symbol": "signal_max", "numer": "5", "denom": "1"}, {"symbol": "signal_min", "numer": "-5", "denom": "1"}, {"symbol": null, "numer": "3", "denom": "1"}], "level": 1, "array_name": "DC'", "phase": [1, 0]}, {"lower_bound": [{"symbol": "signal_min", "numer": "21", "denom": "4"}, {"symbol": null, "numer": "-23", "denom": "8"}, {"symbol": "signal_max", "numer": "-5", "denom": "4"}], "upper_bound": [{"symbol": "signal_max", "numer": "21", "denom": "4"}, {"symbol": null, "numer": "23", "denom": "8"}, {"symbol": "signal_min", "numer": "-5", "denom": "4"}], "level": 1, "array_name": "DC''", "phase": [0, 0]}, {"lower_bound": [{"symbol": "signal_min", "numer": "5", "denom": "1"}, {"symbol": "signal_max", "numer": "-5", "denom": "1"}, {"symbol": null, "numer": "-3", "denom": "1"}], "upper_bound": [{"symbol": "signal_max", "numer": "5", "denom": "1"}, {"symbol": "signal_min", "numer": "-5", "denom": "1"}, {"symbol": null, "numer": "3", "denom": "1"}], "level": 1, "array_name": "DC''", "phase": [1, 0]}], "synthesis_signal_bounds": [{"lower_bound": [{"symbol": "coeff_0_L_min", "numer": "1", "denom": "1"}], "upper_bound": [{"symbol": "coeff_0_L_max", "numer": "1", "denom": "1"}], "level": 1, "array_name": "L", "phase": [0, 0]}, {"lower_bound": [{"symbol": "coeff_1_H_min", "numer": "1", "denom": "1"}], "upper_bound": [{"symbol": "coeff_1_H_max", "numer": "1", "denom": "1"}], "level": 1, "array_name": "H", "phase": [0, 0]}, {"lower_bound": [{"symbol": "coeff_0_L_min", "numer": "1", "denom": "1"}, {"symbol": "coeff_1_H_max", "numer": "-1", "denom": "2"}, {"symbol": null, "numer": "-1", "denom": "2"}], "upper_bound": [{"symbol": "coeff_0_L_max", "numer": "1", "denom": "1"}, {"symbol": "coeff_1_H_min", "numer": "-1", "denom": "2"}, {"symbol": null, "numer": "1", "denom": "2"}], "level": 1, "array_name": "DC'", "phase": [0, 0]}, {"lower_bound": [{"symbol": "coeff_1_H_min", "numer": "1", "denom": "1"}], "upper_bound": [{"symbol": "coeff_1_H_max", "numer": "1", "denom": "1"}], "level": 1, "array_name": "DC'", "phase": [1, 0]}, {"lower_bound": [{"symbol": "coeff_0_L_min", "numer": "1", "denom": "1"}, {"symbol": "coeff_1_H_max", "numer": "-1", "denom": "2"}, {"symbol": null, "numer": "-1", "denom": "2"}], "upper_bound": [{"symbol": "coeff_0_L_max", "numer": "1", "denom": "1"}, {"symbol": "coeff_1_H_min", "numer": "-1", "denom": "2"}, {"symbol": null, "numer": "1", "denom": "2"}], "level": 1, "array_name": "DC", "phase": [0, 0]}, {"lower_bound": [{"symbol": "coeff_1_H_min", "numer": "3", "denom": "4"}, {"symbol": "coeff_0_L_min", "numer": "1", "denom": "1"}, {"symbol": "coeff_1_H_max", "numer": "-1", "denom": "4"}, {"symbol": null, "numer": "-1", "denom": "1"}], "upper_bound": [{"symbol": "coeff_1_H_max", "numer": "3", "denom": "4"}, {"symbol": "coeff_0_L_max", "numer": "1", "denom": "1"}, {"symbol": "coeff_1_H_min", "numer": "-1", "denom": "4"}, {"symbol": null, "numer": "1", "denom": "1"}], "level": 1, "array_name": "DC", "phase": [1, 0]}, {"lower_bound": [{"symbol": "coeff_0_L_min", "numer": "1", "denom": "2"}, {"symbol": "coeff_1_H_max", "numer": "-1", "denom": "4"}, {"symbol": null, "numer": "-3", "denom": "4"}], "upper_bound": [{"symbol": "coeff_0_L_max", "numer": "1", "denom": "2"}, {"symbol": "coeff_1_H_min", "numer": "-1", "denom": "4"}, {"symbol": null, "numer": "3", "denom": "4"}], "level": 1, "array_name": "Output", "phase": [0, 0]}, {"lower_bound": [{"symbol": "coeff_1_H_min", "numer": "3", "denom": "8"}, {"symbol": "coeff_0_L_min", "numer": "1", "denom": "2"}, {"symbol": "coeff_1_H_max", "numer": "-1", "denom": "8"}, {"symbol": null, "numer": "-1", "denom": "1"}], "upper_bound": [{"symbol": "coeff_1_H_max", "numer": "3", "denom": "8"}, {"symbol": "coeff_0_L_max", "numer": "1", "denom": "2"}, {"symbol": "coeff_1_H_min", "numer": "-1", "denom": "8"}, {"symbol": null, "numer": "1", "denom": "1"}], "level": 1, "array_name": "Output", "phase": [1, 0]}, {"lower_bound": [{"symbol": "coeff_0_L_min", "numer": "1", "denom": "2"}, {"symbol": "coeff_1_H_max", "numer": "-1", "denom": "4"}, {"symbol": null, "numer": "-3", "denom": "4"}], "upper_bound": [{"symbol": "coeff_0_L_max", "numer": "1", "denom": "2"}, {"symbol": "coeff_1_H_min", "numer": "-1", "denom": "4"}, {"symbol": null, "numer": "3", "denom": "4"}], "level": 2, "array_name": "L", "phase": [0, 0]}, {"lower_bound": [{"symbol": "coeff_1_H_min", "numer": "3", "denom": "8"}, {"symbol": "coeff_0_L_min", "numer": "1", "denom": "2"}, {"symbol": "coeff_1_H_max", "numer": "-1", "denom": "8"}, {"symbol": null, "numer": "-1", "denom": "1"}], "upper_bound": [{"symbol": "coeff_1_H_max", "numer": "3", "denom": "8"}, {"symbol": "coeff_0_L_max", "numer": "1", "denom": "2"}, {"symbol": "coeff_1_H_min", "numer": "-1", "denom": "8"}, {"symbol": null, "numer": "1", "denom": "1"}], "level": 2, "array_name": "L", "phase": [1, 0]}, {"lower_bound": [{"symbol": "coeff_2_H_min", "numer": "1", "denom": "1"}], "upper_bound": [{"symbol": "coeff_2_H_max", "numer": "1", "denom": "1"}], "level": 2, "array_name": "H", "phase": [0, 0]}, {"lower_bound": [{"symbol": "coeff_0_L_min", "numer": "1", "denom": "2"}, {"symbol": "coeff_1_H_max", "numer": "-1", "denom": "4"}, {"symbol": null, "numer": "-5", "denom": "4"}, {"symbol": "coeff_2_H_max", "numer": "-1", "denom": "2"}], "upper_bound": [{"symbol": "coeff_0_L_max", "numer": "1", "denom": "2"}, {"symbol": "coeff_1_H_min", "numer": "-1", "denom": "4"}, {"symbol": null, "numer": "5", "denom": "4"}, {"symbol": "coeff_2_H_min", "numer": "-1", "denom": "2"}], "level": 2, "array_name": "DC'", "phase": [0, 0]}, {"lower_bound": [{"symbol": "coeff_2_H_min", "numer": "1", "denom": "1"}], "upper_bound": [{"symbol": "coeff_2_H_max", "numer": "1", "denom": "1"}], "level": 2, "array_name": "DC'", "phase": [1, 0]}, {"lower_bound": [{"symbol": "coeff_1_H_min", "numer": "3", "denom": "8"}, {"symbol": "coeff_0_L_min", "numer": "1", "denom": "2"}, {"symbol": "coeff_1_H_max", "numer": "-1", "denom": "8"}, {"symbol": null, "numer": "-3", "denom": "2"}, {"symbol": "coeff_2_H_max", "numer": "-1", "denom": "2"}], "upper_bound": [{"symbol": "coeff_1_H_max", "numer": "3", "denom": "8"}, {"symbol": "coeff_0_L_max", "numer": "1", "denom": "2"}, {"symbol": "coeff_1_H_min", "numer": "-1", "denom": "8"}, {"symbol": null, "numer": "3", "denom": "2"}, {"symbol": "coeff_2_H_min", "numer": "-1", "denom": "2"}], "level": 2, "array_name": "DC'", "phase": [2, 0]}, {"lower_bound": [{"symbol": "coeff_2_H_min", "numer": "1", "denom": "1"}], "upper_bound": [{"symbol": "coeff_2_H_max", "numer": "1", "denom": "1"}], "level": 2, "array_name": "DC'", "phase": [3, 0]}, {"lower_bound": [{"symbol": "coeff_0_L_min", "numer": "1", "denom": "2"}, {"symbol": "coeff_1_H_max", "numer": "-1", "denom": "4"}, {"symbol": null, "numer": "-5", "denom": "4"}, {"symbol": "coeff_2_H_max", "numer": "-1", "denom": "2"}], "upper_bound": [{"symbol": "coeff_0_L_max", "numer": "1", "denom": "2"}, {"symbol": "coeff_1_H_min", "numer": "-1", "denom": "4"}, {"symbol": null, "numer": "5", "denom": "4"}, {"symbol": "coeff_2_H_min", "numer": "-1", "denom": "2"}], "level": 2, "array_name": "DC", "phase": [0, 0]}, {"lower_bound": [{"symbol": "coeff_2_H_min", "numer": "3", "denom": "4"}, {"symbol": "coeff_0_L_min", "numer": "1", "denom": "2"}, {"symbol": "coeff_1_H_max", "numer": "-1", "denom": "8"}, {"symbol": "coeff_1_H_min", "numer": "1", "denom": "8"}, {"symbol": null, "numer": "-15", "denom": "8"}, {"symbol": "coeff_2_H_max", "numer": "-1", "denom": "4"}], "upper_bound": [{"symbol": "coeff_2_H_max", "numer": "3", "denom": "4"}, {"symbol": "coeff_0_L_max", "numer": "1", "denom": "2"}, {"symbol": "coeff_1_H_min", "numer": "-1", "denom": "8"}, {"symbol": "coeff_1_H_max", "numer": "1", "denom": "8"}, {"symbol": null, "numer": "15", "denom": "8"}, {"symbol": "coeff_2_H_min", "numer": "-1", "denom": "4"}], "level": 2, "array_name": "DC", "phase": [1, 0]}, {"lower_bound": [{"symbol": "coeff_1_H_min", "numer": "3", "denom": "8"}, {"symbol": "coeff_0_L_min", "numer": "1", "denom": "2"}, {"symbol": "coeff_1_H_max", "numer": "-1", "denom": "8"}, {"symbol": null, "numer": "-3", "denom": "2"}, {"symbol": "coeff_2_H_max", "numer": "-1", "denom": "2"}], "upper_bound": [{"symbol": "coeff_1_H_max", "numer": "3", "denom": "8"}, {"symbol": "coeff_0_L_max", "numer": "1", "denom": "2"}, {"symbol": "coeff_1_H_min", "numer": "-1", "denom": "8"}, {"symbol": null, "numer": "3", "denom": "2"}, {"symbol": "coeff_2_H_min", "numer": "-1", "denom": "2"}], "level": 2, "array_name": "DC", "phase": [2, 0]}, {"lower_bound": [{"symbol": "coeff_2_H_min", "numer": "3", "denom": "4"}, {"symbol": "coeff_1_H_min", "numer": "1", "denom": "8"}, {"symbol": "coeff_0_L_min", "numer": "1", "denom": "2"}, {"symbol": "coeff_1_H_max", "numer": "-1", "denom": "8"}, {"symbol": null, "numer": "-15", "denom": "8"}, {"symbol": "coeff_2_H_max", "numer": "-1", "denom": "4"}], "upper_bound": [{"symbol": "coeff_2_H_max", "numer": "3", "denom": "4"}, {"symbol": "coeff_1_H_max", "numer": "1", "denom": "8"}, {"symbol": "coeff_0_L_max", "numer": "1", "denom": "2"}, {"symbol": "coeff_1_H_min", "numer": "-1", "denom": "8"}, {"symbol": null, "numer": "15", "denom": "8"}, {"symbol": "coeff_2_H_min", "numer": "-1", "denom": "4"}], "level": 2, "array_name": "DC", "phase": [3, 0]}, {"lower_bound": [{"symbol": "coeff_0_L_min", "numer": "1", "denom": "4"}, {"symbol": "coeff_1_H_max", "numer": "-1", "denom": "8"}, {"symbol": null, "numer": "-9", "denom": "8"}, {"symbol": "coeff_2_H_max", "numer": "-1", "denom": "4"}], "upper_bound": [{"symbol": "coeff_0_L_max", "numer": "1", "denom": "4"}, {"symbol": "coeff_1_H_min", "numer": "-1", "denom": "8"}, {"symbol": null, "numer": "9", "denom": "8"}, {"symbol": "coeff_2_H_min", "numer": "-1", "denom": "4"}], "level": 2, "array_name": "Output", "phase": [0, 0]}, {"lower_bound": [{"symbol": "coeff_2_H_min", "numer": "3", "denom": "8"}, {"symbol": "coeff_0_L_min", "numer": "1", "denom": "4"}, {"symbol": "coeff_1_H_max", "numer": "-1", "denom": "16"}, {"symbol": "coeff_1_H_min", "numer": "1", "denom": "16"}, {"symbol": null, "numer": "-23", "denom": "16"}, {"symbol": "coeff_2_H_max", "numer": "-1", "denom": "8"}], "upper_bound": [{"symbol": "coeff_2_H_max", "numer": "3", "denom": "8"}, {"symbol": "coeff_0_L_max", "numer": "1", "denom": "4"}, {"symbol": "coeff_1_H_min", "numer": "-1", "denom": "16"}, {"symbol": "coeff_1_H_max", "numer": "1", "denom": "16"}, {"symbol": null, "numer": "23", "denom": "16"}, {"symbol": "coeff_2_H_min", "numer": "-1", "denom": "8"}], "level": 2, "array_name": "Output", "phase": [1, 0]}, {"lower_bound": [{"symbol": "coeff_1_H_min", "numer": "3", "denom": "16"}, {"symbol": "coeff_0_L_min", "numer": "1", "denom": "4"}, {"symbol": "coeff_1_H_max", "numer": "-1", "denom": "16"}, {"symbol": null, "numer": "-5", "denom": "4"}, {"symbol": "coeff_2_H_max", "numer": "-1", "denom": "4"}], "upper_bound": [{"symbol": "coeff_1_H_max", "numer": "3", "denom": "16"}, {"symbol": "coeff_0_L_max", "numer": "1", "denom": "4"}, {"symbol": "coeff_1_H_min", "numer": "-1", "denom": "16"}, {"symbol": null, "numer": "5", "denom": "4"}, {"symbol": "coeff_2_H_min", "numer": "-1", "denom": "4"}], "level": 2, "array_name": "Output", "phase": [2, 0]}, {"lower_bound": [{"symbol": "coeff_2_H_min", "numer": "3", "denom": "8"}, {"symbol": "coeff_1_H_min", "numer": "1", "denom": "16"}, {"symbol": "coeff_0_L_min", "numer": "1", "denom": "4"}, {"symbol": "coeff_1_H_max", "numer": "-1", "denom": "16"}, {"symbol": null, "numer": "-23", "denom": "16"}, {"symbol": "coeff_2_H_max", "numer": "-1", "denom": "8"}], "upper_bound": [{"symbol": "coeff_2_H_max", "numer": "3", "denom": "8"}, {"symbol": "coeff_1_H_max", "numer": "1", "denom": "16"}, {"symbol": "coeff_0_L_max", "numer": "1", "denom": "4"}, {"symbol": "coeff_1_H_min", "numer": "-1", "denom": "16"}, {"symbol": null, "numer": "23", "denom": "16"}, {"symbol": "coeff_2_H_min", "numer": "-1", "denom": "8"}], "level": 2, "array_name": "Output", "phase": [3, 0]}], "analysis_test_patterns": [{"target": [0, 0], "pattern": {"dx": 0, "dy": 0, "width": 1, "height": 1, "positive": "gA==", "mask": "gA=="}, "pattern_translation_multiple": [1, 1], "target_translation_multiple": [1, 1], "level": 2, "array_name": "Input", "phase": [0, 0]}, {"target": [0, 0], "pattern": {"dx": 0, "dy": 0, "width": 1, "height": 1, "positive": "gA==", "mask": "gA=="}, "pattern_translation_multiple": [1, 1], "target_translation_multiple": [1, 1], "level": 2, "array_name": "DC", "phase": [0, 0]}, {"target": [0, 0], "pattern": {"dx": 0, "dy": 0, "width": 1, "height": 1, "positive": "gA==", "mask": "gA=="}, "pattern_translation_multiple": [2, 1], "target_translation_multiple": [2, 1], "level": 2, "array_name": "DC'", "phase": [0, 0]}, {"target": [1, 0], "pattern": {"dx": 0, "dy": 0, "width": 3, "height": 1, "positive": "QA==", "mask": "4A=="}, "pattern_translation_multiple": [2, 1], "target_translation_multiple": [2, 1], "level": 2, "array_name": "DC'", "phase": [1, 0]}, {"target": [2, 0], "pattern": {"dx": 0, "dy": 0, "width": 5, "height": 1, "positive": "cA==", "mask": "+A=="}, "pattern_translation_multiple": [2, 1], "target_translation_multiple": [2, 1], "level": 2, "array_name": "DC''", "phase": [0, 0]}, {"target": [1, 0], "pattern": {"dx": 0, "dy": 0, "width": 3, "height": 1, "positive": "QA==", "mask": "4A=="}, "pattern_translation_multiple": [2, 1], "target_translation_multiple": [2, 1], "level": 2, "array_name": "DC''", "phase": [1, 0]}, {"target": [1, 0], "pattern": {"dx": 0, "dy": 0, "width": 5, "height": 1, "positive": "cA==", "mask": "+A=="}, "pattern_translation_multiple": [2, 1], "target_translation_multiple": [1, 1], "level": 1, "array_name": "DC", "phase": [0, 0]}, {"target": [2, 0], "pattern": {"dx": 2, "dy": 0, "width": 5, "height": 1, "positive": "cA==", "mask": "+A=="}, "pattern_translation_multiple": [4, 1], "target_translation_multiple": [2, 1], "level": 1, "array_name": "DC'", "phase": [0, 0]}, {"target": [3, 0], "pattern": {"dx": 2, "dy": 0, "width": 9, "height": 1, "positive": "nIA=", "mask": "/4A="}, "pattern_translation_multiple": [4, 1], "target_translation_multiple": [2, 1], "level": 1, "array_name": "DC'", "phase": [1, 0]}, {"target": [4, 0], "pattern": {"dx": 2, "dy": 0, "width": 13, "height": 1, "positive": "n8g=", "mask": "//g="}, "pattern_translation_multiple": [4, 1], "target_translation_multiple": [2, 1], "level": 1, "array_name": "DC''", "phase": [0, 0]}, {"target": [3, 0], "pattern": {"dx": 2, "dy": 0, "width": 9, "height": 1, "positive": "nIA=", "mask": "/4A="}, "pattern_translation_multiple": [4, 1], "target_translation_multiple": [2, 1], "level": 1, "array_name": "DC''", "phase": [1, 0]}], "synthesis_test_patterns": [{"target": [2, 0], "pattern": {"dx": 2, "dy": 0, "width": 13, "height": 1, "positive": "n8g=", "mask": "//g="}, "pattern_translation_multiple": [4, 1], "target_translation_multiple": [1, 1], "level": 1, "array_name": "L", "phase": [0, 0]}, {"target": [1, 0], "pattern": {"dx": 2, "dy": 0, "width": 9, "height": 1, "positive": "nIA=", "mask": "/4A="}, "pattern_translation_multiple": [4, 1], "target_translation_multiple": [1, 1], "level": 1, "array_name": "H", "phase": [0, 0]}, {"target": [4, 0], "pattern": {"dx": 2, "dy": 0, "width": 13, "height": 1, "positive": "l0g=", "mask": "//g="}, "pattern_translation_multiple": [4, 1], "target_translation_multiple": [2, 1], "level": 1, "array_name": "DC'", "phase": [0, 0]}, {"target": [3, 0], "pattern": {"dx": 2, "dy": 0, "width": 9, "height": 1, "positive": "nIA=", "mask": "/4A="}, "pattern_translation_multiple": [4, 1], "target_translation_multiple": [2, 1], "level": 1, "array_name": "DC'", "phase": [1, 0]}, {"target": [4, 0], "pattern": {"dx": 2, "dy": 0, "width": 13, "height": 1, "positive": "l0g=", "mask": "//g="}, "pattern_translation_multiple": [4, 1], "target_translation_multiple": [2, 1], "level": 1, "array_name": "DC", "phase": [0, 0]}, {"target": [5, 0], "pattern": {"dx": 2, "dy": 0, "width": 17, "height": 1, "positive": "mcyA", "mask": "//+A"}, "pattern_translation_multiple": [4, 1], "target_translation_multiple": [2, 1], "level": 1, "array_name": "DC", "phase": [1, 0]}, {"target": [4, 0], "pattern": {"dx": 2, "dy": 0, "width": 13, "height": 1, "positive": "l0g=", "mask": "//g="}, "pattern_translation_multiple": [4, 1], "target_translation_multiple": [2, 1], "level": 1, "array_name": "Output", "phase": [0, 0]}, {"target": [5, 0], "pattern": {"dx": 2, "dy": 0, "width": 17, "height": 1, "positive": "mcyA", "mask": "//+A"}, "pattern_translation_multiple": [4, 1], "target_translation_multiple": [2, 1], "level": 1, "array_name": "Output", "phase": [1, 0]}, {"target": [4, 0], "pattern": {"dx": 2, "dy": 0, "width": 13, "height": 1, "positive": "l0g=", "mask": "//g="}, "pattern_translation_multiple": [4, 1], "target_translation_multiple": [2, 1], "level": 2, "array_name": "L", "phase": [0, 0]}, {"target": [5, 0], "pattern": {"dx": 2, "dy": 0, "width": 17, "height": 1, "positive": "mcyA", "mask": "//+A"}, "pattern_translation_multiple": [4, 1], "target_translation_multiple": [2, 1], "level": 2, "array_name": "L", "phase": [1, 0]}, {"target": [0, 0], "pattern": {"dx": 0, "dy": 0, "width": 3, "height": 1, "positive": "QA==", "mask": "4A=="}, "pattern_translation_multiple": [2, 1], "target_translation_multiple": [1, 1], "level": 2, "array_name": "H", "phase": [0, 0]}, {"target": [8, 0], "pattern": {"dx": 2, "dy": 0, "width": 13, "height": 1, "positive": "n8g=", "mask": "//g="}, "pattern_translation_multiple": [4, 1], "target_translation_multiple": [4, 1], "level": 2, "array_name": "DC'", "phase": [0, 0]}, {"target": [1, 0], "pattern": {"dx": 0, "dy": 0, "width": 3, "height": 1, "positive": "QA==", "mask": "4A=="}, "pattern_translation_multiple": [4, 1], "target_translation_multiple": [4, 1], "level": 2, "array_name": "DC'", "phase": [1, 0]}, {"target": [10, 0], "pattern": {"dx": 2, "dy": 0, "width": 17, "height": 1, "positive": "mcyA", "mask": "//+A"}, "pattern_translation_multiple": [4, 1], "target_translation_multiple": [4, 1], "level": 2, "array_name": "DC'", "phase": [2, 0]}, {"target": [3, 0], "pattern": {"dx": 2, "dy": 0, "width": 3, "height": 1, "positive": "QA==", "mask": "4A=="}, "pattern_translation_multiple": [4, 1], "target_translation_multiple": [4, 1], "level": 2, "array_name": "DC'", "phase": [3, 0]}, {"target": [8, 0], "pattern": {"dx": 2, "dy": 0, "width": 13, "height": 1, "positive": "n8g=", "mask": "//g="}, "pattern_translation_multiple": [4, 1], "target_translation_multiple": [4, 1], "level": 2, "array_name": "DC", "phase": [0, 0]}, {"target": [9, 0], "pattern": {"dx": 2, "dy": 0, "width": 17, "height": 1, "positive": "nUyA", "mask": "//+A"}, "pattern_translation_multiple": [4, 1], "target_translation_multiple": [4, 1], "level": 2, "array_name": "DC", "phase": [1, 0]}, {"target": [10, 0], "pattern": {"dx": 2, "dy": 0, "width": 17, "height": 1, "positive": "mcyA", "mask": "//+A"}, "pattern_translation_multiple": [4, 1], "target_translation_multiple": [4, 1], "level": 2, "array_name": "DC", "phase": [2, 0]}, {"target": [11, 0], "pattern": {"dx": 2, "dy": 0, "width": 17, "height": 1, "positive": "mVyA", "mask": "//+A"}, "pattern_translation_multiple": [4, 1], "target_translation_multiple": [4, 1], "level": 2, "array_name": "DC", "phase": [3, 0]}, {"target": [8, 0], "pattern": {"dx": 2, "dy": 0, "width": 13, "height": 1, "positive": "n8g=", "mask": "//g="}, "pattern_translation_multiple": [4, 1], "target_translation_multiple": [4, 1], "level": 2, "array_name": "Output", "phase": [0, 0]}, {"target": [9, 0], "pattern": {"dx": 2, "dy": 0, "width": 17, "height": 1, "positive": "nUyA", "mask": "//+A"}, "pattern_translation_multiple": [4, 1], "target_translation_multiple": [4, 1], "level": 2, "array_name": "Output", "phase": [1, 0]}, {"target": [10, 0], "pattern": {"dx": 2, "dy": 0, "width": 17, "height": 1, "positive": "mcyA", "mask": "//+A"}, "pattern_translation_multiple": [4, 1], "target_translation_multiple": [4, 1], "level": 2, "array_name": "Output", "phase": [2, 0]}, {"target": [11, 0], "pattern": {"dx": 2, "dy": 0, "width": 17, "height": 1, "positive": "mVyA", "mask": "//+A"}, "pattern_translation_multiple": [4, 1], "target_translation_multiple": [4, 1], "level": 2, "array_name": "Output", "phase": [3, 0]}]}