{"wavelet_index": 2, "wavelet_index_ho": 2, "dwt_depth": 0, "dwt_depth_ho": 3, "analysis_signal_bounds": [{"lower_bound": [{"symbol": "signal_min", "numer": "1", "denom": "1"}], "upper_bound": [{"symbol": "signal_max", "numer": "1", "denom": "1"}], "level": 3, "array_name": "Input", "phase": [0, 0]}, {"lower_bound": [{"symbol": "signal_min", "numer": "2", "denom": "1"}], "upper_bound": [{"symbol": "signal_max", "numer": "2", "denom": "1"}], "level": 3, "array_name": "DC", "phase": [0, 0]}, {"lower_bound": [{"symbol": "signal_min", "numer": "2", "denom": "1"}], "upper_bound": [{"symbol": "signal_max", "numer": "2", "denom": "1"}], "level": 3, "array_name": "DC'", "phase": [0, 0]}, {"lower_bound": [{"symbol": "signal_min", "numer": "9", "denom": "4"}, {"symbol": "signal_max", "numer": "-9", "denom": "4"}, {"symbol": null, "numer": "-1", "denom": "2"}], "upper_bound": [{"symbol": "signal_max", "numer": "9", "denom": "4"}, {"symbol": "signal_min", "numer": "-9", "denom": "4"}, {"symbol": null, "numer": "1", "denom": "2"}], "level": 3, "array_name": "DC'", "phase": [1, 0]}, {"lower_bound": [{"symbol": "signal_min", "numer": "21", "denom": "8"}, {"symbol": "signal_max", "numer": "-5", "denom": "8"}, {"symbol": null, "numer": "-13", "denom": "16"}], "upper_bound": [{"symbol": "signal_max", "numer": "21", "denom": "8"}, {"symbol": "signal_min", "numer": "-5", "denom": "8"}, {"symbol": null, "numer": "13", "denom": "16"}], "level": 3, "array_name": "DC''", "phase": [0, 0]}, {"lower_bound": [{"symbol": "signal_min", "numer": "9", "denom": "4"}, {"symbol": "signal_max", "numer": "-9", "denom": "4"}, {"symbol": null, "numer": "-1", "denom": "2"}], "upper_bound": [{"symbol": "signal_max", "numer": "9", "denom": "4"}, {"symbol": "signal_min", "numer": "-9", "denom": "4"}, {"symbol": null, "numer": "1", "denom": "2"}], "level": 3, "array_name": "DC''", "phase": [1, 0]}, {"lower_bound": [{"symbol": "signal_min", "numer": "21", "denom": "4"}, {"symbol": "signal_max", "numer": "-5", "denom": "4"}, {"symbol": null, "numer": "-13", "denom": "8"}], "upper_bound": [{"symbol": "signal_max", "numer": "21", "denom": "4"}, {"symbol": "signal_min", "numer": "-5", "denom": "4"}, {"symbol": null, "numer": "13", "denom": "8"}], "level": 2, "array_name": "DC", "phase": [0, 0]}, {"lower_bound": [{"symbol": "signal_min", "numer": "21", "denom": "4"}, {"symbol": "signal_max", "numer": "-5", "denom": "4"}, {"symbol": null, "numer": "-13", "denom": "8"}], "upper_bound": [{"symbol": "signal_max", "numer": "21", "denom": "4"}, {"symbol": "signal_min", "numer": "-5", "denom": "4"}, {"symbol": null, "numer": "13", "denom": "8"}], "level": 2, "array_name": "DC'", "phase": [0, 0]}, {"lower_bound": [{"symbol": "signal_min", "numer": "5923", "denom": "1024"}, {"symbol": "signal_max", "numer": "-5923", "denom": "1024"}, {"symbol": null, "numer": "-451", "denom": "128"}], "upper_bound": [{"symbol": "signal_max", "numer": "5923", "denom": "1024"}, {"symbol": "signal_min", "numer": "-5923", "denom": "1024"}, {"symbol": null, "numer": "451", "denom": "128"}], "level": 2, "array_name": "DC'", "phase": [1, 0]}, {"lower_bound": [{"symbol": "signal_min", "numer": "85485", "denom": "16384"}, {"symbol": "signal_max", "numer": "-19949", "denom": "16384"}, {"symbol": null, "numer": "-12941", "denom": "4096"}], "upper_bound": [{"symbol": "signal_max", "numer": "85485", "denom": "16384"}, {"symbol": "signal_min", "numer": "-19949", "denom": "16384"}, {"symbol": null, "numer": "12941", "denom": "4096"}], "level": 2, "array_name": "DC''", "phase": [0, 0]}, {"lower_bound": [{"symbol": "signal_min", "numer": "5923", "denom": "1024"}, {"symbol": "signal_max", "numer": "-5923", "denom": "1024"}, {"symbol": null, "numer": "-451", "denom": "128"}], "upper_bound": [{"symbol": "signal_max", "numer": "5923", "denom": "1024"}, {"symbol": "signal_min", "numer": "-5923", "denom": "1024"}, {"symbol": null, "numer": "451", "denom": "128"}], "level": 2, "array_name": "DC''", "phase": [1, 0]}, {"lower_bound": [{"symbol": "signal_min", "numer": "85485", "denom": "8192"}, {"symbol": "signal_max", "numer": "-19949", "denom": "8192"}, {"symbol": null, "numer": "-12941", "denom": "2048"}], "upper_bound": [{"symbol": "signal_max", "numer": "85485", "denom": "8192"}, {"symbol": "signal_min", "numer": "-19949", "denom": "8192"}, {"symbol": null, "numer": "12941", "denom": "2048"}], "level": 1, "array_name": "DC", "phase": [0, 0]}, {"lower_bound": [{"symbol": "signal_min", "numer": "85485", "denom": "8192"}, {"symbol": "signal_max", "numer": "-19949", "denom": "8192"}, {"symbol": null, "numer": "-12941", "denom": "2048"}], "upper_bound": [{"symbol": "signal_max", "numer": "85485", "denom": "8192"}, {"symbol": "signal_min", "numer": "-19949", "denom": "8192"}, {"symbol": null, "numer": "12941", "denom": "2048"}], "level": 1, "array_name": "DC'", "phase": [0, 0]}, {"lower_bound": [{"symbol": "signal_min", "numer": "3131015", "denom": "262144"}, {"symbol": "signal_max", "numer": "-3131015", "denom": "262144"}, {"symbol": null, "numer": "-99167", "denom": "8192"}], "upper_bound": [{"symbol": "signal_max", "numer": "3131015", "denom": "262144"}, {"symbol": "signal_min", "numer": "-3131015", "denom": "262144"}, {"symbol": null, "numer": "99167", "denom": "8192"}], "level": 1, "array_name": "DC'", "phase": [1, 0]}, {"lower_bound": [{"symbol": "signal_min", "numer": "44291403", "denom": "4194304"}, {"symbol": null, "numer": "-8385005", "denom": "1048576"}, {"symbol": "signal_max", "numer": "-10736971", "denom": "4194304"}], "upper_bound": [{"symbol": "signal_max", "numer": "44291403", "denom": "4194304"}, {"symbol": null, "numer": "8385005", "denom": "1048576"}, {"symbol": "signal_min", "numer": "-10736971", "denom": "4194304"}], "level": 1, "array_name": "DC''", "phase": [0, 0]}, {"lower_bound": [{"symbol": "signal_min", "numer": "3131015", "denom": "262144"}, {"symbol": "signal_max", "numer": "-3131015", "denom": "262144"}, {"symbol": null, "numer": "-99167", "denom": "8192"}], "upper_bound": [{"symbol": "signal_max", "numer": "3131015", "denom": "262144"}, {"symbol": "signal_min", "numer": "-3131015", "denom": "262144"}, {"symbol": null, "numer": "99167", "denom": "8192"}], "level": 1, "array_name": "DC''", "phase": [1, 0]}], "synthesis_signal_bounds": [{"lower_bound": [{"symbol": "coeff_0_L_min", "numer": "1", "denom": "1"}], "upper_bound": [{"symbol": "coeff_0_L_max", "numer": "1", "denom": "1"}], "level": 1, "array_name": "L", "phase": [0, 0]}, {"lower_bound": [{"symbol": "coeff_1_H_min", "numer": "1", "denom": "1"}], "upper_bound": [{"symbol": "coeff_1_H_max", "numer": "1", "denom": "1"}], "level": 1, "array_name": "H", "phase": [0, 0]}, {"lower_bound": [{"symbol": "coeff_0_L_min", "numer": "1", "denom": "1"}, {"symbol": "coeff_1_H_min", "numer": "1", "denom": "16"}, {"symbol": "coeff_1_H_max", "numer": "-9", "denom": "16"}, {"symbol": null, "numer": "-1", "denom": "2"}], "upper_bound": [{"symbol": "coeff_0_L_max", "numer": "1", "denom": "1"}, {"symbol": "coeff_1_H_max", "numer": "1", "denom": "16"}, {"symbol": "coeff_1_H_min", "numer": "-9", "denom": "16"}, {"symbol": null, "numer": "1", "denom": "2"}], "level": 1, "array_name": "DC'", "phase": [0, 0]}, {"lower_bound": [{"symbol": "coeff_1_H_min", "numer": "1", "denom": "1"}], "upper_bound": [{"symbol": "coeff_1_H_max", "numer": "1", "denom": "1"}], "level": 1, "array_name": "DC'", "phase": [1, 0]}, {"lower_bound": [{"symbol": "coeff_0_L_min", "numer": "1", "denom": "1"}, {"symbol": "coeff_1_H_min", "numer": "1", "denom": "16"}, {"symbol": "coeff_1_H_max", "numer": "-9", "denom": "16"}, {"symbol": null, "numer": "-1", "denom": "2"}], "upper_bound": [{"symbol": "coeff_0_L_max", "numer": "1", "denom": "1"}, {"symbol": "coeff_1_H_max", "numer": "1", "denom": "16"}, {"symbol": "coeff_1_H_min", "numer": "-9", "denom": "16"}, {"symbol": null, "numer": "1", "denom": "2"}], "level": 1, "array_name": "DC", "phase": [0, 0]}, {"lower_bound": [{"symbol": "coeff_1_H_min", "numer": "3", "denom": "4"}, {"symbol": "coeff_0_L_max", "numer": "-1", "denom": "8"}, {"symbol": "coeff_1_H_max", "numer": "-1", "denom": "4"}, {"symbol": null, "numer": "-9", "denom": "8"}, {"symbol": "coeff_0_L_min", "numer": "9", "denom": "8"}], "upper_bound": [{"symbol": "coeff_1_H_max", "numer": "3", "denom": "4"}, {"symbol": "coeff_0_L_min", "numer": "-1", "denom": "8"}, {"symbol": "coeff_1_H_min", "numer": "-1", "denom": "4"}, {"symbol": null, "numer": "9", "denom": "8"}, {"symbol": "coeff_0_L_max", "numer": "9", "denom": "8"}], "level": 1, "array_name": "DC", "phase": [1, 0]}, {"lower_bound": [{"symbol": "coeff_0_L_min", "numer": "1", "denom": "2"}, {"symbol": "coeff_1_H_min", "numer": "1", "denom": "32"}, {"symbol": "coeff_1_H_max", "numer": "-9", "denom": "32"}, {"symbol": null, "numer": "-3", "denom": "4"}], "upper_bound": [{"symbol": "coeff_0_L_max", "numer": "1", "denom": "2"}, {"symbol": "coeff_1_H_max", "numer": "1", "denom": "32"}, {"symbol": "coeff_1_H_min", "numer": "-9", "denom": "32"}, {"symbol": null, "numer": "3", "denom": "4"}], "level": 1, "array_name": "Output", "phase": [0, 0]}, {"lower_bound": [{"symbol": "coeff_1_H_min", "numer": "3", "denom": "8"}, {"symbol": "coeff_0_L_max", "numer": "-1", "denom": "16"}, {"symbol": "coeff_1_H_max", "numer": "-1", "denom": "8"}, {"symbol": null, "numer": "-17", "denom": "16"}, {"symbol": "coeff_0_L_min", "numer": "9", "denom": "16"}], "upper_bound": [{"symbol": "coeff_1_H_max", "numer": "3", "denom": "8"}, {"symbol": "coeff_0_L_min", "numer": "-1", "denom": "16"}, {"symbol": "coeff_1_H_min", "numer": "-1", "denom": "8"}, {"symbol": null, "numer": "17", "denom": "16"}, {"symbol": "coeff_0_L_max", "numer": "9", "denom": "16"}], "level": 1, "array_name": "Output", "phase": [1, 0]}, {"lower_bound": [{"symbol": "coeff_0_L_min", "numer": "1", "denom": "2"}, {"symbol": "coeff_1_H_min", "numer": "1", "denom": "32"}, {"symbol": "coeff_1_H_max", "numer": "-9", "denom": "32"}, {"symbol": null, "numer": "-3", "denom": "4"}], "upper_bound": [{"symbol": "coeff_0_L_max", "numer": "1", "denom": "2"}, {"symbol": "coeff_1_H_max", "numer": "1", "denom": "32"}, {"symbol": "coeff_1_H_min", "numer": "-9", "denom": "32"}, {"symbol": null, "numer": "3", "denom": "4"}], "level": 2, "array_name": "L", "phase": [0, 0]}, {"lower_bound": [{"symbol": "coeff_1_H_min", "numer": "3", "denom": "8"}, {"symbol": "coeff_0_L_max", "numer": "-1", "denom": "16"}, {"symbol": "coeff_1_H_max", "numer": "-1", "denom": "8"}, {"symbol": null, "numer": "-17", "denom": "16"}, {"symbol": "coeff_0_L_min", "numer": "9", "denom": "16"}], "upper_bound": [{"symbol": "coeff_1_H_max", "numer": "3", "denom": "8"}, {"symbol": "coeff_0_L_min", "numer": "-1", "denom": "16"}, {"symbol": "coeff_1_H_min", "numer": "-1", "denom": "8"}, {"symbol": null, "numer": "17", "denom": "16"}, {"symbol": "coeff_0_L_max", "numer": "9", "denom": "16"}], "level": 2, "array_name": "L", "phase": [1, 0]}, {"lower_bound": [{"symbol": "coeff_2_H_min", "numer": "1", "denom": "1"}], "upper_bound": [{"symbol": "coeff_2_H_max", "numer": "1", "denom": "1"}], "level": 2, "array_name": "H", "phase": [0, 0]}, {"lower_bound": [{"symbol": "coeff_0_L_min", "numer": "1", "denom": "2"}, {"symbol": "coeff_1_H_min", "numer": "1", "denom": "32"}, {"symbol": "coeff_1_H_max", "numer": "-9", "denom": "32"}, {"symbol": null, "numer": "-5", "denom": "4"}, {"symbol": "coeff_2_H_min", "numer": "1", "denom": "16"}, {"symbol": "coeff_2_H_max", "numer": "-9", "denom": "16"}], "upper_bound": [{"symbol": "coeff_0_L_max", "numer": "1", "denom": "2"}, {"symbol": "coeff_1_H_max", "numer": "1", "denom": "32"}, {"symbol": "coeff_1_H_min", "numer": "-9", "denom": "32"}, {"symbol": null, "numer": "5", "denom": "4"}, {"symbol": "coeff_2_H_max", "numer": "1", "denom": "16"}, {"symbol": "coeff_2_H_min", "numer": "-9", "denom": "16"}], "level": 2, "array_name": "DC'", "phase": [0, 0]}, {"lower_bound": [{"symbol": "coeff_2_H_min", "numer": "1", "denom": "1"}], "upper_bound": [{"symbol": "coeff_2_H_max", "numer": "1", "denom": "1"}], "level": 2, "array_name": "DC'", "phase": [1, 0]}, {"lower_bound": [{"symbol": "coeff_1_H_min", "numer": "3", "denom": "8"}, {"symbol": "coeff_0_L_max", "numer": "-1", "denom": "16"}, {"symbol": "coeff_1_H_max", "numer": "-1", "denom": "8"}, {"symbol": null, "numer": "-25", "denom": "16"}, {"symbol": "coeff_0_L_min", "numer": "9", "denom": "16"}, {"symbol": "coeff_2_H_min", "numer": "1", "denom": "16"}, {"symbol": "coeff_2_H_max", "numer": "-9", "denom": "16"}], "upper_bound": [{"symbol": "coeff_1_H_max", "numer": "3", "denom": "8"}, {"symbol": "coeff_0_L_min", "numer": "-1", "denom": "16"}, {"symbol": "coeff_1_H_min", "numer": "-1", "denom": "8"}, {"symbol": null, "numer": "25", "denom": "16"}, {"symbol": "coeff_0_L_max", "numer": "9", "denom": "16"}, {"symbol": "coeff_2_H_max", "numer": "1", "denom": "16"}, {"symbol": "coeff_2_H_min", "numer": "-9", "denom": "16"}], "level": 2, "array_name": "DC'", "phase": [2, 0]}, {"lower_bound": [{"symbol": "coeff_2_H_min", "numer": "1", "denom": "1"}], "upper_bound": [{"symbol": "coeff_2_H_max", "numer": "1", "denom": "1"}], "level": 2, "array_name": "DC'", "phase": [3, 0]}, {"lower_bound": [{"symbol": "coeff_0_L_min", "numer": "1", "denom": "2"}, {"symbol": "coeff_1_H_min", "numer": "1", "denom": "32"}, {"symbol": "coeff_1_H_max", "numer": "-9", "denom": "32"}, {"symbol": null, "numer": "-5", "denom": "4"}, {"symbol": "coeff_2_H_min", "numer": "1", "denom": "16"}, {"symbol": "coeff_2_H_max", "numer": "-9", "denom": "16"}], "upper_bound": [{"symbol": "coeff_0_L_max", "numer": "1", "denom": "2"}, {"symbol": "coeff_1_H_max", "numer": "1", "denom": "32"}, {"symbol": "coeff_1_H_min", "numer": "-9", "denom": "32"}, {"symbol": null, "numer": "5", "denom": "4"}, {"symbol": "coeff_2_H_max", "numer": "1", "denom": "16"}, {"symbol": "coeff_2_H_min", "numer": "-9", "denom": "16"}], "level": 2, "array_name": "DC", "phase": [0, 0]}, {"lower_bound": [{"symbol": "coeff_2_H_min", "numer": "3", "denom": "4"}, {"symbol": "coeff_1_H_max", "numer": "-5", "denom": "32"}, {"symbol": "coeff_0_L_min", "numer": "283", "denom": "512"}, {"symbol": "coeff_1_H_min", "numer": "5", "denom": "32"}, {"symbol": null, "numer": "-1131", "denom": "512"}, {"symbol": "coeff_0_L_max", "numer": "-27", "denom": "512"}, {"symbol": "coeff_2_H_max", "numer": "-1", "denom": "4"}], "upper_bound": [{"symbol": "coeff_2_H_max", "numer": "3", "denom": "4"}, {"symbol": "coeff_1_H_min", "numer": "-5", "denom": "32"}, {"symbol": "coeff_0_L_max", "numer": "283", "denom": "512"}, {"symbol": "coeff_1_H_max", "numer": "5", "denom": "32"}, {"symbol": null, "numer": "1131", "denom": "512"}, {"symbol": "coeff_0_L_min", "numer": "-27", "denom": "512"}, {"symbol": "coeff_2_H_min", "numer": "-1", "denom": "4"}], "level": 2, "array_name": "DC", "phase": [1, 0]}, {"lower_bound": [{"symbol": "coeff_1_H_min", "numer": "3", "denom": "8"}, {"symbol": "coeff_0_L_max", "numer": "-1", "denom": "16"}, {"symbol": "coeff_1_H_max", "numer": "-1", "denom": "8"}, {"symbol": null, "numer": "-25", "denom": "16"}, {"symbol": "coeff_0_L_min", "numer": "9", "denom": "16"}, {"symbol": "coeff_2_H_min", "numer": "1", "denom": "16"}, {"symbol": "coeff_2_H_max", "numer": "-9", "denom": "16"}], "upper_bound": [{"symbol": "coeff_1_H_max", "numer": "3", "denom": "8"}, {"symbol": "coeff_0_L_min", "numer": "-1", "denom": "16"}, {"symbol": "coeff_1_H_min", "numer": "-1", "denom": "8"}, {"symbol": null, "numer": "25", "denom": "16"}, {"symbol": "coeff_0_L_max", "numer": "9", "denom": "16"}, {"symbol": "coeff_2_H_max", "numer": "1", "denom": "16"}, {"symbol": "coeff_2_H_min", "numer": "-9", "denom": "16"}], "level": 2, "array_name": "DC", "phase": [2, 0]}, {"lower_bound": [{"symbol": "coeff_2_H_min", "numer": "3", "denom": "4"}, {"symbol": "coeff_0_L_min", "numer": "283", "denom": "512"}, {"symbol": "coeff_1_H_min", "numer": "5", "denom": "32"}, {"symbol": "coeff_1_H_max", "numer": "-5", "denom": "32"}, {"symbol": null, "numer": "-1131", "denom": "512"}, {"symbol": "coeff_2_H_max", "numer": "-1", "denom": "4"}, {"symbol": "coeff_0_L_max", "numer": "-27", "denom": "512"}], "upper_bound": [{"symbol": "coeff_2_H_max", "numer": "3", "denom": "4"}, {"symbol": "coeff_0_L_max", "numer": "283", "denom": "512"}, {"symbol": "coeff_1_H_max", "numer": "5", "denom": "32"}, {"symbol": "coeff_1_H_min", "numer": "-5", "denom": "32"}, {"symbol": null, "numer": "1131", "denom": "512"}, {"symbol": "coeff_2_H_min", "numer": "-1", "denom": "4"}, {"symbol": "coeff_0_L_min", "numer": "-27", "denom": "512"}], "level": 2, "array_name": "DC", "phase": [3, 0]}, {"lower_bound": [{"symbol": "coeff_0_L_min", "numer": "1", "denom": "4"}, {"symbol": "coeff_1_H_min", "numer": "1", "denom": "64"}, {"symbol": "coeff_1_H_max", "numer": "-9", "denom": "64"}, {"symbol": null, "numer": "-9", "denom": "8"}, {"symbol": "coeff_2_H_min", "numer": "1", "denom": "32"}, {"symbol": "coeff_2_H_max", "numer": "-9", "denom": "32"}], "upper_bound": [{"symbol": "coeff_0_L_max", "numer": "1", "denom": "4"}, {"symbol": "coeff_1_H_max", "numer": "1", "denom": "64"}, {"symbol": "coeff_1_H_min", "numer": "-9", "denom": "64"}, {"symbol": null, "numer": "9", "denom": "8"}, {"symbol": "coeff_2_H_max", "numer": "1", "denom": "32"}, {"symbol": "coeff_2_H_min", "numer": "-9", "denom": "32"}], "level": 2, "array_name": "Output", "phase": [0, 0]}, {"lower_bound": [{"symbol": "coeff_2_H_min", "numer": "3", "denom": "8"}, {"symbol": "coeff_1_H_max", "numer": "-5", "denom": "64"}, {"symbol": "coeff_0_L_min", "numer": "283", "denom": "1024"}, {"symbol": "coeff_1_H_min", "numer": "5", "denom": "64"}, {"symbol": null, "numer": "-1643", "denom": "1024"}, {"symbol": "coeff_0_L_max", "numer": "-27", "denom": "1024"}, {"symbol": "coeff_2_H_max", "numer": "-1", "denom": "8"}], "upper_bound": [{"symbol": "coeff_2_H_max", "numer": "3", "denom": "8"}, {"symbol": "coeff_1_H_min", "numer": "-5", "denom": "64"}, {"symbol": "coeff_0_L_max", "numer": "283", "denom": "1024"}, {"symbol": "coeff_1_H_max", "numer": "5", "denom": "64"}, {"symbol": null, "numer": "1643", "denom": "1024"}, {"symbol": "coeff_0_L_min", "numer": "-27", "denom": "1024"}, {"symbol": "coeff_2_H_min", "numer": "-1", "denom": "8"}], "level": 2, "array_name": "Output", "phase": [1, 0]}, {"lower_bound": [{"symbol": "coeff_1_H_min", "numer": "3", "denom": "16"}, {"symbol": "coeff_0_L_max", "numer": "-1", "denom": "32"}, {"symbol": "coeff_1_H_max", "numer": "-1", "denom": "16"}, {"symbol": null, "numer": "-41", "denom": "32"}, {"symbol": "coeff_0_L_min", "numer": "9", "denom": "32"}, {"symbol": "coeff_2_H_min", "numer": "1", "denom": "32"}, {"symbol": "coeff_2_H_max", "numer": "-9", "denom": "32"}], "upper_bound": [{"symbol": "coeff_1_H_max", "numer": "3", "denom": "16"}, {"symbol": "coeff_0_L_min", "numer": "-1", "denom": "32"}, {"symbol": "coeff_1_H_min", "numer": "-1", "denom": "16"}, {"symbol": null, "numer": "41", "denom": "32"}, {"symbol": "coeff_0_L_max", "numer": "9", "denom": "32"}, {"symbol": "coeff_2_H_max", "numer": "1", "denom": "32"}, {"symbol": "coeff_2_H_min", "numer": "-9", "denom": "32"}], "level": 2, "array_name": "Output", "phase": [2, 0]}, {"lower_bound": [{"symbol": "coeff_2_H_min", "numer": "3", "denom": "8"}, {"symbol": "coeff_0_L_min", "numer": "283", "denom": "1024"}, {"symbol": "coeff_1_H_min", "numer": "5", "denom": "64"}, {"symbol": "coeff_1_H_max", "numer": "-5", "denom": "64"}, {"symbol": null, "numer": "-1643", "denom": "1024"}, {"symbol": "coeff_2_H_max", "numer": "-1", "denom": "8"}, {"symbol": "coeff_0_L_max", "numer": "-27", "denom": "1024"}], "upper_bound": [{"symbol": "coeff_2_H_max", "numer": "3", "denom": "8"}, {"symbol": "coeff_0_L_max", "numer": "283", "denom": "1024"}, {"symbol": "coeff_1_H_max", "numer": "5", "denom": "64"}, {"symbol": "coeff_1_H_min", "numer": "-5", "denom": "64"}, {"symbol": null, "numer": "1643", "denom": "1024"}, {"symbol": "coeff_2_H_min", "numer": "-1", "denom": "8"}, {"symbol": "coeff_0_L_min", "numer": "-27", "denom": "1024"}], "level": 2, "array_name": "Output", "phase": [3, 0]}, {"lower_bound": [{"symbol": "coeff_0_L_min", "numer": "1", "denom": "4"}, {"symbol": "coeff_1_H_min", "numer": "1", "denom": "64"}, {"symbol": "coeff_1_H_max", "numer": "-9", "denom": "64"}, {"symbol": null, "numer": "-9", "denom": "8"}, {"symbol": "coeff_2_H_min", "numer": "1", "denom": "32"}, {"symbol": "coeff_2_H_max", "numer": "-9", "denom": "32"}], "upper_bound": [{"symbol": "coeff_0_L_max", "numer": "1", "denom": "4"}, {"symbol": "coeff_1_H_max", "numer": "1", "denom": "64"}, {"symbol": "coeff_1_H_min", "numer": "-9", "denom": "64"}, {"symbol": null, "numer": "9", "denom": "8"}, {"symbol": "coeff_2_H_max", "numer": "1", "denom": "32"}, {"symbol": "coeff_2_H_min", "numer": "-9", "denom": "32"}], "level": 3, "array_name": "L", "phase": [0, 0]}, {"lower_bound": [{"symbol": "coeff_2_H_min", "numer": "3", "denom": "8"}, {"symbol": "coeff_1_H_max", "numer": "-5", "denom": "64"}, {"symbol": "coeff_0_L_min", "numer": "283", "denom": "1024"}, {"symbol": "coeff_1_H_min", "numer": "5", "denom": "64"}, {"symbol": null, "numer": "-1643", "denom": "1024"}, {"symbol": "coeff_0_L_max", "numer": "-27", "denom": "1024"}, {"symbol": "coeff_2_H_max", "numer": "-1", "denom": "8"}], "upper_bound": [{"symbol": "coeff_2_H_max", "numer": "3", "denom": "8"}, {"symbol": "coeff_1_H_min", "numer": "-5", "denom": "64"}, {"symbol": "coeff_0_L_max", "numer": "283", "denom": "1024"}, {"symbol": "coeff_1_H_max", "numer": "5", "denom": "64"}, {"symbol": null, "numer": "1643", "denom": "1024"}, {"symbol": "coeff_0_L_min", "numer": "-27", "denom": "1024"}, {"symbol": "coeff_2_H_min", "numer": "-1", "denom": "8"}], "level": 3, "array_name": "L", "phase": [1, 0]}, {"lower_bound": [{"symbol": "coeff_1_H_min", "numer": "3", "denom": "16"}, {"symbol": "coeff_0_L_max", "numer": "-1", "denom": "32"}, {"symbol": "coeff_1_H_max", "numer": "-1", "denom": "16"}, {"symbol": null, "numer": "-41", "denom": "32"}, {"symbol": "coeff_0_L_min", "numer": "9", "denom": "32"}, {"symbol": "coeff_2_H_min", "numer": "1", "denom": "32"}, {"symbol": "coeff_2_H_max", "numer": "-9", "denom": "32"}], "upper_bound": [{"symbol": "coeff_1_H_max", "numer": "3", "denom": "16"}, {"symbol": "coeff_0_L_min", "numer": "-1", "denom": "32"}, {"symbol": "coeff_1_H_min", "numer": "-1", "denom": "16"}, {"symbol": null, "numer": "41", "denom": "32"}, {"symbol": "coeff_0_L_max", "numer": "9", "denom": "32"}, {"symbol": "coeff_2_H_max", "numer": "1", "denom": "32"}, {"symbol": "coeff_2_H_min", "numer": "-9", "denom": "32"}], "level": 3, "array_name": "L", "phase": [2, 0]}, {"lower_bound": [{"symbol": "coeff_2_H_min", "numer": "3", "denom": "8"}, {"symbol": "coeff_0_L_min", "numer": "283", "denom": "1024"}, {"symbol": "coeff_1_H_min", "numer": "5", "denom": "64"}, {"symbol": "coeff_1_H_max", "numer": "-5", "denom": "64"}, {"symbol": null, "numer": "-1643", "denom": "1024"}, {"symbol": "coeff_2_H_max", "numer": "-1", "denom": "8"}, {"symbol": "coeff_0_L_max", "numer": "-27", "denom": "1024"}], "upper_bound": [{"symbol": "coeff_2_H_max", "numer": "3", "denom": "8"}, {"symbol": "coeff_0_L_max", "numer": "283", "denom": "1024"}, {"symbol": "coeff_1_H_max", "numer": "5", "denom": "64"}, {"symbol": "coeff_1_H_min", "numer": "-5", "denom": "64"}, {"symbol": null, "numer": "1643", "denom": "1024"}, {"symbol": "coeff_2_H_min", "numer": "-1", "denom": "8"}, {"symbol": "coeff_0_L_min", "numer": "-27", "denom": "1024"}], "level": 3, "array_name": "L", "phase": [3, 0]}, {"lower_bound": [{"symbol": "coeff_3_H_min", "numer": "1", "denom": "1"}], "upper_bound": [{"symbol": "coeff_3_H_max", "numer": "1", "denom": "1"}], "level": 3, "array_name": "H", "phase": [0, 0]}, {"lower_bound": [{"symbol": "coeff_0_L_min", "numer": "1", "denom": "4"}, {"symbol": "coeff_1_H_min", "numer": "1", "denom": "64"}, {"symbol": "coeff_1_H_max", "numer": "-9", "denom": "64"}, {"symbol": null, "numer": "-13", "denom": "8"}, {"symbol": "coeff_2_H_min", "numer": "1", "denom": "32"}, {"symbol": "coeff_2_H_max", "numer": "-9", "denom": "32"}, {"symbol": "coeff_3_H_min", "numer": "1", "denom": "16"}, {"symbol": "coeff_3_H_max", "numer": "-9", "denom": "16"}], "upper_bound": [{"symbol": "coeff_0_L_max", "numer": "1", "denom": "4"}, {"symbol": "coeff_1_H_max", "numer": "1", "denom": "64"}, {"symbol": "coeff_1_H_min", "numer": "-9", "denom": "64"}, {"symbol": null, "numer": "13", "denom": "8"}, {"symbol": "coeff_2_H_max", "numer": "1", "denom": "32"}, {"symbol": "coeff_2_H_min", "numer": "-9", "denom": "32"}, {"symbol": "coeff_3_H_max", "numer": "1", "denom": "16"}, {"symbol": "coeff_3_H_min", "numer": "-9", "denom": "16"}], "level": 3, "array_name": "DC'", "phase": [0, 0]}, {"lower_bound": [{"symbol": "coeff_3_H_min", "numer": "1", "denom": "1"}], "upper_bound": [{"symbol": "coeff_3_H_max", "numer": "1", "denom": "1"}], "level": 3, "array_name": "DC'", "phase": [1, 0]}, {"lower_bound": [{"symbol": "coeff_2_H_min", "numer": "3", "denom": "8"}, {"symbol": "coeff_1_H_max", "numer": "-5", "denom": "64"}, {"symbol": "coeff_0_L_min", "numer": "283", "denom": "1024"}, {"symbol": "coeff_1_H_min", "numer": "5", "denom": "64"}, {"symbol": null, "numer": "-2155", "denom": "1024"}, {"symbol": "coeff_0_L_max", "numer": "-27", "denom": "1024"}, {"symbol": "coeff_2_H_max", "numer": "-1", "denom": "8"}, {"symbol": "coeff_3_H_min", "numer": "1", "denom": "16"}, {"symbol": "coeff_3_H_max", "numer": "-9", "denom": "16"}], "upper_bound": [{"symbol": "coeff_2_H_max", "numer": "3", "denom": "8"}, {"symbol": "coeff_1_H_min", "numer": "-5", "denom": "64"}, {"symbol": "coeff_0_L_max", "numer": "283", "denom": "1024"}, {"symbol": "coeff_1_H_max", "numer": "5", "denom": "64"}, {"symbol": null, "numer": "2155", "denom": "1024"}, {"symbol": "coeff_0_L_min", "numer": "-27", "denom": "1024"}, {"symbol": "coeff_2_H_min", "numer": "-1", "denom": "8"}, {"symbol": "coeff_3_H_max", "numer": "1", "denom": "16"}, {"symbol": "coeff_3_H_min", "numer": "-9", "denom": "16"}], "level": 3, "array_name": "DC'", "phase": [2, 0]}, {"lower_bound": [{"symbol": "coeff_3_H_min", "numer": "1", "denom": "1"}], "upper_bound": [{"symbol": "coeff_3_H_max", "numer": "1", "denom": "1"}], "level": 3, "array_name": "DC'", "phase": [3, 0]}, {"lower_bound": [{"symbol": "coeff_1_H_min", "numer": "3", "denom": "16"}, {"symbol": "coeff_0_L_max", "numer": "-1", "denom": "32"}, {"symbol": "coeff_1_H_max", "numer": "-1", "denom": "16"}, {"symbol": null, "numer": "-57", "denom": "32"}, {"symbol": "coeff_0_L_min", "numer": "9", "denom": "32"}, {"symbol": "coeff_2_H_min", "numer": "1", "denom": "32"}, {"symbol": "coeff_2_H_max", "numer": "-9", "denom": "32"}, {"symbol": "coeff_3_H_min", "numer": "1", "denom": "16"}, {"symbol": "coeff_3_H_max", "numer": "-9", "denom": "16"}], "upper_bound": [{"symbol": "coeff_1_H_max", "numer": "3", "denom": "16"}, {"symbol": "coeff_0_L_min", "numer": "-1", "denom": "32"}, {"symbol": "coeff_1_H_min", "numer": "-1", "denom": "16"}, {"symbol": null, "numer": "57", "denom": "32"}, {"symbol": "coeff_0_L_max", "numer": "9", "denom": "32"}, {"symbol": "coeff_2_H_max", "numer": "1", "denom": "32"}, {"symbol": "coeff_2_H_min", "numer": "-9", "denom": "32"}, {"symbol": "coeff_3_H_max", "numer": "1", "denom": "16"}, {"symbol": "coeff_3_H_min", "numer": "-9", "denom": "16"}], "level": 3, "array_name": "DC'", "phase": [4, 0]}, {"lower_bound": [{"symbol": "coeff_3_H_min", "numer": "1", "denom": "1"}], "upper_bound": [{"symbol": "coeff_3_H_max", "numer": "1", "denom": "1"}], "level": 3, "array_name": "DC'", "phase": [5, 0]}, {"lower_bound": [{"symbol": "coeff_2_H_min", "numer": "3", "denom": "8"}, {"symbol": "coeff_0_L_min", "numer": "283", "denom": "1024"}, {"symbol": "coeff_1_H_min", "numer": "5", "denom": "64"}, {"symbol": "coeff_1_H_max", "numer": "-5", "denom": "64"}, {"symbol": null, "numer": "-2155", "denom": "1024"}, {"symbol": "coeff_2_H_max", "numer": "-1", "denom": "8"}, {"symbol": "coeff_0_L_max", "numer": "-27", "denom": "1024"}, {"symbol": "coeff_3_H_min", "numer": "1", "denom": "16"}, {"symbol": "coeff_3_H_max", "numer": "-9", "denom": "16"}], "upper_bound": [{"symbol": "coeff_2_H_max", "numer": "3", "denom": "8"}, {"symbol": "coeff_0_L_max", "numer": "283", "denom": "1024"}, {"symbol": "coeff_1_H_max", "numer": "5", "denom": "64"}, {"symbol": "coeff_1_H_min", "numer": "-5", "denom": "64"}, {"symbol": null, "numer": "2155", "denom": "1024"}, {"symbol": "coeff_2_H_min", "numer": "-1", "denom": "8"}, {"symbol": "coeff_0_L_min", "numer": "-27", "denom": "1024"}, {"symbol": "coeff_3_H_max", "numer": "1", "denom": "16"}, {"symbol": "coeff_3_H_min", "numer": "-9", "denom": "16"}], "level": 3, "array_name": "DC'", "phase": [6, 0]}, {"lower_bound": [{"symbol": "coeff_3_H_min", "numer": "1", "denom": "1"}], "upper_bound": [{"symbol": "coeff_3_H_max", "numer": "1", "denom": "1"}], "level": 3, "array_name": "DC'", "phase": [7, 0]}, {"lower_bound": [{"symbol": "coeff_0_L_min", "numer": "1", "denom": "4"}, {"symbol": "coeff_1_H_min", "numer": "1", "denom": "64"}, {"symbol": "coeff_1_H_max", "numer": "-9", "denom": "64"}, {"symbol": null, "numer": "-13", "denom": "8"}, {"symbol": "coeff_2_H_min", "numer": "1", "denom": "32"}, {"symbol": "coeff_2_H_max", "numer": "-9", "denom": "32"}, {"symbol": "coeff_3_H_min", "numer": "1", "denom": "16"}, {"symbol": "coeff_3_H_max", "numer": "-9", "denom": "16"}], "upper_bound": [{"symbol": "coeff_0_L_max", "numer": "1", "denom": "4"}, {"symbol": "coeff_1_H_max", "numer": "1", "denom": "64"}, {"symbol": "coeff_1_H_min", "numer": "-9", "denom": "64"}, {"symbol": null, "numer": "13", "denom": "8"}, {"symbol": "coeff_2_H_max", "numer": "1", "denom": "32"}, {"symbol": "coeff_2_H_min", "numer": "-9", "denom": "32"}, {"symbol": "coeff_3_H_max", "numer": "1", "denom": "16"}, {"symbol": "coeff_3_H_min", "numer": "-9", "denom": "16"}], "level": 3, "array_name": "DC", "phase": [0, 0]}, {"lower_bound": [{"symbol": "coeff_3_H_min", "numer": "3", "denom": "4"}, {"symbol": "coeff_2_H_max", "numer": "-5", "denom": "32"}, {"symbol": "coeff_0_L_max", "numer": "-139", "denom": "8192"}, {"symbol": "coeff_1_H_max", "numer": "-5993", "denom": "65536"}, {"symbol": "coeff_1_H_min", "numer": "873", "denom": "65536"}, {"symbol": null, "numer": "-22075", "denom": "8192"}, {"symbol": "coeff_2_H_min", "numer": "5", "denom": "32"}, {"symbol": "coeff_0_L_min", "numer": "2187", "denom": "8192"}, {"symbol": "coeff_3_H_max", "numer": "-1", "denom": "4"}], "upper_bound": [{"symbol": "coeff_3_H_max", "numer": "3", "denom": "4"}, {"symbol": "coeff_2_H_min", "numer": "-5", "denom": "32"}, {"symbol": "coeff_0_L_min", "numer": "-139", "denom": "8192"}, {"symbol": "coeff_1_H_min", "numer": "-5993", "denom": "65536"}, {"symbol": "coeff_1_H_max", "numer": "873", "denom": "65536"}, {"symbol": null, "numer": "22075", "denom": "8192"}, {"symbol": "coeff_2_H_max", "numer": "5", "denom": "32"}, {"symbol": "coeff_0_L_max", "numer": "2187", "denom": "8192"}, {"symbol": "coeff_3_H_min", "numer": "-1", "denom": "4"}], "level": 3, "array_name": "DC", "phase": [1, 0]}, {"lower_bound": [{"symbol": "coeff_2_H_min", "numer": "3", "denom": "8"}, {"symbol": "coeff_1_H_max", "numer": "-5", "denom": "64"}, {"symbol": "coeff_0_L_min", "numer": "283", "denom": "1024"}, {"symbol": "coeff_1_H_min", "numer": "5", "denom": "64"}, {"symbol": null, "numer": "-2155", "denom": "1024"}, {"symbol": "coeff_0_L_max", "numer": "-27", "denom": "1024"}, {"symbol": "coeff_2_H_max", "numer": "-1", "denom": "8"}, {"symbol": "coeff_3_H_min", "numer": "1", "denom": "16"}, {"symbol": "coeff_3_H_max", "numer": "-9", "denom": "16"}], "upper_bound": [{"symbol": "coeff_2_H_max", "numer": "3", "denom": "8"}, {"symbol": "coeff_1_H_min", "numer": "-5", "denom": "64"}, {"symbol": "coeff_0_L_max", "numer": "283", "denom": "1024"}, {"symbol": "coeff_1_H_max", "numer": "5", "denom": "64"}, {"symbol": null, "numer": "2155", "denom": "1024"}, {"symbol": "coeff_0_L_min", "numer": "-27", "denom": "1024"}, {"symbol": "coeff_2_H_min", "numer": "-1", "denom": "8"}, {"symbol": "coeff_3_H_max", "numer": "1", "denom": "16"}, {"symbol": "coeff_3_H_min", "numer": "-9", "denom": "16"}], "level": 3, "array_name": "DC", "phase": [2, 0]}, {"lower_bound": [{"symbol": "coeff_3_H_min", "numer": "3", "denom": "4"}, {"symbol": "coeff_0_L_min", "numer": "4601", "denom": "16384"}, {"symbol": "coeff_1_H_min", "numer": "77825", "denom": "524288"}, {"symbol": "coeff_1_H_max", "numer": "-36865", "denom": "524288"}, {"symbol": null, "numer": "-45513", "denom": "16384"}, {"symbol": "coeff_2_H_min", "numer": "5", "denom": "32"}, {"symbol": "coeff_2_H_max", "numer": "-5", "denom": "32"}, {"symbol": "coeff_3_H_max", "numer": "-1", "denom": "4"}, {"symbol": "coeff_0_L_max", "numer": "-505", "denom": "16384"}], "upper_bound": [{"symbol": "coeff_3_H_max", "numer": "3", "denom": "4"}, {"symbol": "coeff_0_L_max", "numer": "4601", "denom": "16384"}, {"symbol": "coeff_1_H_max", "numer": "77825", "denom": "524288"}, {"symbol": "coeff_1_H_min", "numer": "-36865", "denom": "524288"}, {"symbol": null, "numer": "45513", "denom": "16384"}, {"symbol": "coeff_2_H_max", "numer": "5", "denom": "32"}, {"symbol": "coeff_2_H_min", "numer": "-5", "denom": "32"}, {"symbol": "coeff_3_H_min", "numer": "-1", "denom": "4"}, {"symbol": "coeff_0_L_min", "numer": "-505", "denom": "16384"}], "level": 3, "array_name": "DC", "phase": [3, 0]}, {"lower_bound": [{"symbol": "coeff_1_H_min", "numer": "3", "denom": "16"}, {"symbol": "coeff_0_L_max", "numer": "-1", "denom": "32"}, {"symbol": "coeff_1_H_max", "numer": "-1", "denom": "16"}, {"symbol": null, "numer": "-57", "denom": "32"}, {"symbol": "coeff_0_L_min", "numer": "9", "denom": "32"}, {"symbol": "coeff_2_H_min", "numer": "1", "denom": "32"}, {"symbol": "coeff_2_H_max", "numer": "-9", "denom": "32"}, {"symbol": "coeff_3_H_min", "numer": "1", "denom": "16"}, {"symbol": "coeff_3_H_max", "numer": "-9", "denom": "16"}], "upper_bound": [{"symbol": "coeff_1_H_max", "numer": "3", "denom": "16"}, {"symbol": "coeff_0_L_min", "numer": "-1", "denom": "32"}, {"symbol": "coeff_1_H_min", "numer": "-1", "denom": "16"}, {"symbol": null, "numer": "57", "denom": "32"}, {"symbol": "coeff_0_L_max", "numer": "9", "denom": "32"}, {"symbol": "coeff_2_H_max", "numer": "1", "denom": "32"}, {"symbol": "coeff_2_H_min", "numer": "-9", "denom": "32"}, {"symbol": "coeff_3_H_max", "numer": "1", "denom": "16"}, {"symbol": "coeff_3_H_min", "numer": "-9", "denom": "16"}], "level": 3, "array_name": "DC", "phase": [4, 0]}, {"lower_bound": [{"symbol": "coeff_3_H_min", "numer": "3", "denom": "4"}, {"symbol": "coeff_2_H_max", "numer": "-5", "denom": "32"}, {"symbol": "coeff_1_H_max", "numer": "-36865", "denom": "524288"}, {"symbol": "coeff_0_L_max", "numer": "-505", "denom": "16384"}, {"symbol": "coeff_1_H_min", "numer": "77825", "denom": "524288"}, {"symbol": null, "numer": "-45513", "denom": "16384"}, {"symbol": "coeff_0_L_min", "numer": "4601", "denom": "16384"}, {"symbol": "coeff_2_H_min", "numer": "5", "denom": "32"}, {"symbol": "coeff_3_H_max", "numer": "-1", "denom": "4"}], "upper_bound": [{"symbol": "coeff_3_H_max", "numer": "3", "denom": "4"}, {"symbol": "coeff_2_H_min", "numer": "-5", "denom": "32"}, {"symbol": "coeff_1_H_min", "numer": "-36865", "denom": "524288"}, {"symbol": "coeff_0_L_min", "numer": "-505", "denom": "16384"}, {"symbol": "coeff_1_H_max", "numer": "77825", "denom": "524288"}, {"symbol": null, "numer": "45513", "denom": "16384"}, {"symbol": "coeff_0_L_max", "numer": "4601", "denom": "16384"}, {"symbol": "coeff_2_H_max", "numer": "5", "denom": "32"}, {"symbol": "coeff_3_H_min", "numer": "-1", "denom": "4"}], "level": 3, "array_name": "DC", "phase": [5, 0]}, {"lower_bound": [{"symbol": "coeff_2_H_min", "numer": "3", "denom": "8"}, {"symbol": "coeff_0_L_min", "numer": "283", "denom": "1024"}, {"symbol": "coeff_1_H_min", "numer": "5", "denom": "64"}, {"symbol": "coeff_1_H_max", "numer": "-5", "denom": "64"}, {"symbol": null, "numer": "-2155", "denom": "1024"}, {"symbol": "coeff_2_H_max", "numer": "-1", "denom": "8"}, {"symbol": "coeff_0_L_max", "numer": "-27", "denom": "1024"}, {"symbol": "coeff_3_H_min", "numer": "1", "denom": "16"}, {"symbol": "coeff_3_H_max", "numer": "-9", "denom": "16"}], "upper_bound": [{"symbol": "coeff_2_H_max", "numer": "3", "denom": "8"}, {"symbol": "coeff_0_L_max", "numer": "283", "denom": "1024"}, {"symbol": "coeff_1_H_max", "numer": "5", "denom": "64"}, {"symbol": "coeff_1_H_min", "numer": "-5", "denom": "64"}, {"symbol": null, "numer": "2155", "denom": "1024"}, {"symbol": "coeff_2_H_min", "numer": "-1", "denom": "8"}, {"symbol": "coeff_0_L_min", "numer": "-27", "denom": "1024"}, {"symbol": "coeff_3_H_max", "numer": "1", "denom": "16"}, {"symbol": "coeff_3_H_min", "numer": "-9", "denom": "16"}], "level": 3, "array_name": "DC", "phase": [6, 0]}, {"lower_bound": [{"symbol": "coeff_3_H_min", "numer": "3", "denom": "4"}, {"symbol": "coeff_1_H_max", "numer": "-5993", "denom": "65536"}, {"symbol": "coeff_0_L_max", "numer": "-139", "denom": "8192"}, {"symbol": "coeff_1_H_min", "numer": "873", "denom": "65536"}, {"symbol": null, "numer": "-22075", "denom": "8192"}, {"symbol": "coeff_0_L_min", "numer": "2187", "denom": "8192"}, {"symbol": "coeff_2_H_min", "numer": "5", "denom": "32"}, {"symbol": "coeff_2_H_max", "numer": "-5", "denom": "32"}, {"symbol": "coeff_3_H_max", "numer": "-1", "denom": "4"}], "upper_bound": [{"symbol": "coeff_3_H_max", "numer": "3", "denom": "4"}, {"symbol": "coeff_1_H_min", "numer": "-5993", "denom": "65536"}, {"symbol": "coeff_0_L_min", "numer": "-139", "denom": "8192"}, {"symbol": "coeff_1_H_max", "numer": "873", "denom": "65536"}, {"symbol": null, "numer": "22075", "denom": "8192"}, {"symbol": "coeff_0_L_max", "numer": "2187", "denom": "8192"}, {"symbol": "coeff_2_H_max", "numer": "5", "denom": "32"}, {"symbol": "coeff_2_H_min", "numer": "-5", "denom": "32"}, {"symbol": "coeff_3_H_min", "numer": "-1", "denom": "4"}], "level": 3, "array_name": "DC", "phase": [7, 0]}, {"lower_bound": [{"symbol": "coeff_0_L_min", "numer": "1", "denom": "8"}, {"symbol": "coeff_1_H_min", "numer": "1", "denom": "128"}, {"symbol": "coeff_1_H_max", "numer": "-9", "denom": "128"}, {"symbol": null, "numer": "-21", "denom": "16"}, {"symbol": "coeff_2_H_min", "numer": "1", "denom": "64"}, {"symbol": "coeff_2_H_max", "numer": "-9", "denom": "64"}, {"symbol": "coeff_3_H_min", "numer": "1", "denom": "32"}, {"symbol": "coeff_3_H_max", "numer": "-9", "denom": "32"}], "upper_bound": [{"symbol": "coeff_0_L_max", "numer": "1", "denom": "8"}, {"symbol": "coeff_1_H_max", "numer": "1", "denom": "128"}, {"symbol": "coeff_1_H_min", "numer": "-9", "denom": "128"}, {"symbol": null, "numer": "21", "denom": "16"}, {"symbol": "coeff_2_H_max", "numer": "1", "denom": "64"}, {"symbol": "coeff_2_H_min", "numer": "-9", "denom": "64"}, {"symbol": "coeff_3_H_max", "numer": "1", "denom": "32"}, {"symbol": "coeff_3_H_min", "numer": "-9", "denom": "32"}], "level": 3, "array_name": "Output", "phase": [0, 0]}, {"lower_bound": [{"symbol": "coeff_3_H_min", "numer": "3", "denom": "8"}, {"symbol": "coeff_2_H_max", "numer": "-5", "denom": "64"}, {"symbol": "coeff_0_L_max", "numer": "-139", "denom": "16384"}, {"symbol": "coeff_1_H_max", "numer": "-5993", "denom": "131072"}, {"symbol": "coeff_1_H_min", "numer": "873", "denom": "131072"}, {"symbol": null, "numer": "-30267", "denom": "16384"}, {"symbol": "coeff_2_H_min", "numer": "5", "denom": "64"}, {"symbol": "coeff_0_L_min", "numer": "2187", "denom": "16384"}, {"symbol": "coeff_3_H_max", "numer": "-1", "denom": "8"}], "upper_bound": [{"symbol": "coeff_3_H_max", "numer": "3", "denom": "8"}, {"symbol": "coeff_2_H_min", "numer": "-5", "denom": "64"}, {"symbol": "coeff_0_L_min", "numer": "-139", "denom": "16384"}, {"symbol": "coeff_1_H_min", "numer": "-5993", "denom": "131072"}, {"symbol": "coeff_1_H_max", "numer": "873", "denom": "131072"}, {"symbol": null, "numer": "30267", "denom": "16384"}, {"symbol": "coeff_2_H_max", "numer": "5", "denom": "64"}, {"symbol": "coeff_0_L_max", "numer": "2187", "denom": "16384"}, {"symbol": "coeff_3_H_min", "numer": "-1", "denom": "8"}], "level": 3, "array_name": "Output", "phase": [1, 0]}, {"lower_bound": [{"symbol": "coeff_2_H_min", "numer": "3", "denom": "16"}, {"symbol": "coeff_1_H_max", "numer": "-5", "denom": "128"}, {"symbol": "coeff_0_L_min", "numer": "283", "denom": "2048"}, {"symbol": "coeff_1_H_min", "numer": "5", "denom": "128"}, {"symbol": null, "numer": "-3179", "denom": "2048"}, {"symbol": "coeff_0_L_max", "numer": "-27", "denom": "2048"}, {"symbol": "coeff_2_H_max", "numer": "-1", "denom": "16"}, {"symbol": "coeff_3_H_min", "numer": "1", "denom": "32"}, {"symbol": "coeff_3_H_max", "numer": "-9", "denom": "32"}], "upper_bound": [{"symbol": "coeff_2_H_max", "numer": "3", "denom": "16"}, {"symbol": "coeff_1_H_min", "numer": "-5", "denom": "128"}, {"symbol": "coeff_0_L_max", "numer": "283", "denom": "2048"}, {"symbol": "coeff_1_H_max", "numer": "5", "denom": "128"}, {"symbol": null, "numer": "3179", "denom": "2048"}, {"symbol": "coeff_0_L_min", "numer": "-27", "denom": "2048"}, {"symbol": "coeff_2_H_min", "numer": "-1", "denom": "16"}, {"symbol": "coeff_3_H_max", "numer": "1", "denom": "32"}, {"symbol": "coeff_3_H_min", "numer": "-9", "denom": "32"}], "level": 3, "array_name": "Output", "phase": [2, 0]}, {"lower_bound": [{"symbol": "coeff_3_H_min", "numer": "3", "denom": "8"}, {"symbol": "coeff_0_L_min", "numer": "4601", "denom": "32768"}, {"symbol": "coeff_1_H_min", "numer": "77825", "denom": "1048576"}, {"symbol": "coeff_1_H_max", "numer": "-36865", "denom": "1048576"}, {"symbol": null, "numer": "-61897", "denom": "32768"}, {"symbol": "coeff_2_H_min", "numer": "5", "denom": "64"}, {"symbol": "coeff_2_H_max", "numer": "-5", "denom": "64"}, {"symbol": "coeff_3_H_max", "numer": "-1", "denom": "8"}, {"symbol": "coeff_0_L_max", "numer": "-505", "denom": "32768"}], "upper_bound": [{"symbol": "coeff_3_H_max", "numer": "3", "denom": "8"}, {"symbol": "coeff_0_L_max", "numer": "4601", "denom": "32768"}, {"symbol": "coeff_1_H_max", "numer": "77825", "denom": "1048576"}, {"symbol": "coeff_1_H_min", "numer": "-36865", "denom": "1048576"}, {"symbol": null, "numer": "61897", "denom": "32768"}, {"symbol": "coeff_2_H_max", "numer": "5", "denom": "64"}, {"symbol": "coeff_2_H_min", "numer": "-5", "denom": "64"}, {"symbol": "coeff_3_H_min", "numer": "-1", "denom": "8"}, {"symbol": "coeff_0_L_min", "numer": "-505", "denom": "32768"}], "level": 3, "array_name": "Output", "phase": [3, 0]}, {"lower_bound": [{"symbol": "coeff_1_H_min", "numer": "3", "denom": "32"}, {"symbol": "coeff_0_L_max", "numer": "-1", "denom": "64"}, {"symbol": "coeff_1_H_max", "numer": "-1", "denom": "32"}, {"symbol": null, "numer": "-89", "denom": "64"}, {"symbol": "coeff_0_L_min", "numer": "9", "denom": "64"}, {"symbol": "coeff_2_H_min", "numer": "1", "denom": "64"}, {"symbol": "coeff_2_H_max", "numer": "-9", "denom": "64"}, {"symbol": "coeff_3_H_min", "numer": "1", "denom": "32"}, {"symbol": "coeff_3_H_max", "numer": "-9", "denom": "32"}], "upper_bound": [{"symbol": "coeff_1_H_max", "numer": "3", "denom": "32"}, {"symbol": "coeff_0_L_min", "numer": "-1", "denom": "64"}, {"symbol": "coeff_1_H_min", "numer": "-1", "denom": "32"}, {"symbol": null, "numer": "89", "denom": "64"}, {"symbol": "coeff_0_L_max", "numer": "9", "denom": "64"}, {"symbol": "coeff_2_H_max", "numer": "1", "denom": "64"}, {"symbol": "coeff_2_H_min", "numer": "-9", "denom": "64"}, {"symbol": "coeff_3_H_max", "numer": "1", "denom": "32"}, {"symbol": "coeff_3_H_min", "numer": "-9", "denom": "32"}], "level": 3, "array_name": "Output", "phase": [4, 0]}, {"lower_bound": [{"symbol": "coeff_3_H_min", "numer": "3", "denom": "8"}, {"symbol": "coeff_2_H_max", "numer": "-5", "denom": "64"}, {"symbol": "coeff_1_H_max", "numer": "-36865", "denom": "1048576"}, {"symbol": "coeff_0_L_max", "numer": "-505", "denom": "32768"}, {"symbol": "coeff_1_H_min", "numer": "77825", "denom": "1048576"}, {"symbol": null, "numer": "-61897", "denom": "32768"}, {"symbol": "coeff_0_L_min", "numer": "4601", "denom": "32768"}, {"symbol": "coeff_2_H_min", "numer": "5", "denom": "64"}, {"symbol": "coeff_3_H_max", "numer": "-1", "denom": "8"}], "upper_bound": [{"symbol": "coeff_3_H_max", "numer": "3", "denom": "8"}, {"symbol": "coeff_2_H_min", "numer": "-5", "denom": "64"}, {"symbol": "coeff_1_H_min", "numer": "-36865", "denom": "1048576"}, {"symbol": "coeff_0_L_min", "numer": "-505", "denom": "32768"}, {"symbol": "coeff_1_H_max", "numer": "77825", "denom": "1048576"}, {"symbol": null, "numer": "61897", "denom": "32768"}, {"symbol": "coeff_0_L_max", "numer": "4601", "denom": "32768"}, {"symbol": "coeff_2_H_max", "numer": "5", "denom": "64"}, {"symbol": "coeff_3_H_min", "numer": "-1", "denom": "8"}], "level": 3, "array_name": "Output", "phase": [5, 0]}, {"lower_bound": [{"symbol": "coeff_2_H_min", "numer": "3", "denom": "16"}, {"symbol": "coeff_0_L_min", "numer": "283", "denom": "2048"}, {"symbol": "coeff_1_H_min", "numer": "5", "denom": "128"}, {"symbol": "coeff_1_H_max", "numer": "-5", "denom": "128"}, {"symbol": null, "numer": "-3179", "denom": "2048"}, {"symbol": "coeff_2_H_max", "numer": "-1", "denom": "16"}, {"symbol": "coeff_0_L_max", "numer": "-27", "denom": "2048"}, {"symbol": "coeff_3_H_min", "numer": "1", "denom": "32"}, {"symbol": "coeff_3_H_max", "numer": "-9", "denom": "32"}], "upper_bound": [{"symbol": "coeff_2_H_max", "numer": "3", "denom": "16"}, {"symbol": "coeff_0_L_max", "numer": "283", "denom": "2048"}, {"symbol": "coeff_1_H_max", "numer": "5", "denom": "128"}, {"symbol": "coeff_1_H_min", "numer": "-5", "denom": "128"}, {"symbol": null, "numer": "3179", "denom": "2048"}, {"symbol": "coeff_2_H_min", "numer": "-1", "denom": "16"}, {"symbol": "coeff_0_L_min", "numer": "-27", "denom": "2048"}, {"symbol": "coeff_3_H_max", "numer": "1", "denom": "32"}, {"symbol": "coeff_3_H_min", "numer": "-9", "denom": "32"}], "level": 3, "array_name": "Output", "phase": [6, 0]}, {"lower_bound": [{"symbol": "coeff_3_H_min", "numer": "3", "denom": "8"}, {"symbol": "coeff_1_H_max", "numer": "-5993", "denom": "131072"}, {"symbol": "coeff_0_L_max", "numer": "-139", "denom": "16384"}, {"symbol": "coeff_1_H_min", "numer": "873", "denom": "131072"}, {"symbol": null, "numer": "-30267", "denom": "16384"}, {"symbol": "coeff_0_L_min", "numer": "2187", "denom": "16384"}, {"symbol": "coeff_2_H_min", "numer": "5", "denom": "64"}, {"symbol": "coeff_2_H_max", "numer": "-5", "denom": "64"}, {"symbol": "coeff_3_H_max", "numer": "-1", "denom": "8"}], "upper_bound": [{"symbol": "coeff_3_H_max", "numer": "3", "denom": "8"}, {"symbol": "coeff_1_H_min", "numer": "-5993", "denom": "131072"}, {"symbol": "coeff_0_L_min", "numer": "-139", "denom": "16384"}, {"symbol": "coeff_1_H_max", "numer": "873", "denom": "131072"}, {"symbol": null, "numer": "30267", "denom": "16384"}, {"symbol": "coeff_0_L_max", "numer": "2187", "denom": "16384"}, {"symbol": "coeff_2_H_max", "numer": "5", "denom": "64"}, {"symbol": "coeff_2_H_min", "numer": "-5", "denom": "64"}, {"symbol": "coeff_3_H_min", "numer": "-1", "denom": "8"}], "level": 3, "array_name": "Output", "phase": [7, 0]}], "analysis_test_patterns": [{"target": [0, 0], "pattern": {"dx": 0, "dy": 0, "width": 1, "height": 1, "positive": "gA==", "mask": "gA=="}, "pattern_translation_multiple": [1, 1], "target_translation_multiple": [1, 1], "level": 3, "array_name": "Input", "phase": [0, 0]}, {"target": [0, 0], "pattern": {"dx": 0, "dy": 0, "width": 1, "height": 1, "positive": "gA==", "mask": "gA=="}, "pattern_translation_multiple": [1, 1], "target_translation_multiple": [1, 1], "level": 3, "array_name": "DC", "phase": [0, 0]}, {"target": [0, 0], "pattern": {"dx": 0, "dy": 0, "width": 1, "height": 1, "positive": "gA==", "mask": "gA=="}, "pattern_translation_multiple": [2, 1], "target_translation_multiple": [2, 1], "level": 3, "array_name": "DC'", "phase": [0, 0]}, {"target": [3, 0], "pattern": {"dx": 0, "dy": 0, "width": 7, "height": 1, "positive": "kg==", "mask": "ug=="}, "pattern_translation_multiple": [2, 1], "target_translation_multiple": [2, 1], "level": 3, "array_name": "DC'", "phase": [1, 0]}, {"target": [6, 0], "pattern": {"dx": 0, "dy": 0, "width": 13, "height": 1, "positive": "JyA=", "mask": "v+g="}, "pattern_translation_multiple": [2, 1], "target_translation_multiple": [2, 1], "level": 3, "array_name": "DC''", "phase": [0, 0]}, {"target": [3, 0], "pattern": {"dx": 0, "dy": 0, "width": 7, "height": 1, "positive": "kg==", "mask": "ug=="}, "pattern_translation_multiple": [2, 1], "target_translation_multiple": [2, 1], "level": 3, "array_name": "DC''", "phase": [1, 0]}, {"target": [3, 0], "pattern": {"dx": 0, "dy": 0, "width": 13, "height": 1, "positive": "JyA=", "mask": "v+g="}, "pattern_translation_multiple": [2, 1], "target_translation_multiple": [1, 1], "level": 2, "array_name": "DC", "phase": [0, 0]}, {"target": [4, 0], "pattern": {"dx": 2, "dy": 0, "width": 13, "height": 1, "positive": "JyA=", "mask": "v+g="}, "pattern_translation_multiple": [4, 1], "target_translation_multiple": [2, 1], "level": 2, "array_name": "DC'", "phase": [0, 0]}, {"target": [7, 0], "pattern": {"dx": 2, "dy": 0, "width": 25, "height": 1, "positive": "J5zyAA==", "mask": "v//+gA=="}, "pattern_translation_multiple": [4, 1], "target_translation_multiple": [2, 1], "level": 2, "array_name": "DC'", "phase": [1, 0]}, {"target": [10, 0], "pattern": {"dx": 2, "dy": 0, "width": 37, "height": 1, "positive": "mHH8cMg=", "mask": "v////+g="}, "pattern_translation_multiple": [4, 1], "target_translation_multiple": [2, 1], "level": 2, "array_name": "DC''", "phase": [0, 0]}, {"target": [7, 0], "pattern": {"dx": 2, "dy": 0, "width": 25, "height": 1, "positive": "J5zyAA==", "mask": "v//+gA=="}, "pattern_translation_multiple": [4, 1], "target_translation_multiple": [2, 1], "level": 2, "array_name": "DC''", "phase": [1, 0]}, {"target": [5, 0], "pattern": {"dx": 2, "dy": 0, "width": 37, "height": 1, "positive": "mHH8cMg=", "mask": "v////+g="}, "pattern_translation_multiple": [4, 1], "target_translation_multiple": [1, 1], "level": 1, "array_name": "DC", "phase": [0, 0]}, {"target": [6, 0], "pattern": {"dx": 6, "dy": 0, "width": 37, "height": 1, "positive": "mHH8cMg=", "mask": "v////+g="}, "pattern_translation_multiple": [8, 1], "target_translation_multiple": [2, 1], "level": 1, "array_name": "DC'", "phase": [0, 0]}, {"target": [9, 0], "pattern": {"dx": 6, "dy": 0, "width": 61, "height": 1, "positive": "mHH+D4P8cMg=", "mask": "v////////+g="}, "pattern_translation_multiple": [8, 1], "target_translation_multiple": [2, 1], "level": 1, "array_name": "DC'", "phase": [1, 0]}, {"target": [12, 0], "pattern": {"dx": 6, "dy": 0, "width": 85, "height": 1, "positive": "J44h9g//g3wjjyA=", "mask": "v////////////+g="}, "pattern_translation_multiple": [8, 1], "target_translation_multiple": [2, 1], "level": 1, "array_name": "DC''", "phase": [0, 0]}, {"target": [9, 0], "pattern": {"dx": 6, "dy": 0, "width": 61, "height": 1, "positive": "mHH+D4P8cMg=", "mask": "v////////+g="}, "pattern_translation_multiple": [8, 1], "target_translation_multiple": [2, 1], "level": 1, "array_name": "DC''", "phase": [1, 0]}], "synthesis_test_patterns": [{"target": [6, 0], "pattern": {"dx": 6, "dy": 0, "width": 85, "height": 1, "positive": "J44h9g//g3wjjyA=", "mask": "v////////////+g="}, "pattern_translation_multiple": [8, 1], "target_translation_multiple": [1, 1], "level": 1, "array_name": "L", "phase": [0, 0]}, {"target": [4, 0], "pattern": {"dx": 6, "dy": 0, "width": 61, "height": 1, "positive": "mHH+D4P8cMg=", "mask": "v////////+g="}, "pattern_translation_multiple": [8, 1], "target_translation_multiple": [1, 1], "level": 1, "array_name": "H", "phase": [0, 0]}, {"target": [12, 0], "pattern": {"dx": 6, "dy": 0, "width": 85, "height": 1, "positive": "J44h2HH8cNwjjyA=", "mask": "v////////////+g="}, "pattern_translation_multiple": [8, 1], "target_translation_multiple": [2, 1], "level": 1, "array_name": "DC'", "phase": [0, 0]}, {"target": [9, 0], "pattern": {"dx": 6, "dy": 0, "width": 61, "height": 1, "positive": "mHH+D4P8cMg=", "mask": "v////////+g="}, "pattern_translation_multiple": [8, 1], "target_translation_multiple": [2, 1], "level": 1, "array_name": "DC'", "phase": [1, 0]}, {"target": [12, 0], "pattern": {"dx": 6, "dy": 0, "width": 85, "height": 1, "positive": "J44h2HH8cNwjjyA=", "mask": "v////////////+g="}, "pattern_translation_multiple": [8, 1], "target_translation_multiple": [2, 1], "level": 1, "array_name": "DC", "phase": [0, 0]}, {"target": [15, 0], "pattern": {"dx": 6, "dy": 0, "width": 109, "height": 1, "positive": "mGcnmHmHH8cM8MuPMMg=", "mask": "v////////////////+g="}, "pattern_translation_multiple": [8, 1], "target_translation_multiple": [2, 1], "level": 1, "array_name": "DC", "phase": [1, 0]}, {"target": [12, 0], "pattern": {"dx": 6, "dy": 0, "width": 85, "height": 1, "positive": "J44h2HH8cNwjjyA=", "mask": "v////////////+g="}, "pattern_translation_multiple": [8, 1], "target_translation_multiple": [2, 1], "level": 1, "array_name": "Output", "phase": [0, 0]}, {"target": [15, 0], "pattern": {"dx": 6, "dy": 0, "width": 109, "height": 1, "positive": "mGcnmHmHH8cM8MuPMMg=", "mask": "v////////////////+g="}, "pattern_translation_multiple": [8, 1], "target_translation_multiple": [2, 1], "level": 1, "array_name": "Output", "phase": [1, 0]}, {"target": [12, 0], "pattern": {"dx": 6, "dy": 0, "width": 85, "height": 1, "positive": "J44h2HH8cNwjjyA=", "mask": "v////////////+g="}, "pattern_translation_multiple": [8, 1], "target_translation_multiple": [2, 1], "level": 2, "array_name": "L", "phase": [0, 0]}, {"target": [15, 0], "pattern": {"dx": 6, "dy": 0, "width": 109, "height": 1, "positive": "mGcnmHmHH8cM8MuPMMg=", "mask": "v////////////////+g="}, "pattern_translation_multiple": [8, 1], "target_translation_multiple": [2, 1], "level": 2, "array_name": "L", "phase": [1, 0]}, {"target": [3, 0], "pattern": {"dx": 2, "dy": 0, "width": 25, "height": 1, "positive": "J5zyAA==", "mask": "v//+gA=="}, "pattern_translation_multiple": [4, 1], "target_translation_multiple": [1, 1], "level": 2, "array_name": "H", "phase": [0, 0]}, {"target": [24, 0], "pattern": {"dx": 6, "dy": 0, "width": 85, "height": 1, "positive": "J44h9gZzA3wjjyA=", "mask": "v////////////+g="}, "pattern_translation_multiple": [8, 1], "target_translation_multiple": [4, 1], "level": 2, "array_name": "DC'", "phase": [0, 0]}, {"target": [9, 0], "pattern": {"dx": 6, "dy": 0, "width": 25, "height": 1, "positive": "J5zyAA==", "mask": "v//+gA=="}, "pattern_translation_multiple": [8, 1], "target_translation_multiple": [4, 1], "level": 2, "array_name": "DC'", "phase": [1, 0]}, {"target": [30, 0], "pattern": {"dx": 6, "dy": 0, "width": 109, "height": 1, "positive": "mGcnmHH+JyP8cMuPMMg=", "mask": "v////////////////+g="}, "pattern_translation_multiple": [8, 1], "target_translation_multiple": [4, 1], "level": 2, "array_name": "DC'", "phase": [2, 0]}, {"target": [7, 0], "pattern": {"dx": 2, "dy": 0, "width": 25, "height": 1, "positive": "J5zyAA==", "mask": "v//+gA=="}, "pattern_translation_multiple": [8, 1], "target_translation_multiple": [4, 1], "level": 2, "array_name": "DC'", "phase": [3, 0]}, {"target": [24, 0], "pattern": {"dx": 6, "dy": 0, "width": 85, "height": 1, "positive": "J44h9gZzA3wjjyA=", "mask": "v////////////+g="}, "pattern_translation_multiple": [8, 1], "target_translation_multiple": [4, 1], "level": 2, "array_name": "DC", "phase": [0, 0]}, {"target": [33, 0], "pattern": {"dx": 6, "dy": 0, "width": 117, "height": 1, "positive": "J5hnjiH2JZzTfCOPJzDI", "mask": "v//////////////////o"}, "pattern_translation_multiple": [8, 1], "target_translation_multiple": [4, 1], "level": 2, "array_name": "DC", "phase": [1, 0]}, {"target": [30, 0], "pattern": {"dx": 6, "dy": 0, "width": 109, "height": 1, "positive": "mGcnmHH+JyP8cMuPMMg=", "mask": "v////////////////+g="}, "pattern_translation_multiple": [8, 1], "target_translation_multiple": [4, 1], "level": 2, "array_name": "DC", "phase": [2, 0]}, {"target": [31, 0], "pattern": {"dx": 6, "dy": 0, "width": 117, "height": 1, "positive": "mGcnjiH2Wc0jfCOPMM8g", "mask": "v//////////////////o"}, "pattern_translation_multiple": [8, 1], "target_translation_multiple": [4, 1], "level": 2, "array_name": "DC", "phase": [3, 0]}, {"target": [24, 0], "pattern": {"dx": 6, "dy": 0, "width": 85, "height": 1, "positive": "J44h9gZzA3wjjyA=", "mask": "v////////////+g="}, "pattern_translation_multiple": [8, 1], "target_translation_multiple": [4, 1], "level": 2, "array_name": "Output", "phase": [0, 0]}, {"target": [33, 0], "pattern": {"dx": 6, "dy": 0, "width": 117, "height": 1, "positive": "J5hnjiH2JZzTfCOPJzDI", "mask": "v//////////////////o"}, "pattern_translation_multiple": [8, 1], "target_translation_multiple": [4, 1], "level": 2, "array_name": "Output", "phase": [1, 0]}, {"target": [30, 0], "pattern": {"dx": 6, "dy": 0, "width": 109, "height": 1, "positive": "mGcnmHH+JyP8cMuPMMg=", "mask": "v////////////////+g="}, "pattern_translation_multiple": [8, 1], "target_translation_multiple": [4, 1], "level": 2, "array_name": "Output", "phase": [2, 0]}, {"target": [31, 0], "pattern": {"dx": 6, "dy": 0, "width": 117, "height": 1, "positive": "mGcnjiH2Wc0jfCOPMM8g", "mask": "v//////////////////o"}, "pattern_translation_multiple": [8, 1], "target_translation_multiple": [4, 1], "level": 2, "array_name": "Output", "phase": [3, 0]}, {"target": [24, 0], "pattern": {"dx": 6, "dy": 0, "width": 85, "height": 1, "positive": "J44h9gZzA3wjjyA=", "mask": "v////////////+g="}, "pattern_translation_multiple": [8, 1], "target_translation_multiple": [4, 1], "level": 3, "array_name": "L", "phase": [0, 0]}, {"target": [33, 0], "pattern": {"dx": 6, "dy": 0, "width": 117, "height": 1, "positive": "J5hnjiH2JZzTfCOPJzDI", "mask": "v//////////////////o"}, "pattern_translation_multiple": [8, 1], "target_translation_multiple": [4, 1], "level": 3, "array_name": "L", "phase": [1, 0]}, {"target": [30, 0], "pattern": {"dx": 6, "dy": 0, "width": 109, "height": 1, "positive": "mGcnmHH+JyP8cMuPMMg=", "mask": "v////////////////+g="}, "pattern_translation_multiple": [8, 1], "target_translation_multiple": [4, 1], "level": 3, "array_name": "L", "phase": [2, 0]}, {"target": [31, 0], "pattern": {"dx": 6, "dy": 0, "width": 117, "height": 1, "positive": "mGcnjiH2Wc0jfCOPMM8g", "mask": "v//////////////////o"}, "pattern_translation_multiple": [8, 1], "target_translation_multiple": [4, 1], "level": 3, "array_name": "L", "phase": [3, 0]}, {"target": [1, 0], "pattern": {"dx": 0, "dy": 0, "width": 7, "height": 1, "positive": "kg==", "mask": "ug=="}, "pattern_translation_multiple": [2, 1], "target_translation_multiple": [1, 1], "level": 3, "array_name": "H", "phase": [0, 0]}, {"target": [48, 0], "pattern": {"dx": 6, "dy": 0, "width": 85, "height": 1, "positive": "J44h9g0tg3wjjyA=", "mask": "v////////////+g="}, "pattern_translation_multiple": [8, 1], "target_translation_multiple": [8, 1], "level": 3, "array_name": "DC'", "phase": [0, 0]}, {"target": [9, 0], "pattern": {"dx": 6, "dy": 0, "width": 7, "height": 1, "positive": "kg==", "mask": "ug=="}, "pattern_translation_multiple": [8, 1], "target_translation_multiple": [8, 1], "level": 3, "array_name": "DC'", "phase": [1, 0]}, {"target": [66, 0], "pattern": {"dx": 6, "dy": 0, "width": 117, "height": 1, "positive": "J5hnjiH2J5zzfCOPJzDI", "mask": "v//////////////////o"}, "pattern_translation_multiple": [8, 1], "target_translation_multiple": [8, 1], "level": 3, "array_name": "DC'", "phase": [2, 0]}, {"target": [3, 0], "pattern": {"dx": 0, "dy": 0, "width": 7, "height": 1, "positive": "kg==", "mask": "ug=="}, "pattern_translation_multiple": [8, 1], "target_translation_multiple": [8, 1], "level": 3, "array_name": "DC'", "phase": [3, 0]}, {"target": [60, 0], "pattern": {"dx": 6, "dy": 0, "width": 109, "height": 1, "positive": "mGcnmHH+AoP8cMuPMMg=", "mask": "v////////////////+g="}, "pattern_translation_multiple": [8, 1], "target_translation_multiple": [8, 1], "level": 3, "array_name": "DC'", "phase": [4, 0]}, {"target": [5, 0], "pattern": {"dx": 2, "dy": 0, "width": 7, "height": 1, "positive": "kg==", "mask": "ug=="}, "pattern_translation_multiple": [8, 1], "target_translation_multiple": [8, 1], "level": 3, "array_name": "DC'", "phase": [5, 0]}, {"target": [62, 0], "pattern": {"dx": 6, "dy": 0, "width": 117, "height": 1, "positive": "mGcnjiH2ec8jfCOPMM8g", "mask": "v//////////////////o"}, "pattern_translation_multiple": [8, 1], "target_translation_multiple": [8, 1], "level": 3, "array_name": "DC'", "phase": [6, 0]}, {"target": [7, 0], "pattern": {"dx": 4, "dy": 0, "width": 7, "height": 1, "positive": "kg==", "mask": "ug=="}, "pattern_translation_multiple": [8, 1], "target_translation_multiple": [8, 1], "level": 3, "array_name": "DC'", "phase": [7, 0]}, {"target": [48, 0], "pattern": {"dx": 6, "dy": 0, "width": 85, "height": 1, "positive": "J44h9g0tg3wjjyA=", "mask": "v////////////+g="}, "pattern_translation_multiple": [8, 1], "target_translation_multiple": [8, 1], "level": 3, "array_name": "DC", "phase": [0, 0]}, {"target": [65, 0], "pattern": {"dx": 6, "dy": 0, "width": 117, "height": 1, "positive": "J5hnjiH2D9eDfCOPJzDI", "mask": "v//////////////////o"}, "pattern_translation_multiple": [8, 1], "target_translation_multiple": [8, 1], "level": 3, "array_name": "DC", "phase": [1, 0]}, {"target": [66, 0], "pattern": {"dx": 6, "dy": 0, "width": 117, "height": 1, "positive": "J5hnjiH2J5zzfCOPJzDI", "mask": "v//////////////////o"}, "pattern_translation_multiple": [8, 1], "target_translation_multiple": [8, 1], "level": 3, "array_name": "DC", "phase": [2, 0]}, {"target": [67, 0], "pattern": {"dx": 6, "dy": 0, "width": 125, "height": 1, "positive": "J5hnjiH2D/WDfCOPJzDYyA==", "mask": "v///////////////////6A=="}, "pattern_translation_multiple": [8, 1], "target_translation_multiple": [8, 1], "level": 3, "array_name": "DC", "phase": [3, 0]}, {"target": [60, 0], "pattern": {"dx": 6, "dy": 0, "width": 109, "height": 1, "positive": "mGcnmHH+AoP8cMuPMMg=", "mask": "v////////////////+g="}, "pattern_translation_multiple": [8, 1], "target_translation_multiple": [8, 1], "level": 3, "array_name": "DC", "phase": [4, 0]}, {"target": [69, 0], "pattern": {"dx": 6, "dy": 0, "width": 125, "height": 1, "positive": "mNhnJ44h9g1/g3wjjzDPIA==", "mask": "v///////////////////6A=="}, "pattern_translation_multiple": [8, 1], "target_translation_multiple": [8, 1], "level": 3, "array_name": "DC", "phase": [5, 0]}, {"target": [62, 0], "pattern": {"dx": 6, "dy": 0, "width": 117, "height": 1, "positive": "mGcnjiH2ec8jfCOPMM8g", "mask": "v//////////////////o"}, "pattern_translation_multiple": [8, 1], "target_translation_multiple": [8, 1], "level": 3, "array_name": "DC", "phase": [6, 0]}, {"target": [63, 0], "pattern": {"dx": 6, "dy": 0, "width": 117, "height": 1, "positive": "mGcnjiH2D1+DfCOPMM8g", "mask": "v//////////////////o"}, "pattern_translation_multiple": [8, 1], "target_translation_multiple": [8, 1], "level": 3, "array_name": "DC", "phase": [7, 0]}, {"target": [48, 0], "pattern": {"dx": 6, "dy": 0, "width": 85, "height": 1, "positive": "J44h9g0tg3wjjyA=", "mask": "v////////////+g="}, "pattern_translation_multiple": [8, 1], "target_translation_multiple": [8, 1], "level": 3, "array_name": "Output", "phase": [0, 0]}, {"target": [65, 0], "pattern": {"dx": 6, "dy": 0, "width": 117, "height": 1, "positive": "J5hnjiH2D9eDfCOPJzDI", "mask": "v//////////////////o"}, "pattern_translation_multiple": [8, 1], "target_translation_multiple": [8, 1], "level": 3, "array_name": "Output", "phase": [1, 0]}, {"target": [66, 0], "pattern": {"dx": 6, "dy": 0, "width": 117, "height": 1, "positive": "J5hnjiH2J5zzfCOPJzDI", "mask": "v//////////////////o"}, "pattern_translation_multiple": [8, 1], "target_translation_multiple": [8, 1], "level": 3, "array_name": "Output", "phase": [2, 0]}, {"target": [67, 0], "pattern": {"dx": 6, "dy": 0, "width": 125, "height": 1, "positive": "J5hnjiH2D/WDfCOPJzDYyA==", "mask": "v///////////////////6A=="}, "pattern_translation_multiple": [8, 1], "target_translation_multiple": [8, 1], "level": 3, "array_name": "Output", "phase": [3, 0]}, {"target": [60, 0], "pattern": {"dx": 6, "dy": 0, "width": 109, "height": 1, "positive": "mGcnmHH+AoP8cMuPMMg=", "mask": "v////////////////+g="}, "pattern_translation_multiple": [8, 1], "target_translation_multiple": [8, 1], "level": 3, "array_name": "Output", "phase": [4, 0]}, {"target": [69, 0], "pattern": {"dx": 6, "dy": 0, "width": 125, "height": 1, "positive": "mNhnJ44h9g1/g3wjjzDPIA==", "mask": "v///////////////////6A=="}, "pattern_translation_multiple": [8, 1], "target_translation_multiple": [8, 1], "level": 3, "array_name": "Output", "phase": [5, 0]}, {"target": [62, 0], "pattern": {"dx": 6, "dy": 0, "width": 117, "height": 1, "positive": "mGcnjiH2ec8jfCOPMM8g", "mask": "v//////////////////o"}, "pattern_translation_multiple": [8, 1], "target_translation_multiple": [8, 1], "level": 3, "array_name": "Output", "phase": [6, 0]}, {"target": [63, 0], "pattern": {"dx": 6, "dy": 0, "width": 117, "height": 1, "positive": "mGcnjiH2D1+DfCOPMM8g", "mask": "v//////////////////o"}, "pattern_translation_multiple": [8, 1], "target_translation_multiple": [8, 1], "level": 3, "array_name": "Output", "phase": [7, 0]}]}