{"wavelet_index": 0, "wavelet_index_ho": 0, "dwt_depth": 0, "dwt_depth_ho": 3, "analysis_signal_bounds": [{"lower_bound": [{"symbol": "signal_min", "numer": "1", "denom": "1"}], "upper_bound": [{"symbol": "signal_max", "numer": "1", "denom": "1"}], "level": 3, "array_name": "Input", "phase": [0, 0]}, {"lower_bound": [{"symbol": "signal_min", "numer": "2", "denom": "1"}], "upper_bound": [{"symbol": "signal_max", "numer": "2", "denom": "1"}], "level": 3, "array_name": "DC", "phase": [0, 0]}, {"lower_bound": [{"symbol": "signal_min", "numer": "2", "denom": "1"}], "upper_bound": [{"symbol": "signal_max", "numer": "2", "denom": "1"}], "level": 3, "array_name": "DC'", "phase": [0, 0]}, {"lower_bound": [{"symbol": "signal_min", "numer": "9", "denom": "4"}, {"symbol": "signal_max", "numer": "-9", "denom": "4"}, {"symbol": null, "numer": "-1", "denom": "2"}], "upper_bound": [{"symbol": "signal_max", "numer": "9", "denom": "4"}, {"symbol": "signal_min", "numer": "-9", "denom": "4"}, {"symbol": null, "numer": "1", "denom": "2"}], "level": 3, "array_name": "DC'", "phase": [1, 0]}, {"lower_bound": [{"symbol": "signal_min", "numer": "5", "denom": "2"}, {"symbol": "signal_max", "numer": "-1", "denom": "2"}, {"symbol": null, "numer": "-3", "denom": "4"}], "upper_bound": [{"symbol": "signal_max", "numer": "5", "denom": "2"}, {"symbol": "signal_min", "numer": "-1", "denom": "2"}, {"symbol": null, "numer": "3", "denom": "4"}], "level": 3, "array_name": "DC''", "phase": [0, 0]}, {"lower_bound": [{"symbol": "signal_min", "numer": "9", "denom": "4"}, {"symbol": "signal_max", "numer": "-9", "denom": "4"}, {"symbol": null, "numer": "-1", "denom": "2"}], "upper_bound": [{"symbol": "signal_max", "numer": "9", "denom": "4"}, {"symbol": "signal_min", "numer": "-9", "denom": "4"}, {"symbol": null, "numer": "1", "denom": "2"}], "level": 3, "array_name": "DC''", "phase": [1, 0]}, {"lower_bound": [{"symbol": "signal_min", "numer": "5", "denom": "1"}, {"symbol": "signal_max", "numer": "-1", "denom": "1"}, {"symbol": null, "numer": "-3", "denom": "2"}], "upper_bound": [{"symbol": "signal_max", "numer": "5", "denom": "1"}, {"symbol": "signal_min", "numer": "-1", "denom": "1"}, {"symbol": null, "numer": "3", "denom": "2"}], "level": 2, "array_name": "DC", "phase": [0, 0]}, {"lower_bound": [{"symbol": "signal_min", "numer": "5", "denom": "1"}, {"symbol": "signal_max", "numer": "-1", "denom": "1"}, {"symbol": null, "numer": "-3", "denom": "2"}], "upper_bound": [{"symbol": "signal_max", "numer": "5", "denom": "1"}, {"symbol": "signal_min", "numer": "-1", "denom": "1"}, {"symbol": null, "numer": "3", "denom": "2"}], "level": 2, "array_name": "DC'", "phase": [0, 0]}, {"lower_bound": [{"symbol": "signal_min", "numer": "351", "denom": "64"}, {"symbol": "signal_max", "numer": "-351", "denom": "64"}, {"symbol": null, "numer": "-53", "denom": "16"}], "upper_bound": [{"symbol": "signal_max", "numer": "351", "denom": "64"}, {"symbol": "signal_min", "numer": "-351", "denom": "64"}, {"symbol": null, "numer": "53", "denom": "16"}], "level": 2, "array_name": "DC'", "phase": [1, 0]}, {"lower_bound": [{"symbol": "signal_min", "numer": "2633", "denom": "512"}, {"symbol": "signal_max", "numer": "-585", "denom": "512"}, {"symbol": null, "numer": "-23", "denom": "8"}], "upper_bound": [{"symbol": "signal_max", "numer": "2633", "denom": "512"}, {"symbol": "signal_min", "numer": "-585", "denom": "512"}, {"symbol": null, "numer": "23", "denom": "8"}], "level": 2, "array_name": "DC''", "phase": [0, 0]}, {"lower_bound": [{"symbol": "signal_min", "numer": "351", "denom": "64"}, {"symbol": "signal_max", "numer": "-351", "denom": "64"}, {"symbol": null, "numer": "-53", "denom": "16"}], "upper_bound": [{"symbol": "signal_max", "numer": "351", "denom": "64"}, {"symbol": "signal_min", "numer": "-351", "denom": "64"}, {"symbol": null, "numer": "53", "denom": "16"}], "level": 2, "array_name": "DC''", "phase": [1, 0]}, {"lower_bound": [{"symbol": "signal_min", "numer": "2633", "denom": "256"}, {"symbol": "signal_max", "numer": "-585", "denom": "256"}, {"symbol": null, "numer": "-23", "denom": "4"}], "upper_bound": [{"symbol": "signal_max", "numer": "2633", "denom": "256"}, {"symbol": "signal_min", "numer": "-585", "denom": "256"}, {"symbol": null, "numer": "23", "denom": "4"}], "level": 1, "array_name": "DC", "phase": [0, 0]}, {"lower_bound": [{"symbol": "signal_min", "numer": "2633", "denom": "256"}, {"symbol": "signal_max", "numer": "-585", "denom": "256"}, {"symbol": null, "numer": "-23", "denom": "4"}], "upper_bound": [{"symbol": "signal_max", "numer": "2633", "denom": "256"}, {"symbol": "signal_min", "numer": "-585", "denom": "256"}, {"symbol": null, "numer": "23", "denom": "4"}], "level": 1, "array_name": "DC'", "phase": [0, 0]}, {"lower_bound": [{"symbol": "signal_min", "numer": "23439", "denom": "2048"}, {"symbol": "signal_max", "numer": "-23439", "denom": "2048"}, {"symbol": null, "numer": "-1427", "denom": "128"}], "upper_bound": [{"symbol": "signal_max", "numer": "23439", "denom": "2048"}, {"symbol": "signal_min", "numer": "-23439", "denom": "2048"}, {"symbol": null, "numer": "1427", "denom": "128"}], "level": 1, "array_name": "DC'", "phase": [1, 0]}, {"lower_bound": [{"symbol": "signal_min", "numer": "170047", "denom": "16384"}, {"symbol": null, "numer": "-7667", "denom": "1024"}, {"symbol": "signal_max", "numer": "-38975", "denom": "16384"}], "upper_bound": [{"symbol": "signal_max", "numer": "170047", "denom": "16384"}, {"symbol": null, "numer": "7667", "denom": "1024"}, {"symbol": "signal_min", "numer": "-38975", "denom": "16384"}], "level": 1, "array_name": "DC''", "phase": [0, 0]}, {"lower_bound": [{"symbol": "signal_min", "numer": "23439", "denom": "2048"}, {"symbol": "signal_max", "numer": "-23439", "denom": "2048"}, {"symbol": null, "numer": "-1427", "denom": "128"}], "upper_bound": [{"symbol": "signal_max", "numer": "23439", "denom": "2048"}, {"symbol": "signal_min", "numer": "-23439", "denom": "2048"}, {"symbol": null, "numer": "1427", "denom": "128"}], "level": 1, "array_name": "DC''", "phase": [1, 0]}], "synthesis_signal_bounds": [{"lower_bound": [{"symbol": "coeff_0_L_min", "numer": "1", "denom": "1"}], "upper_bound": [{"symbol": "coeff_0_L_max", "numer": "1", "denom": "1"}], "level": 1, "array_name": "L", "phase": [0, 0]}, {"lower_bound": [{"symbol": "coeff_1_H_min", "numer": "1", "denom": "1"}], "upper_bound": [{"symbol": "coeff_1_H_max", "numer": "1", "denom": "1"}], "level": 1, "array_name": "H", "phase": [0, 0]}, {"lower_bound": [{"symbol": "coeff_0_L_min", "numer": "1", "denom": "1"}, {"symbol": "coeff_1_H_max", "numer": "-1", "denom": "2"}, {"symbol": null, "numer": "-1", "denom": "2"}], "upper_bound": [{"symbol": "coeff_0_L_max", "numer": "1", "denom": "1"}, {"symbol": "coeff_1_H_min", "numer": "-1", "denom": "2"}, {"symbol": null, "numer": "1", "denom": "2"}], "level": 1, "array_name": "DC'", "phase": [0, 0]}, {"lower_bound": [{"symbol": "coeff_1_H_min", "numer": "1", "denom": "1"}], "upper_bound": [{"symbol": "coeff_1_H_max", "numer": "1", "denom": "1"}], "level": 1, "array_name": "DC'", "phase": [1, 0]}, {"lower_bound": [{"symbol": "coeff_0_L_min", "numer": "1", "denom": "1"}, {"symbol": "coeff_1_H_max", "numer": "-1", "denom": "2"}, {"symbol": null, "numer": "-1", "denom": "2"}], "upper_bound": [{"symbol": "coeff_0_L_max", "numer": "1", "denom": "1"}, {"symbol": "coeff_1_H_min", "numer": "-1", "denom": "2"}, {"symbol": null, "numer": "1", "denom": "2"}], "level": 1, "array_name": "DC", "phase": [0, 0]}, {"lower_bound": [{"symbol": "coeff_1_H_min", "numer": "3", "denom": "4"}, {"symbol": "coeff_0_L_max", "numer": "-1", "denom": "8"}, {"symbol": "coeff_1_H_max", "numer": "-1", "denom": "4"}, {"symbol": null, "numer": "-9", "denom": "8"}, {"symbol": "coeff_0_L_min", "numer": "9", "denom": "8"}], "upper_bound": [{"symbol": "coeff_1_H_max", "numer": "3", "denom": "4"}, {"symbol": "coeff_0_L_min", "numer": "-1", "denom": "8"}, {"symbol": "coeff_1_H_min", "numer": "-1", "denom": "4"}, {"symbol": null, "numer": "9", "denom": "8"}, {"symbol": "coeff_0_L_max", "numer": "9", "denom": "8"}], "level": 1, "array_name": "DC", "phase": [1, 0]}, {"lower_bound": [{"symbol": "coeff_0_L_min", "numer": "1", "denom": "2"}, {"symbol": "coeff_1_H_max", "numer": "-1", "denom": "4"}, {"symbol": null, "numer": "-3", "denom": "4"}], "upper_bound": [{"symbol": "coeff_0_L_max", "numer": "1", "denom": "2"}, {"symbol": "coeff_1_H_min", "numer": "-1", "denom": "4"}, {"symbol": null, "numer": "3", "denom": "4"}], "level": 1, "array_name": "Output", "phase": [0, 0]}, {"lower_bound": [{"symbol": "coeff_1_H_min", "numer": "3", "denom": "8"}, {"symbol": "coeff_0_L_max", "numer": "-1", "denom": "16"}, {"symbol": "coeff_1_H_max", "numer": "-1", "denom": "8"}, {"symbol": null, "numer": "-17", "denom": "16"}, {"symbol": "coeff_0_L_min", "numer": "9", "denom": "16"}], "upper_bound": [{"symbol": "coeff_1_H_max", "numer": "3", "denom": "8"}, {"symbol": "coeff_0_L_min", "numer": "-1", "denom": "16"}, {"symbol": "coeff_1_H_min", "numer": "-1", "denom": "8"}, {"symbol": null, "numer": "17", "denom": "16"}, {"symbol": "coeff_0_L_max", "numer": "9", "denom": "16"}], "level": 1, "array_name": "Output", "phase": [1, 0]}, {"lower_bound": [{"symbol": "coeff_0_L_min", "numer": "1", "denom": "2"}, {"symbol": "coeff_1_H_max", "numer": "-1", "denom": "4"}, {"symbol": null, "numer": "-3", "denom": "4"}], "upper_bound": [{"symbol": "coeff_0_L_max", "numer": "1", "denom": "2"}, {"symbol": "coeff_1_H_min", "numer": "-1", "denom": "4"}, {"symbol": null, "numer": "3", "denom": "4"}], "level": 2, "array_name": "L", "phase": [0, 0]}, {"lower_bound": [{"symbol": "coeff_1_H_min", "numer": "3", "denom": "8"}, {"symbol": "coeff_0_L_max", "numer": "-1", "denom": "16"}, {"symbol": "coeff_1_H_max", "numer": "-1", "denom": "8"}, {"symbol": null, "numer": "-17", "denom": "16"}, {"symbol": "coeff_0_L_min", "numer": "9", "denom": "16"}], "upper_bound": [{"symbol": "coeff_1_H_max", "numer": "3", "denom": "8"}, {"symbol": "coeff_0_L_min", "numer": "-1", "denom": "16"}, {"symbol": "coeff_1_H_min", "numer": "-1", "denom": "8"}, {"symbol": null, "numer": "17", "denom": "16"}, {"symbol": "coeff_0_L_max", "numer": "9", "denom": "16"}], "level": 2, "array_name": "L", "phase": [1, 0]}, {"lower_bound": [{"symbol": "coeff_2_H_min", "numer": "1", "denom": "1"}], "upper_bound": [{"symbol": "coeff_2_H_max", "numer": "1", "denom": "1"}], "level": 2, "array_name": "H", "phase": [0, 0]}, {"lower_bound": [{"symbol": "coeff_0_L_min", "numer": "1", "denom": "2"}, {"symbol": "coeff_1_H_max", "numer": "-1", "denom": "4"}, {"symbol": null, "numer": "-5", "denom": "4"}, {"symbol": "coeff_2_H_max", "numer": "-1", "denom": "2"}], "upper_bound": [{"symbol": "coeff_0_L_max", "numer": "1", "denom": "2"}, {"symbol": "coeff_1_H_min", "numer": "-1", "denom": "4"}, {"symbol": null, "numer": "5", "denom": "4"}, {"symbol": "coeff_2_H_min", "numer": "-1", "denom": "2"}], "level": 2, "array_name": "DC'", "phase": [0, 0]}, {"lower_bound": [{"symbol": "coeff_2_H_min", "numer": "1", "denom": "1"}], "upper_bound": [{"symbol": "coeff_2_H_max", "numer": "1", "denom": "1"}], "level": 2, "array_name": "DC'", "phase": [1, 0]}, {"lower_bound": [{"symbol": "coeff_1_H_min", "numer": "3", "denom": "8"}, {"symbol": "coeff_0_L_max", "numer": "-1", "denom": "16"}, {"symbol": "coeff_1_H_max", "numer": "-1", "denom": "8"}, {"symbol": null, "numer": "-25", "denom": "16"}, {"symbol": "coeff_0_L_min", "numer": "9", "denom": "16"}, {"symbol": "coeff_2_H_max", "numer": "-1", "denom": "2"}], "upper_bound": [{"symbol": "coeff_1_H_max", "numer": "3", "denom": "8"}, {"symbol": "coeff_0_L_min", "numer": "-1", "denom": "16"}, {"symbol": "coeff_1_H_min", "numer": "-1", "denom": "8"}, {"symbol": null, "numer": "25", "denom": "16"}, {"symbol": "coeff_0_L_max", "numer": "9", "denom": "16"}, {"symbol": "coeff_2_H_min", "numer": "-1", "denom": "2"}], "level": 2, "array_name": "DC'", "phase": [2, 0]}, {"lower_bound": [{"symbol": "coeff_2_H_min", "numer": "1", "denom": "1"}], "upper_bound": [{"symbol": "coeff_2_H_max", "numer": "1", "denom": "1"}], "level": 2, "array_name": "DC'", "phase": [3, 0]}, {"lower_bound": [{"symbol": "coeff_0_L_min", "numer": "1", "denom": "2"}, {"symbol": "coeff_1_H_max", "numer": "-1", "denom": "4"}, {"symbol": null, "numer": "-5", "denom": "4"}, {"symbol": "coeff_2_H_max", "numer": "-1", "denom": "2"}], "upper_bound": [{"symbol": "coeff_0_L_max", "numer": "1", "denom": "2"}, {"symbol": "coeff_1_H_min", "numer": "-1", "denom": "4"}, {"symbol": null, "numer": "5", "denom": "4"}, {"symbol": "coeff_2_H_min", "numer": "-1", "denom": "2"}], "level": 2, "array_name": "DC", "phase": [0, 0]}, {"lower_bound": [{"symbol": "coeff_2_H_min", "numer": "3", "denom": "4"}, {"symbol": "coeff_1_H_max", "numer": "-5", "denom": "32"}, {"symbol": "coeff_0_L_min", "numer": "283", "denom": "512"}, {"symbol": "coeff_1_H_min", "numer": "5", "denom": "32"}, {"symbol": null, "numer": "-1131", "denom": "512"}, {"symbol": "coeff_0_L_max", "numer": "-27", "denom": "512"}, {"symbol": "coeff_2_H_max", "numer": "-1", "denom": "4"}], "upper_bound": [{"symbol": "coeff_2_H_max", "numer": "3", "denom": "4"}, {"symbol": "coeff_1_H_min", "numer": "-5", "denom": "32"}, {"symbol": "coeff_0_L_max", "numer": "283", "denom": "512"}, {"symbol": "coeff_1_H_max", "numer": "5", "denom": "32"}, {"symbol": null, "numer": "1131", "denom": "512"}, {"symbol": "coeff_0_L_min", "numer": "-27", "denom": "512"}, {"symbol": "coeff_2_H_min", "numer": "-1", "denom": "4"}], "level": 2, "array_name": "DC", "phase": [1, 0]}, {"lower_bound": [{"symbol": "coeff_1_H_min", "numer": "3", "denom": "8"}, {"symbol": "coeff_0_L_max", "numer": "-1", "denom": "16"}, {"symbol": "coeff_1_H_max", "numer": "-1", "denom": "8"}, {"symbol": null, "numer": "-25", "denom": "16"}, {"symbol": "coeff_0_L_min", "numer": "9", "denom": "16"}, {"symbol": "coeff_2_H_max", "numer": "-1", "denom": "2"}], "upper_bound": [{"symbol": "coeff_1_H_max", "numer": "3", "denom": "8"}, {"symbol": "coeff_0_L_min", "numer": "-1", "denom": "16"}, {"symbol": "coeff_1_H_min", "numer": "-1", "denom": "8"}, {"symbol": null, "numer": "25", "denom": "16"}, {"symbol": "coeff_0_L_max", "numer": "9", "denom": "16"}, {"symbol": "coeff_2_H_min", "numer": "-1", "denom": "2"}], "level": 2, "array_name": "DC", "phase": [2, 0]}, {"lower_bound": [{"symbol": "coeff_2_H_min", "numer": "3", "denom": "4"}, {"symbol": "coeff_0_L_min", "numer": "283", "denom": "512"}, {"symbol": "coeff_1_H_max", "numer": "-5", "denom": "32"}, {"symbol": "coeff_1_H_min", "numer": "5", "denom": "32"}, {"symbol": null, "numer": "-1131", "denom": "512"}, {"symbol": "coeff_2_H_max", "numer": "-1", "denom": "4"}, {"symbol": "coeff_0_L_max", "numer": "-27", "denom": "512"}], "upper_bound": [{"symbol": "coeff_2_H_max", "numer": "3", "denom": "4"}, {"symbol": "coeff_0_L_max", "numer": "283", "denom": "512"}, {"symbol": "coeff_1_H_min", "numer": "-5", "denom": "32"}, {"symbol": "coeff_1_H_max", "numer": "5", "denom": "32"}, {"symbol": null, "numer": "1131", "denom": "512"}, {"symbol": "coeff_2_H_min", "numer": "-1", "denom": "4"}, {"symbol": "coeff_0_L_min", "numer": "-27", "denom": "512"}], "level": 2, "array_name": "DC", "phase": [3, 0]}, {"lower_bound": [{"symbol": "coeff_0_L_min", "numer": "1", "denom": "4"}, {"symbol": "coeff_1_H_max", "numer": "-1", "denom": "8"}, {"symbol": null, "numer": "-9", "denom": "8"}, {"symbol": "coeff_2_H_max", "numer": "-1", "denom": "4"}], "upper_bound": [{"symbol": "coeff_0_L_max", "numer": "1", "denom": "4"}, {"symbol": "coeff_1_H_min", "numer": "-1", "denom": "8"}, {"symbol": null, "numer": "9", "denom": "8"}, {"symbol": "coeff_2_H_min", "numer": "-1", "denom": "4"}], "level": 2, "array_name": "Output", "phase": [0, 0]}, {"lower_bound": [{"symbol": "coeff_2_H_min", "numer": "3", "denom": "8"}, {"symbol": "coeff_1_H_max", "numer": "-5", "denom": "64"}, {"symbol": "coeff_0_L_min", "numer": "283", "denom": "1024"}, {"symbol": "coeff_1_H_min", "numer": "5", "denom": "64"}, {"symbol": null, "numer": "-1643", "denom": "1024"}, {"symbol": "coeff_0_L_max", "numer": "-27", "denom": "1024"}, {"symbol": "coeff_2_H_max", "numer": "-1", "denom": "8"}], "upper_bound": [{"symbol": "coeff_2_H_max", "numer": "3", "denom": "8"}, {"symbol": "coeff_1_H_min", "numer": "-5", "denom": "64"}, {"symbol": "coeff_0_L_max", "numer": "283", "denom": "1024"}, {"symbol": "coeff_1_H_max", "numer": "5", "denom": "64"}, {"symbol": null, "numer": "1643", "denom": "1024"}, {"symbol": "coeff_0_L_min", "numer": "-27", "denom": "1024"}, {"symbol": "coeff_2_H_min", "numer": "-1", "denom": "8"}], "level": 2, "array_name": "Output", "phase": [1, 0]}, {"lower_bound": [{"symbol": "coeff_1_H_min", "numer": "3", "denom": "16"}, {"symbol": "coeff_0_L_max", "numer": "-1", "denom": "32"}, {"symbol": "coeff_1_H_max", "numer": "-1", "denom": "16"}, {"symbol": null, "numer": "-41", "denom": "32"}, {"symbol": "coeff_0_L_min", "numer": "9", "denom": "32"}, {"symbol": "coeff_2_H_max", "numer": "-1", "denom": "4"}], "upper_bound": [{"symbol": "coeff_1_H_max", "numer": "3", "denom": "16"}, {"symbol": "coeff_0_L_min", "numer": "-1", "denom": "32"}, {"symbol": "coeff_1_H_min", "numer": "-1", "denom": "16"}, {"symbol": null, "numer": "41", "denom": "32"}, {"symbol": "coeff_0_L_max", "numer": "9", "denom": "32"}, {"symbol": "coeff_2_H_min", "numer": "-1", "denom": "4"}], "level": 2, "array_name": "Output", "phase": [2, 0]}, {"lower_bound": [{"symbol": "coeff_2_H_min", "numer": "3", "denom": "8"}, {"symbol": "coeff_0_L_min", "numer": "283", "denom": "1024"}, {"symbol": "coeff_1_H_max", "numer": "-5", "denom": "64"}, {"symbol": "coeff_1_H_min", "numer": "5", "denom": "64"}, {"symbol": null, "numer": "-1643", "denom": "1024"}, {"symbol": "coeff_2_H_max", "numer": "-1", "denom": "8"}, {"symbol": "coeff_0_L_max", "numer": "-27", "denom": "1024"}], "upper_bound": [{"symbol": "coeff_2_H_max", "numer": "3", "denom": "8"}, {"symbol": "coeff_0_L_max", "numer": "283", "denom": "1024"}, {"symbol": "coeff_1_H_min", "numer": "-5", "denom": "64"}, {"symbol": "coeff_1_H_max", "numer": "5", "denom": "64"}, {"symbol": null, "numer": "1643", "denom": "1024"}, {"symbol": "coeff_2_H_min", "numer": "-1", "denom": "8"}, {"symbol": "coeff_0_L_min", "numer": "-27", "denom": "1024"}], "level": 2, "array_name": "Output", "phase": [3, 0]}, {"lower_bound": [{"symbol": "coeff_0_L_min", "numer": "1", "denom": "4"}, {"symbol": "coeff_1_H_max", "numer": "-1", "denom": "8"}, {"symbol": null, "numer": "-9", "denom": "8"}, {"symbol": "coeff_2_H_max", "numer": "-1", "denom": "4"}], "upper_bound": [{"symbol": "coeff_0_L_max", "numer": "1", "denom": "4"}, {"symbol": "coeff_1_H_min", "numer": "-1", "denom": "8"}, {"symbol": null, "numer": "9", "denom": "8"}, {"symbol": "coeff_2_H_min", "numer": "-1", "denom": "4"}], "level": 3, "array_name": "L", "phase": [0, 0]}, {"lower_bound": [{"symbol": "coeff_2_H_min", "numer": "3", "denom": "8"}, {"symbol": "coeff_1_H_max", "numer": "-5", "denom": "64"}, {"symbol": "coeff_0_L_min", "numer": "283", "denom": "1024"}, {"symbol": "coeff_1_H_min", "numer": "5", "denom": "64"}, {"symbol": null, "numer": "-1643", "denom": "1024"}, {"symbol": "coeff_0_L_max", "numer": "-27", "denom": "1024"}, {"symbol": "coeff_2_H_max", "numer": "-1", "denom": "8"}], "upper_bound": [{"symbol": "coeff_2_H_max", "numer": "3", "denom": "8"}, {"symbol": "coeff_1_H_min", "numer": "-5", "denom": "64"}, {"symbol": "coeff_0_L_max", "numer": "283", "denom": "1024"}, {"symbol": "coeff_1_H_max", "numer": "5", "denom": "64"}, {"symbol": null, "numer": "1643", "denom": "1024"}, {"symbol": "coeff_0_L_min", "numer": "-27", "denom": "1024"}, {"symbol": "coeff_2_H_min", "numer": "-1", "denom": "8"}], "level": 3, "array_name": "L", "phase": [1, 0]}, {"lower_bound": [{"symbol": "coeff_1_H_min", "numer": "3", "denom": "16"}, {"symbol": "coeff_0_L_max", "numer": "-1", "denom": "32"}, {"symbol": "coeff_1_H_max", "numer": "-1", "denom": "16"}, {"symbol": null, "numer": "-41", "denom": "32"}, {"symbol": "coeff_0_L_min", "numer": "9", "denom": "32"}, {"symbol": "coeff_2_H_max", "numer": "-1", "denom": "4"}], "upper_bound": [{"symbol": "coeff_1_H_max", "numer": "3", "denom": "16"}, {"symbol": "coeff_0_L_min", "numer": "-1", "denom": "32"}, {"symbol": "coeff_1_H_min", "numer": "-1", "denom": "16"}, {"symbol": null, "numer": "41", "denom": "32"}, {"symbol": "coeff_0_L_max", "numer": "9", "denom": "32"}, {"symbol": "coeff_2_H_min", "numer": "-1", "denom": "4"}], "level": 3, "array_name": "L", "phase": [2, 0]}, {"lower_bound": [{"symbol": "coeff_2_H_min", "numer": "3", "denom": "8"}, {"symbol": "coeff_0_L_min", "numer": "283", "denom": "1024"}, {"symbol": "coeff_1_H_max", "numer": "-5", "denom": "64"}, {"symbol": "coeff_1_H_min", "numer": "5", "denom": "64"}, {"symbol": null, "numer": "-1643", "denom": "1024"}, {"symbol": "coeff_2_H_max", "numer": "-1", "denom": "8"}, {"symbol": "coeff_0_L_max", "numer": "-27", "denom": "1024"}], "upper_bound": [{"symbol": "coeff_2_H_max", "numer": "3", "denom": "8"}, {"symbol": "coeff_0_L_max", "numer": "283", "denom": "1024"}, {"symbol": "coeff_1_H_min", "numer": "-5", "denom": "64"}, {"symbol": "coeff_1_H_max", "numer": "5", "denom": "64"}, {"symbol": null, "numer": "1643", "denom": "1024"}, {"symbol": "coeff_2_H_min", "numer": "-1", "denom": "8"}, {"symbol": "coeff_0_L_min", "numer": "-27", "denom": "1024"}], "level": 3, "array_name": "L", "phase": [3, 0]}, {"lower_bound": [{"symbol": "coeff_3_H_min", "numer": "1", "denom": "1"}], "upper_bound": [{"symbol": "coeff_3_H_max", "numer": "1", "denom": "1"}], "level": 3, "array_name": "H", "phase": [0, 0]}, {"lower_bound": [{"symbol": "coeff_0_L_min", "numer": "1", "denom": "4"}, {"symbol": "coeff_1_H_max", "numer": "-1", "denom": "8"}, {"symbol": null, "numer": "-13", "denom": "8"}, {"symbol": "coeff_2_H_max", "numer": "-1", "denom": "4"}, {"symbol": "coeff_3_H_max", "numer": "-1", "denom": "2"}], "upper_bound": [{"symbol": "coeff_0_L_max", "numer": "1", "denom": "4"}, {"symbol": "coeff_1_H_min", "numer": "-1", "denom": "8"}, {"symbol": null, "numer": "13", "denom": "8"}, {"symbol": "coeff_2_H_min", "numer": "-1", "denom": "4"}, {"symbol": "coeff_3_H_min", "numer": "-1", "denom": "2"}], "level": 3, "array_name": "DC'", "phase": [0, 0]}, {"lower_bound": [{"symbol": "coeff_3_H_min", "numer": "1", "denom": "1"}], "upper_bound": [{"symbol": "coeff_3_H_max", "numer": "1", "denom": "1"}], "level": 3, "array_name": "DC'", "phase": [1, 0]}, {"lower_bound": [{"symbol": "coeff_2_H_min", "numer": "3", "denom": "8"}, {"symbol": "coeff_1_H_max", "numer": "-5", "denom": "64"}, {"symbol": "coeff_0_L_min", "numer": "283", "denom": "1024"}, {"symbol": "coeff_1_H_min", "numer": "5", "denom": "64"}, {"symbol": null, "numer": "-2155", "denom": "1024"}, {"symbol": "coeff_0_L_max", "numer": "-27", "denom": "1024"}, {"symbol": "coeff_2_H_max", "numer": "-1", "denom": "8"}, {"symbol": "coeff_3_H_max", "numer": "-1", "denom": "2"}], "upper_bound": [{"symbol": "coeff_2_H_max", "numer": "3", "denom": "8"}, {"symbol": "coeff_1_H_min", "numer": "-5", "denom": "64"}, {"symbol": "coeff_0_L_max", "numer": "283", "denom": "1024"}, {"symbol": "coeff_1_H_max", "numer": "5", "denom": "64"}, {"symbol": null, "numer": "2155", "denom": "1024"}, {"symbol": "coeff_0_L_min", "numer": "-27", "denom": "1024"}, {"symbol": "coeff_2_H_min", "numer": "-1", "denom": "8"}, {"symbol": "coeff_3_H_min", "numer": "-1", "denom": "2"}], "level": 3, "array_name": "DC'", "phase": [2, 0]}, {"lower_bound": [{"symbol": "coeff_3_H_min", "numer": "1", "denom": "1"}], "upper_bound": [{"symbol": "coeff_3_H_max", "numer": "1", "denom": "1"}], "level": 3, "array_name": "DC'", "phase": [3, 0]}, {"lower_bound": [{"symbol": "coeff_1_H_min", "numer": "3", "denom": "16"}, {"symbol": "coeff_0_L_max", "numer": "-1", "denom": "32"}, {"symbol": "coeff_1_H_max", "numer": "-1", "denom": "16"}, {"symbol": null, "numer": "-57", "denom": "32"}, {"symbol": "coeff_0_L_min", "numer": "9", "denom": "32"}, {"symbol": "coeff_2_H_max", "numer": "-1", "denom": "4"}, {"symbol": "coeff_3_H_max", "numer": "-1", "denom": "2"}], "upper_bound": [{"symbol": "coeff_1_H_max", "numer": "3", "denom": "16"}, {"symbol": "coeff_0_L_min", "numer": "-1", "denom": "32"}, {"symbol": "coeff_1_H_min", "numer": "-1", "denom": "16"}, {"symbol": null, "numer": "57", "denom": "32"}, {"symbol": "coeff_0_L_max", "numer": "9", "denom": "32"}, {"symbol": "coeff_2_H_min", "numer": "-1", "denom": "4"}, {"symbol": "coeff_3_H_min", "numer": "-1", "denom": "2"}], "level": 3, "array_name": "DC'", "phase": [4, 0]}, {"lower_bound": [{"symbol": "coeff_3_H_min", "numer": "1", "denom": "1"}], "upper_bound": [{"symbol": "coeff_3_H_max", "numer": "1", "denom": "1"}], "level": 3, "array_name": "DC'", "phase": [5, 0]}, {"lower_bound": [{"symbol": "coeff_2_H_min", "numer": "3", "denom": "8"}, {"symbol": "coeff_0_L_min", "numer": "283", "denom": "1024"}, {"symbol": "coeff_1_H_max", "numer": "-5", "denom": "64"}, {"symbol": "coeff_1_H_min", "numer": "5", "denom": "64"}, {"symbol": null, "numer": "-2155", "denom": "1024"}, {"symbol": "coeff_2_H_max", "numer": "-1", "denom": "8"}, {"symbol": "coeff_0_L_max", "numer": "-27", "denom": "1024"}, {"symbol": "coeff_3_H_max", "numer": "-1", "denom": "2"}], "upper_bound": [{"symbol": "coeff_2_H_max", "numer": "3", "denom": "8"}, {"symbol": "coeff_0_L_max", "numer": "283", "denom": "1024"}, {"symbol": "coeff_1_H_min", "numer": "-5", "denom": "64"}, {"symbol": "coeff_1_H_max", "numer": "5", "denom": "64"}, {"symbol": null, "numer": "2155", "denom": "1024"}, {"symbol": "coeff_2_H_min", "numer": "-1", "denom": "8"}, {"symbol": "coeff_0_L_min", "numer": "-27", "denom": "1024"}, {"symbol": "coeff_3_H_min", "numer": "-1", "denom": "2"}], "level": 3, "array_name": "DC'", "phase": [6, 0]}, {"lower_bound": [{"symbol": "coeff_3_H_min", "numer": "1", "denom": "1"}], "upper_bound": [{"symbol": "coeff_3_H_max", "numer": "1", "denom": "1"}], "level": 3, "array_name": "DC'", "phase": [7, 0]}, {"lower_bound": [{"symbol": "coeff_0_L_min", "numer": "1", "denom": "4"}, {"symbol": "coeff_1_H_max", "numer": "-1", "denom": "8"}, {"symbol": null, "numer": "-13", "denom": "8"}, {"symbol": "coeff_2_H_max", "numer": "-1", "denom": "4"}, {"symbol": "coeff_3_H_max", "numer": "-1", "denom": "2"}], "upper_bound": [{"symbol": "coeff_0_L_max", "numer": "1", "denom": "4"}, {"symbol": "coeff_1_H_min", "numer": "-1", "denom": "8"}, {"symbol": null, "numer": "13", "denom": "8"}, {"symbol": "coeff_2_H_min", "numer": "-1", "denom": "4"}, {"symbol": "coeff_3_H_min", "numer": "-1", "denom": "2"}], "level": 3, "array_name": "DC", "phase": [0, 0]}, {"lower_bound": [{"symbol": "coeff_3_H_min", "numer": "3", "denom": "4"}, {"symbol": "coeff_2_H_max", "numer": "-5", "denom": "32"}, {"symbol": "coeff_0_L_max", "numer": "-139", "denom": "8192"}, {"symbol": "coeff_1_H_min", "numer": "65", "denom": "16384"}, {"symbol": "coeff_1_H_max", "numer": "-1345", "denom": "16384"}, {"symbol": null, "numer": "-22075", "denom": "8192"}, {"symbol": "coeff_2_H_min", "numer": "5", "denom": "32"}, {"symbol": "coeff_0_L_min", "numer": "2187", "denom": "8192"}, {"symbol": "coeff_3_H_max", "numer": "-1", "denom": "4"}], "upper_bound": [{"symbol": "coeff_3_H_max", "numer": "3", "denom": "4"}, {"symbol": "coeff_2_H_min", "numer": "-5", "denom": "32"}, {"symbol": "coeff_0_L_min", "numer": "-139", "denom": "8192"}, {"symbol": "coeff_1_H_max", "numer": "65", "denom": "16384"}, {"symbol": "coeff_1_H_min", "numer": "-1345", "denom": "16384"}, {"symbol": null, "numer": "22075", "denom": "8192"}, {"symbol": "coeff_2_H_max", "numer": "5", "denom": "32"}, {"symbol": "coeff_0_L_max", "numer": "2187", "denom": "8192"}, {"symbol": "coeff_3_H_min", "numer": "-1", "denom": "4"}], "level": 3, "array_name": "DC", "phase": [1, 0]}, {"lower_bound": [{"symbol": "coeff_2_H_min", "numer": "3", "denom": "8"}, {"symbol": "coeff_1_H_max", "numer": "-5", "denom": "64"}, {"symbol": "coeff_0_L_min", "numer": "283", "denom": "1024"}, {"symbol": "coeff_1_H_min", "numer": "5", "denom": "64"}, {"symbol": null, "numer": "-2155", "denom": "1024"}, {"symbol": "coeff_0_L_max", "numer": "-27", "denom": "1024"}, {"symbol": "coeff_2_H_max", "numer": "-1", "denom": "8"}, {"symbol": "coeff_3_H_max", "numer": "-1", "denom": "2"}], "upper_bound": [{"symbol": "coeff_2_H_max", "numer": "3", "denom": "8"}, {"symbol": "coeff_1_H_min", "numer": "-5", "denom": "64"}, {"symbol": "coeff_0_L_max", "numer": "283", "denom": "1024"}, {"symbol": "coeff_1_H_max", "numer": "5", "denom": "64"}, {"symbol": null, "numer": "2155", "denom": "1024"}, {"symbol": "coeff_0_L_min", "numer": "-27", "denom": "1024"}, {"symbol": "coeff_2_H_min", "numer": "-1", "denom": "8"}, {"symbol": "coeff_3_H_min", "numer": "-1", "denom": "2"}], "level": 3, "array_name": "DC", "phase": [2, 0]}, {"lower_bound": [{"symbol": "coeff_3_H_min", "numer": "3", "denom": "4"}, {"symbol": "coeff_0_L_min", "numer": "4601", "denom": "16384"}, {"symbol": "coeff_1_H_max", "numer": "-4609", "denom": "65536"}, {"symbol": "coeff_1_H_min", "numer": "9729", "denom": "65536"}, {"symbol": null, "numer": "-45513", "denom": "16384"}, {"symbol": "coeff_2_H_max", "numer": "-5", "denom": "32"}, {"symbol": "coeff_2_H_min", "numer": "5", "denom": "32"}, {"symbol": "coeff_3_H_max", "numer": "-1", "denom": "4"}, {"symbol": "coeff_0_L_max", "numer": "-505", "denom": "16384"}], "upper_bound": [{"symbol": "coeff_3_H_max", "numer": "3", "denom": "4"}, {"symbol": "coeff_0_L_max", "numer": "4601", "denom": "16384"}, {"symbol": "coeff_1_H_min", "numer": "-4609", "denom": "65536"}, {"symbol": "coeff_1_H_max", "numer": "9729", "denom": "65536"}, {"symbol": null, "numer": "45513", "denom": "16384"}, {"symbol": "coeff_2_H_min", "numer": "-5", "denom": "32"}, {"symbol": "coeff_2_H_max", "numer": "5", "denom": "32"}, {"symbol": "coeff_3_H_min", "numer": "-1", "denom": "4"}, {"symbol": "coeff_0_L_min", "numer": "-505", "denom": "16384"}], "level": 3, "array_name": "DC", "phase": [3, 0]}, {"lower_bound": [{"symbol": "coeff_1_H_min", "numer": "3", "denom": "16"}, {"symbol": "coeff_0_L_max", "numer": "-1", "denom": "32"}, {"symbol": "coeff_1_H_max", "numer": "-1", "denom": "16"}, {"symbol": null, "numer": "-57", "denom": "32"}, {"symbol": "coeff_0_L_min", "numer": "9", "denom": "32"}, {"symbol": "coeff_2_H_max", "numer": "-1", "denom": "4"}, {"symbol": "coeff_3_H_max", "numer": "-1", "denom": "2"}], "upper_bound": [{"symbol": "coeff_1_H_max", "numer": "3", "denom": "16"}, {"symbol": "coeff_0_L_min", "numer": "-1", "denom": "32"}, {"symbol": "coeff_1_H_min", "numer": "-1", "denom": "16"}, {"symbol": null, "numer": "57", "denom": "32"}, {"symbol": "coeff_0_L_max", "numer": "9", "denom": "32"}, {"symbol": "coeff_2_H_min", "numer": "-1", "denom": "4"}, {"symbol": "coeff_3_H_min", "numer": "-1", "denom": "2"}], "level": 3, "array_name": "DC", "phase": [4, 0]}, {"lower_bound": [{"symbol": "coeff_3_H_min", "numer": "3", "denom": "4"}, {"symbol": "coeff_2_H_max", "numer": "-5", "denom": "32"}, {"symbol": "coeff_1_H_max", "numer": "-4609", "denom": "65536"}, {"symbol": "coeff_0_L_max", "numer": "-505", "denom": "16384"}, {"symbol": "coeff_1_H_min", "numer": "9729", "denom": "65536"}, {"symbol": null, "numer": "-45513", "denom": "16384"}, {"symbol": "coeff_0_L_min", "numer": "4601", "denom": "16384"}, {"symbol": "coeff_2_H_min", "numer": "5", "denom": "32"}, {"symbol": "coeff_3_H_max", "numer": "-1", "denom": "4"}], "upper_bound": [{"symbol": "coeff_3_H_max", "numer": "3", "denom": "4"}, {"symbol": "coeff_2_H_min", "numer": "-5", "denom": "32"}, {"symbol": "coeff_1_H_min", "numer": "-4609", "denom": "65536"}, {"symbol": "coeff_0_L_min", "numer": "-505", "denom": "16384"}, {"symbol": "coeff_1_H_max", "numer": "9729", "denom": "65536"}, {"symbol": null, "numer": "45513", "denom": "16384"}, {"symbol": "coeff_0_L_max", "numer": "4601", "denom": "16384"}, {"symbol": "coeff_2_H_max", "numer": "5", "denom": "32"}, {"symbol": "coeff_3_H_min", "numer": "-1", "denom": "4"}], "level": 3, "array_name": "DC", "phase": [5, 0]}, {"lower_bound": [{"symbol": "coeff_2_H_min", "numer": "3", "denom": "8"}, {"symbol": "coeff_0_L_min", "numer": "283", "denom": "1024"}, {"symbol": "coeff_1_H_max", "numer": "-5", "denom": "64"}, {"symbol": "coeff_1_H_min", "numer": "5", "denom": "64"}, {"symbol": null, "numer": "-2155", "denom": "1024"}, {"symbol": "coeff_2_H_max", "numer": "-1", "denom": "8"}, {"symbol": "coeff_0_L_max", "numer": "-27", "denom": "1024"}, {"symbol": "coeff_3_H_max", "numer": "-1", "denom": "2"}], "upper_bound": [{"symbol": "coeff_2_H_max", "numer": "3", "denom": "8"}, {"symbol": "coeff_0_L_max", "numer": "283", "denom": "1024"}, {"symbol": "coeff_1_H_min", "numer": "-5", "denom": "64"}, {"symbol": "coeff_1_H_max", "numer": "5", "denom": "64"}, {"symbol": null, "numer": "2155", "denom": "1024"}, {"symbol": "coeff_2_H_min", "numer": "-1", "denom": "8"}, {"symbol": "coeff_0_L_min", "numer": "-27", "denom": "1024"}, {"symbol": "coeff_3_H_min", "numer": "-1", "denom": "2"}], "level": 3, "array_name": "DC", "phase": [6, 0]}, {"lower_bound": [{"symbol": "coeff_3_H_min", "numer": "3", "denom": "4"}, {"symbol": "coeff_1_H_max", "numer": "-1345", "denom": "16384"}, {"symbol": "coeff_0_L_max", "numer": "-139", "denom": "8192"}, {"symbol": "coeff_1_H_min", "numer": "65", "denom": "16384"}, {"symbol": null, "numer": "-22075", "denom": "8192"}, {"symbol": "coeff_0_L_min", "numer": "2187", "denom": "8192"}, {"symbol": "coeff_2_H_max", "numer": "-5", "denom": "32"}, {"symbol": "coeff_2_H_min", "numer": "5", "denom": "32"}, {"symbol": "coeff_3_H_max", "numer": "-1", "denom": "4"}], "upper_bound": [{"symbol": "coeff_3_H_max", "numer": "3", "denom": "4"}, {"symbol": "coeff_1_H_min", "numer": "-1345", "denom": "16384"}, {"symbol": "coeff_0_L_min", "numer": "-139", "denom": "8192"}, {"symbol": "coeff_1_H_max", "numer": "65", "denom": "16384"}, {"symbol": null, "numer": "22075", "denom": "8192"}, {"symbol": "coeff_0_L_max", "numer": "2187", "denom": "8192"}, {"symbol": "coeff_2_H_min", "numer": "-5", "denom": "32"}, {"symbol": "coeff_2_H_max", "numer": "5", "denom": "32"}, {"symbol": "coeff_3_H_min", "numer": "-1", "denom": "4"}], "level": 3, "array_name": "DC", "phase": [7, 0]}, {"lower_bound": [{"symbol": "coeff_0_L_min", "numer": "1", "denom": "8"}, {"symbol": "coeff_1_H_max", "numer": "-1", "denom": "16"}, {"symbol": null, "numer": "-21", "denom": "16"}, {"symbol": "coeff_2_H_max", "numer": "-1", "denom": "8"}, {"symbol": "coeff_3_H_max", "numer": "-1", "denom": "4"}], "upper_bound": [{"symbol": "coeff_0_L_max", "numer": "1", "denom": "8"}, {"symbol": "coeff_1_H_min", "numer": "-1", "denom": "16"}, {"symbol": null, "numer": "21", "denom": "16"}, {"symbol": "coeff_2_H_min", "numer": "-1", "denom": "8"}, {"symbol": "coeff_3_H_min", "numer": "-1", "denom": "4"}], "level": 3, "array_name": "Output", "phase": [0, 0]}, {"lower_bound": [{"symbol": "coeff_3_H_min", "numer": "3", "denom": "8"}, {"symbol": "coeff_2_H_max", "numer": "-5", "denom": "64"}, {"symbol": "coeff_0_L_max", "numer": "-139", "denom": "16384"}, {"symbol": "coeff_1_H_min", "numer": "65", "denom": "32768"}, {"symbol": "coeff_1_H_max", "numer": "-1345", "denom": "32768"}, {"symbol": null, "numer": "-30267", "denom": "16384"}, {"symbol": "coeff_2_H_min", "numer": "5", "denom": "64"}, {"symbol": "coeff_0_L_min", "numer": "2187", "denom": "16384"}, {"symbol": "coeff_3_H_max", "numer": "-1", "denom": "8"}], "upper_bound": [{"symbol": "coeff_3_H_max", "numer": "3", "denom": "8"}, {"symbol": "coeff_2_H_min", "numer": "-5", "denom": "64"}, {"symbol": "coeff_0_L_min", "numer": "-139", "denom": "16384"}, {"symbol": "coeff_1_H_max", "numer": "65", "denom": "32768"}, {"symbol": "coeff_1_H_min", "numer": "-1345", "denom": "32768"}, {"symbol": null, "numer": "30267", "denom": "16384"}, {"symbol": "coeff_2_H_max", "numer": "5", "denom": "64"}, {"symbol": "coeff_0_L_max", "numer": "2187", "denom": "16384"}, {"symbol": "coeff_3_H_min", "numer": "-1", "denom": "8"}], "level": 3, "array_name": "Output", "phase": [1, 0]}, {"lower_bound": [{"symbol": "coeff_2_H_min", "numer": "3", "denom": "16"}, {"symbol": "coeff_1_H_max", "numer": "-5", "denom": "128"}, {"symbol": "coeff_0_L_min", "numer": "283", "denom": "2048"}, {"symbol": "coeff_1_H_min", "numer": "5", "denom": "128"}, {"symbol": null, "numer": "-3179", "denom": "2048"}, {"symbol": "coeff_0_L_max", "numer": "-27", "denom": "2048"}, {"symbol": "coeff_2_H_max", "numer": "-1", "denom": "16"}, {"symbol": "coeff_3_H_max", "numer": "-1", "denom": "4"}], "upper_bound": [{"symbol": "coeff_2_H_max", "numer": "3", "denom": "16"}, {"symbol": "coeff_1_H_min", "numer": "-5", "denom": "128"}, {"symbol": "coeff_0_L_max", "numer": "283", "denom": "2048"}, {"symbol": "coeff_1_H_max", "numer": "5", "denom": "128"}, {"symbol": null, "numer": "3179", "denom": "2048"}, {"symbol": "coeff_0_L_min", "numer": "-27", "denom": "2048"}, {"symbol": "coeff_2_H_min", "numer": "-1", "denom": "16"}, {"symbol": "coeff_3_H_min", "numer": "-1", "denom": "4"}], "level": 3, "array_name": "Output", "phase": [2, 0]}, {"lower_bound": [{"symbol": "coeff_3_H_min", "numer": "3", "denom": "8"}, {"symbol": "coeff_0_L_min", "numer": "4601", "denom": "32768"}, {"symbol": "coeff_1_H_max", "numer": "-4609", "denom": "131072"}, {"symbol": "coeff_1_H_min", "numer": "9729", "denom": "131072"}, {"symbol": null, "numer": "-61897", "denom": "32768"}, {"symbol": "coeff_2_H_max", "numer": "-5", "denom": "64"}, {"symbol": "coeff_2_H_min", "numer": "5", "denom": "64"}, {"symbol": "coeff_3_H_max", "numer": "-1", "denom": "8"}, {"symbol": "coeff_0_L_max", "numer": "-505", "denom": "32768"}], "upper_bound": [{"symbol": "coeff_3_H_max", "numer": "3", "denom": "8"}, {"symbol": "coeff_0_L_max", "numer": "4601", "denom": "32768"}, {"symbol": "coeff_1_H_min", "numer": "-4609", "denom": "131072"}, {"symbol": "coeff_1_H_max", "numer": "9729", "denom": "131072"}, {"symbol": null, "numer": "61897", "denom": "32768"}, {"symbol": "coeff_2_H_min", "numer": "-5", "denom": "64"}, {"symbol": "coeff_2_H_max", "numer": "5", "denom": "64"}, {"symbol": "coeff_3_H_min", "numer": "-1", "denom": "8"}, {"symbol": "coeff_0_L_min", "numer": "-505", "denom": "32768"}], "level": 3, "array_name": "Output", "phase": [3, 0]}, {"lower_bound": [{"symbol": "coeff_1_H_min", "numer": "3", "denom": "32"}, {"symbol": "coeff_0_L_max", "numer": "-1", "denom": "64"}, {"symbol": "coeff_1_H_max", "numer": "-1", "denom": "32"}, {"symbol": null, "numer": "-89", "denom": "64"}, {"symbol": "coeff_0_L_min", "numer": "9", "denom": "64"}, {"symbol": "coeff_2_H_max", "numer": "-1", "denom": "8"}, {"symbol": "coeff_3_H_max", "numer": "-1", "denom": "4"}], "upper_bound": [{"symbol": "coeff_1_H_max", "numer": "3", "denom": "32"}, {"symbol": "coeff_0_L_min", "numer": "-1", "denom": "64"}, {"symbol": "coeff_1_H_min", "numer": "-1", "denom": "32"}, {"symbol": null, "numer": "89", "denom": "64"}, {"symbol": "coeff_0_L_max", "numer": "9", "denom": "64"}, {"symbol": "coeff_2_H_min", "numer": "-1", "denom": "8"}, {"symbol": "coeff_3_H_min", "numer": "-1", "denom": "4"}], "level": 3, "array_name": "Output", "phase": [4, 0]}, {"lower_bound": [{"symbol": "coeff_3_H_min", "numer": "3", "denom": "8"}, {"symbol": "coeff_2_H_max", "numer": "-5", "denom": "64"}, {"symbol": "coeff_1_H_max", "numer": "-4609", "denom": "131072"}, {"symbol": "coeff_0_L_max", "numer": "-505", "denom": "32768"}, {"symbol": "coeff_1_H_min", "numer": "9729", "denom": "131072"}, {"symbol": null, "numer": "-61897", "denom": "32768"}, {"symbol": "coeff_0_L_min", "numer": "4601", "denom": "32768"}, {"symbol": "coeff_2_H_min", "numer": "5", "denom": "64"}, {"symbol": "coeff_3_H_max", "numer": "-1", "denom": "8"}], "upper_bound": [{"symbol": "coeff_3_H_max", "numer": "3", "denom": "8"}, {"symbol": "coeff_2_H_min", "numer": "-5", "denom": "64"}, {"symbol": "coeff_1_H_min", "numer": "-4609", "denom": "131072"}, {"symbol": "coeff_0_L_min", "numer": "-505", "denom": "32768"}, {"symbol": "coeff_1_H_max", "numer": "9729", "denom": "131072"}, {"symbol": null, "numer": "61897", "denom": "32768"}, {"symbol": "coeff_0_L_max", "numer": "4601", "denom": "32768"}, {"symbol": "coeff_2_H_max", "numer": "5", "denom": "64"}, {"symbol": "coeff_3_H_min", "numer": "-1", "denom": "8"}], "level": 3, "array_name": "Output", "phase": [5, 0]}, {"lower_bound": [{"symbol": "coeff_2_H_min", "numer": "3", "denom": "16"}, {"symbol": "coeff_0_L_min", "numer": "283", "denom": "2048"}, {"symbol": "coeff_1_H_max", "numer": "-5", "denom": "128"}, {"symbol": "coeff_1_H_min", "numer": "5", "denom": "128"}, {"symbol": null, "numer": "-3179", "denom": "2048"}, {"symbol": "coeff_2_H_max", "numer": "-1", "denom": "16"}, {"symbol": "coeff_0_L_max", "numer": "-27", "denom": "2048"}, {"symbol": "coeff_3_H_max", "numer": "-1", "denom": "4"}], "upper_bound": [{"symbol": "coeff_2_H_max", "numer": "3", "denom": "16"}, {"symbol": "coeff_0_L_max", "numer": "283", "denom": "2048"}, {"symbol": "coeff_1_H_min", "numer": "-5", "denom": "128"}, {"symbol": "coeff_1_H_max", "numer": "5", "denom": "128"}, {"symbol": null, "numer": "3179", "denom": "2048"}, {"symbol": "coeff_2_H_min", "numer": "-1", "denom": "16"}, {"symbol": "coeff_0_L_min", "numer": "-27", "denom": "2048"}, {"symbol": "coeff_3_H_min", "numer": "-1", "denom": "4"}], "level": 3, "array_name": "Output", "phase": [6, 0]}, {"lower_bound": [{"symbol": "coeff_3_H_min", "numer": "3", "denom": "8"}, {"symbol": "coeff_1_H_max", "numer": "-1345", "denom": "32768"}, {"symbol": "coeff_0_L_max", "numer": "-139", "denom": "16384"}, {"symbol": "coeff_1_H_min", "numer": "65", "denom": "32768"}, {"symbol": null, "numer": "-30267", "denom": "16384"}, {"symbol": "coeff_0_L_min", "numer": "2187", "denom": "16384"}, {"symbol": "coeff_2_H_max", "numer": "-5", "denom": "64"}, {"symbol": "coeff_2_H_min", "numer": "5", "denom": "64"}, {"symbol": "coeff_3_H_max", "numer": "-1", "denom": "8"}], "upper_bound": [{"symbol": "coeff_3_H_max", "numer": "3", "denom": "8"}, {"symbol": "coeff_1_H_min", "numer": "-1345", "denom": "32768"}, {"symbol": "coeff_0_L_min", "numer": "-139", "denom": "16384"}, {"symbol": "coeff_1_H_max", "numer": "65", "denom": "32768"}, {"symbol": null, "numer": "30267", "denom": "16384"}, {"symbol": "coeff_0_L_max", "numer": "2187", "denom": "16384"}, {"symbol": "coeff_2_H_min", "numer": "-5", "denom": "64"}, {"symbol": "coeff_2_H_max", "numer": "5", "denom": "64"}, {"symbol": "coeff_3_H_min", "numer": "-1", "denom": "8"}], "level": 3, "array_name": "Output", "phase": [7, 0]}], "analysis_test_patterns": [{"target": [0, 0], "pattern": {"dx": 0, "dy": 0, "width": 1, "height": 1, "positive": "gA==", "mask": "gA=="}, "pattern_translation_multiple": [1, 1], "target_translation_multiple": [1, 1], "level": 3, "array_name": "Input", "phase": [0, 0]}, {"target": [0, 0], "pattern": {"dx": 0, "dy": 0, "width": 1, "height": 1, "positive": "gA==", "mask": "gA=="}, "pattern_translation_multiple": [1, 1], "target_translation_multiple": [1, 1], "level": 3, "array_name": "DC", "phase": [0, 0]}, {"target": [0, 0], "pattern": {"dx": 0, "dy": 0, "width": 1, "height": 1, "positive": "gA==", "mask": "gA=="}, "pattern_translation_multiple": [2, 1], "target_translation_multiple": [2, 1], "level": 3, "array_name": "DC'", "phase": [0, 0]}, {"target": [3, 0], "pattern": {"dx": 0, "dy": 0, "width": 7, "height": 1, "positive": "kg==", "mask": "ug=="}, "pattern_translation_multiple": [2, 1], "target_translation_multiple": [2, 1], "level": 3, "array_name": "DC'", "phase": [1, 0]}, {"target": [4, 0], "pattern": {"dx": 0, "dy": 0, "width": 9, "height": 1, "positive": "nIA=", "mask": "voA="}, "pattern_translation_multiple": [2, 1], "target_translation_multiple": [2, 1], "level": 3, "array_name": "DC''", "phase": [0, 0]}, {"target": [3, 0], "pattern": {"dx": 0, "dy": 0, "width": 7, "height": 1, "positive": "kg==", "mask": "ug=="}, "pattern_translation_multiple": [2, 1], "target_translation_multiple": [2, 1], "level": 3, "array_name": "DC''", "phase": [1, 0]}, {"target": [2, 0], "pattern": {"dx": 0, "dy": 0, "width": 9, "height": 1, "positive": "nIA=", "mask": "voA="}, "pattern_translation_multiple": [2, 1], "target_translation_multiple": [1, 1], "level": 2, "array_name": "DC", "phase": [0, 0]}, {"target": [2, 0], "pattern": {"dx": 0, "dy": 0, "width": 9, "height": 1, "positive": "nIA=", "mask": "voA="}, "pattern_translation_multiple": [4, 1], "target_translation_multiple": [2, 1], "level": 2, "array_name": "DC'", "phase": [0, 0]}, {"target": [5, 0], "pattern": {"dx": 0, "dy": 0, "width": 21, "height": 1, "positive": "nnPI", "mask": "v//o"}, "pattern_translation_multiple": [4, 1], "target_translation_multiple": [2, 1], "level": 2, "array_name": "DC'", "phase": [1, 0]}, {"target": [6, 0], "pattern": {"dx": 0, "dy": 0, "width": 25, "height": 1, "positive": "nn88gA==", "mask": "v//+gA=="}, "pattern_translation_multiple": [4, 1], "target_translation_multiple": [2, 1], "level": 2, "array_name": "DC''", "phase": [0, 0]}, {"target": [5, 0], "pattern": {"dx": 0, "dy": 0, "width": 21, "height": 1, "positive": "nnPI", "mask": "v//o"}, "pattern_translation_multiple": [4, 1], "target_translation_multiple": [2, 1], "level": 2, "array_name": "DC''", "phase": [1, 0]}, {"target": [3, 0], "pattern": {"dx": 0, "dy": 0, "width": 25, "height": 1, "positive": "nn88gA==", "mask": "v//+gA=="}, "pattern_translation_multiple": [4, 1], "target_translation_multiple": [1, 1], "level": 1, "array_name": "DC", "phase": [0, 0]}, {"target": [4, 0], "pattern": {"dx": 4, "dy": 0, "width": 25, "height": 1, "positive": "nn88gA==", "mask": "v//+gA=="}, "pattern_translation_multiple": [8, 1], "target_translation_multiple": [2, 1], "level": 1, "array_name": "DC'", "phase": [0, 0]}, {"target": [7, 0], "pattern": {"dx": 4, "dy": 0, "width": 49, "height": 1, "positive": "nn2D4N88gA==", "mask": "v//////+gA=="}, "pattern_translation_multiple": [8, 1], "target_translation_multiple": [2, 1], "level": 1, "array_name": "DC'", "phase": [1, 0]}, {"target": [8, 0], "pattern": {"dx": 4, "dy": 0, "width": 57, "height": 1, "positive": "nn2D/+DfPIA=", "mask": "v////////oA="}, "pattern_translation_multiple": [8, 1], "target_translation_multiple": [2, 1], "level": 1, "array_name": "DC''", "phase": [0, 0]}, {"target": [7, 0], "pattern": {"dx": 4, "dy": 0, "width": 49, "height": 1, "positive": "nn2D4N88gA==", "mask": "v//////+gA=="}, "pattern_translation_multiple": [8, 1], "target_translation_multiple": [2, 1], "level": 1, "array_name": "DC''", "phase": [1, 0]}], "synthesis_test_patterns": [{"target": [4, 0], "pattern": {"dx": 4, "dy": 0, "width": 57, "height": 1, "positive": "nn2D/+DfPIA=", "mask": "v////////oA="}, "pattern_translation_multiple": [8, 1], "target_translation_multiple": [1, 1], "level": 1, "array_name": "L", "phase": [0, 0]}, {"target": [3, 0], "pattern": {"dx": 4, "dy": 0, "width": 49, "height": 1, "positive": "nn2D4N88gA==", "mask": "v//////+gA=="}, "pattern_translation_multiple": [8, 1], "target_translation_multiple": [1, 1], "level": 1, "array_name": "H", "phase": [0, 0]}, {"target": [8, 0], "pattern": {"dx": 4, "dy": 0, "width": 57, "height": 1, "positive": "nn2efzzfPIA=", "mask": "v////////oA="}, "pattern_translation_multiple": [8, 1], "target_translation_multiple": [2, 1], "level": 1, "array_name": "DC'", "phase": [0, 0]}, {"target": [7, 0], "pattern": {"dx": 4, "dy": 0, "width": 49, "height": 1, "positive": "nn2D4N88gA==", "mask": "v//////+gA=="}, "pattern_translation_multiple": [8, 1], "target_translation_multiple": [2, 1], "level": 1, "array_name": "DC'", "phase": [1, 0]}, {"target": [8, 0], "pattern": {"dx": 4, "dy": 0, "width": 57, "height": 1, "positive": "nn2efzzfPIA=", "mask": "v////////oA="}, "pattern_translation_multiple": [8, 1], "target_translation_multiple": [2, 1], "level": 1, "array_name": "DC", "phase": [0, 0]}, {"target": [11, 0], "pattern": {"dx": 4, "dy": 0, "width": 81, "height": 1, "positive": "IZ7efefz3z28wgA=", "mask": "v////////////oA="}, "pattern_translation_multiple": [8, 1], "target_translation_multiple": [2, 1], "level": 1, "array_name": "DC", "phase": [1, 0]}, {"target": [8, 0], "pattern": {"dx": 4, "dy": 0, "width": 57, "height": 1, "positive": "nn2efzzfPIA=", "mask": "v////////oA="}, "pattern_translation_multiple": [8, 1], "target_translation_multiple": [2, 1], "level": 1, "array_name": "Output", "phase": [0, 0]}, {"target": [11, 0], "pattern": {"dx": 4, "dy": 0, "width": 81, "height": 1, "positive": "IZ7efefz3z28wgA=", "mask": "v////////////oA="}, "pattern_translation_multiple": [8, 1], "target_translation_multiple": [2, 1], "level": 1, "array_name": "Output", "phase": [1, 0]}, {"target": [8, 0], "pattern": {"dx": 4, "dy": 0, "width": 57, "height": 1, "positive": "nn2efzzfPIA=", "mask": "v////////oA="}, "pattern_translation_multiple": [8, 1], "target_translation_multiple": [2, 1], "level": 2, "array_name": "L", "phase": [0, 0]}, {"target": [11, 0], "pattern": {"dx": 4, "dy": 0, "width": 81, "height": 1, "positive": "IZ7efefz3z28wgA=", "mask": "v////////////oA="}, "pattern_translation_multiple": [8, 1], "target_translation_multiple": [2, 1], "level": 2, "array_name": "L", "phase": [1, 0]}, {"target": [2, 0], "pattern": {"dx": 0, "dy": 0, "width": 21, "height": 1, "positive": "nnPI", "mask": "v//o"}, "pattern_translation_multiple": [4, 1], "target_translation_multiple": [1, 1], "level": 2, "array_name": "H", "phase": [0, 0]}, {"target": [16, 0], "pattern": {"dx": 4, "dy": 0, "width": 57, "height": 1, "positive": "nn2D3eDfPIA=", "mask": "v////////oA="}, "pattern_translation_multiple": [8, 1], "target_translation_multiple": [4, 1], "level": 2, "array_name": "DC'", "phase": [0, 0]}, {"target": [5, 0], "pattern": {"dx": 0, "dy": 0, "width": 21, "height": 1, "positive": "nnPI", "mask": "v//o"}, "pattern_translation_multiple": [8, 1], "target_translation_multiple": [4, 1], "level": 2, "array_name": "DC'", "phase": [1, 0]}, {"target": [22, 0], "pattern": {"dx": 4, "dy": 0, "width": 81, "height": 1, "positive": "IZ7efYnI3z28wgA=", "mask": "v////////////oA="}, "pattern_translation_multiple": [8, 1], "target_translation_multiple": [4, 1], "level": 2, "array_name": "DC'", "phase": [2, 0]}, {"target": [7, 0], "pattern": {"dx": 4, "dy": 0, "width": 21, "height": 1, "positive": "nnPI", "mask": "v//o"}, "pattern_translation_multiple": [8, 1], "target_translation_multiple": [4, 1], "level": 2, "array_name": "DC'", "phase": [3, 0]}, {"target": [16, 0], "pattern": {"dx": 4, "dy": 0, "width": 57, "height": 1, "positive": "nn2D3eDfPIA=", "mask": "v////////oA="}, "pattern_translation_multiple": [8, 1], "target_translation_multiple": [4, 1], "level": 2, "array_name": "DC", "phase": [0, 0]}, {"target": [25, 0], "pattern": {"dx": 4, "dy": 0, "width": 89, "height": 1, "positive": "nmGefYnnPN89vMIA", "mask": "v/////////////6A"}, "pattern_translation_multiple": [8, 1], "target_translation_multiple": [4, 1], "level": 2, "array_name": "DC", "phase": [1, 0]}, {"target": [22, 0], "pattern": {"dx": 4, "dy": 0, "width": 81, "height": 1, "positive": "IZ7efYnI3z28wgA=", "mask": "v////////////oA="}, "pattern_translation_multiple": [8, 1], "target_translation_multiple": [4, 1], "level": 2, "array_name": "DC", "phase": [2, 0]}, {"target": [23, 0], "pattern": {"dx": 4, "dy": 0, "width": 89, "height": 1, "positive": "IZ7efZ5zyN88wzyA", "mask": "v/////////////6A"}, "pattern_translation_multiple": [8, 1], "target_translation_multiple": [4, 1], "level": 2, "array_name": "DC", "phase": [3, 0]}, {"target": [16, 0], "pattern": {"dx": 4, "dy": 0, "width": 57, "height": 1, "positive": "nn2D3eDfPIA=", "mask": "v////////oA="}, "pattern_translation_multiple": [8, 1], "target_translation_multiple": [4, 1], "level": 2, "array_name": "Output", "phase": [0, 0]}, {"target": [25, 0], "pattern": {"dx": 4, "dy": 0, "width": 89, "height": 1, "positive": "nmGefYnnPN89vMIA", "mask": "v/////////////6A"}, "pattern_translation_multiple": [8, 1], "target_translation_multiple": [4, 1], "level": 2, "array_name": "Output", "phase": [1, 0]}, {"target": [22, 0], "pattern": {"dx": 4, "dy": 0, "width": 81, "height": 1, "positive": "IZ7efYnI3z28wgA=", "mask": "v////////////oA="}, "pattern_translation_multiple": [8, 1], "target_translation_multiple": [4, 1], "level": 2, "array_name": "Output", "phase": [2, 0]}, {"target": [23, 0], "pattern": {"dx": 4, "dy": 0, "width": 89, "height": 1, "positive": "IZ7efZ5zyN88wzyA", "mask": "v/////////////6A"}, "pattern_translation_multiple": [8, 1], "target_translation_multiple": [4, 1], "level": 2, "array_name": "Output", "phase": [3, 0]}, {"target": [16, 0], "pattern": {"dx": 4, "dy": 0, "width": 57, "height": 1, "positive": "nn2D3eDfPIA=", "mask": "v////////oA="}, "pattern_translation_multiple": [8, 1], "target_translation_multiple": [4, 1], "level": 3, "array_name": "L", "phase": [0, 0]}, {"target": [25, 0], "pattern": {"dx": 4, "dy": 0, "width": 89, "height": 1, "positive": "nmGefYnnPN89vMIA", "mask": "v/////////////6A"}, "pattern_translation_multiple": [8, 1], "target_translation_multiple": [4, 1], "level": 3, "array_name": "L", "phase": [1, 0]}, {"target": [22, 0], "pattern": {"dx": 4, "dy": 0, "width": 81, "height": 1, "positive": "IZ7efYnI3z28wgA=", "mask": "v////////////oA="}, "pattern_translation_multiple": [8, 1], "target_translation_multiple": [4, 1], "level": 3, "array_name": "L", "phase": [2, 0]}, {"target": [23, 0], "pattern": {"dx": 4, "dy": 0, "width": 89, "height": 1, "positive": "IZ7efZ5zyN88wzyA", "mask": "v/////////////6A"}, "pattern_translation_multiple": [8, 1], "target_translation_multiple": [4, 1], "level": 3, "array_name": "L", "phase": [3, 0]}, {"target": [1, 0], "pattern": {"dx": 0, "dy": 0, "width": 7, "height": 1, "positive": "kg==", "mask": "ug=="}, "pattern_translation_multiple": [2, 1], "target_translation_multiple": [1, 1], "level": 3, "array_name": "H", "phase": [0, 0]}, {"target": [32, 0], "pattern": {"dx": 4, "dy": 0, "width": 57, "height": 1, "positive": "nn2DS2DfPIA=", "mask": "v////////oA="}, "pattern_translation_multiple": [8, 1], "target_translation_multiple": [8, 1], "level": 3, "array_name": "DC'", "phase": [0, 0]}, {"target": [9, 0], "pattern": {"dx": 6, "dy": 0, "width": 7, "height": 1, "positive": "kg==", "mask": "ug=="}, "pattern_translation_multiple": [8, 1], "target_translation_multiple": [8, 1], "level": 3, "array_name": "DC'", "phase": [1, 0]}, {"target": [50, 0], "pattern": {"dx": 4, "dy": 0, "width": 89, "height": 1, "positive": "nmGefYnnPN89vMIA", "mask": "v/////////////6A"}, "pattern_translation_multiple": [8, 1], "target_translation_multiple": [8, 1], "level": 3, "array_name": "DC'", "phase": [2, 0]}, {"target": [3, 0], "pattern": {"dx": 0, "dy": 0, "width": 7, "height": 1, "positive": "kg==", "mask": "ug=="}, "pattern_translation_multiple": [8, 1], "target_translation_multiple": [8, 1], "level": 3, "array_name": "DC'", "phase": [3, 0]}, {"target": [44, 0], "pattern": {"dx": 4, "dy": 0, "width": 81, "height": 1, "positive": "IZ7efYCg3z28wgA=", "mask": "v////////////oA="}, "pattern_translation_multiple": [8, 1], "target_translation_multiple": [8, 1], "level": 3, "array_name": "DC'", "phase": [4, 0]}, {"target": [5, 0], "pattern": {"dx": 2, "dy": 0, "width": 7, "height": 1, "positive": "kg==", "mask": "ug=="}, "pattern_translation_multiple": [8, 1], "target_translation_multiple": [8, 1], "level": 3, "array_name": "DC'", "phase": [5, 0]}, {"target": [46, 0], "pattern": {"dx": 4, "dy": 0, "width": 89, "height": 1, "positive": "IZ7efZ5zyN88wzyA", "mask": "v/////////////6A"}, "pattern_translation_multiple": [8, 1], "target_translation_multiple": [8, 1], "level": 3, "array_name": "DC'", "phase": [6, 0]}, {"target": [7, 0], "pattern": {"dx": 4, "dy": 0, "width": 7, "height": 1, "positive": "kg==", "mask": "ug=="}, "pattern_translation_multiple": [8, 1], "target_translation_multiple": [8, 1], "level": 3, "array_name": "DC'", "phase": [7, 0]}, {"target": [32, 0], "pattern": {"dx": 4, "dy": 0, "width": 57, "height": 1, "positive": "nn2DS2DfPIA=", "mask": "v////////oA="}, "pattern_translation_multiple": [8, 1], "target_translation_multiple": [8, 1], "level": 3, "array_name": "DC", "phase": [0, 0]}, {"target": [49, 0], "pattern": {"dx": 4, "dy": 0, "width": 89, "height": 1, "positive": "nmGefYP14N89vMIA", "mask": "v/////////////6A"}, "pattern_translation_multiple": [8, 1], "target_translation_multiple": [8, 1], "level": 3, "array_name": "DC", "phase": [1, 0]}, {"target": [50, 0], "pattern": {"dx": 4, "dy": 0, "width": 89, "height": 1, "positive": "nmGefYnnPN89vMIA", "mask": "v/////////////6A"}, "pattern_translation_multiple": [8, 1], "target_translation_multiple": [8, 1], "level": 3, "array_name": "DC", "phase": [2, 0]}, {"target": [51, 0], "pattern": {"dx": 4, "dy": 0, "width": 97, "height": 1, "positive": "nmGefYP9YN89vMJCAA==", "mask": "v//////////////+gA=="}, "pattern_translation_multiple": [8, 1], "target_translation_multiple": [8, 1], "level": 3, "array_name": "DC", "phase": [3, 0]}, {"target": [44, 0], "pattern": {"dx": 4, "dy": 0, "width": 81, "height": 1, "positive": "IZ7efYCg3z28wgA=", "mask": "v////////////oA="}, "pattern_translation_multiple": [8, 1], "target_translation_multiple": [8, 1], "level": 3, "array_name": "DC", "phase": [4, 0]}, {"target": [53, 0], "pattern": {"dx": 4, "dy": 0, "width": 97, "height": 1, "positive": "ISGe3n2DX+DfPMM8gA==", "mask": "v//////////////+gA=="}, "pattern_translation_multiple": [8, 1], "target_translation_multiple": [8, 1], "level": 3, "array_name": "DC", "phase": [5, 0]}, {"target": [46, 0], "pattern": {"dx": 4, "dy": 0, "width": 89, "height": 1, "positive": "IZ7efZ5zyN88wzyA", "mask": "v/////////////6A"}, "pattern_translation_multiple": [8, 1], "target_translation_multiple": [8, 1], "level": 3, "array_name": "DC", "phase": [6, 0]}, {"target": [47, 0], "pattern": {"dx": 4, "dy": 0, "width": 89, "height": 1, "positive": "IZ7efYPX4N88wzyA", "mask": "v/////////////6A"}, "pattern_translation_multiple": [8, 1], "target_translation_multiple": [8, 1], "level": 3, "array_name": "DC", "phase": [7, 0]}, {"target": [32, 0], "pattern": {"dx": 4, "dy": 0, "width": 57, "height": 1, "positive": "nn2DS2DfPIA=", "mask": "v////////oA="}, "pattern_translation_multiple": [8, 1], "target_translation_multiple": [8, 1], "level": 3, "array_name": "Output", "phase": [0, 0]}, {"target": [49, 0], "pattern": {"dx": 4, "dy": 0, "width": 89, "height": 1, "positive": "nmGefYP14N89vMIA", "mask": "v/////////////6A"}, "pattern_translation_multiple": [8, 1], "target_translation_multiple": [8, 1], "level": 3, "array_name": "Output", "phase": [1, 0]}, {"target": [50, 0], "pattern": {"dx": 4, "dy": 0, "width": 89, "height": 1, "positive": "nmGefYnnPN89vMIA", "mask": "v/////////////6A"}, "pattern_translation_multiple": [8, 1], "target_translation_multiple": [8, 1], "level": 3, "array_name": "Output", "phase": [2, 0]}, {"target": [51, 0], "pattern": {"dx": 4, "dy": 0, "width": 97, "height": 1, "positive": "nmGefYP9YN89vMJCAA==", "mask": "v//////////////+gA=="}, "pattern_translation_multiple": [8, 1], "target_translation_multiple": [8, 1], "level": 3, "array_name": "Output", "phase": [3, 0]}, {"target": [44, 0], "pattern": {"dx": 4, "dy": 0, "width": 81, "height": 1, "positive": "IZ7efYCg3z28wgA=", "mask": "v////////////oA="}, "pattern_translation_multiple": [8, 1], "target_translation_multiple": [8, 1], "level": 3, "array_name": "Output", "phase": [4, 0]}, {"target": [53, 0], "pattern": {"dx": 4, "dy": 0, "width": 97, "height": 1, "positive": "ISGe3n2DX+DfPMM8gA==", "mask": "v//////////////+gA=="}, "pattern_translation_multiple": [8, 1], "target_translation_multiple": [8, 1], "level": 3, "array_name": "Output", "phase": [5, 0]}, {"target": [46, 0], "pattern": {"dx": 4, "dy": 0, "width": 89, "height": 1, "positive": "IZ7efZ5zyN88wzyA", "mask": "v/////////////6A"}, "pattern_translation_multiple": [8, 1], "target_translation_multiple": [8, 1], "level": 3, "array_name": "Output", "phase": [6, 0]}, {"target": [47, 0], "pattern": {"dx": 4, "dy": 0, "width": 89, "height": 1, "positive": "IZ7efYPX4N88wzyA", "mask": "v/////////////6A"}, "pattern_translation_multiple": [8, 1], "target_translation_multiple": [8, 1], "level": 3, "array_name": "Output", "phase": [7, 0]}]}