{"wavelet_index": 0, "wavelet_index_ho": 0, "dwt_depth": 1, "dwt_depth_ho": 0, "analysis_signal_bounds": [{"lower_bound": [{"symbol": "signal_min", "numer": "1", "denom": "1"}], "upper_bound": [{"symbol": "signal_max", "numer": "1", "denom": "1"}], "level": 1, "array_name": "Input", "phase": [0, 0]}, {"lower_bound": [{"symbol": "signal_min", "numer": "2", "denom": "1"}], "upper_bound": [{"symbol": "signal_max", "numer": "2", "denom": "1"}], "level": 1, "array_name": "DC", "phase": [0, 0]}, {"lower_bound": [{"symbol": "signal_min", "numer": "2", "denom": "1"}], "upper_bound": [{"symbol": "signal_max", "numer": "2", "denom": "1"}], "level": 1, "array_name": "DC'", "phase": [0, 0]}, {"lower_bound": [{"symbol": "signal_min", "numer": "9", "denom": "4"}, {"symbol": "signal_max", "numer": "-9", "denom": "4"}, {"symbol": null, "numer": "-1", "denom": "2"}], "upper_bound": [{"symbol": "signal_max", "numer": "9", "denom": "4"}, {"symbol": "signal_min", "numer": "-9", "denom": "4"}, {"symbol": null, "numer": "1", "denom": "2"}], "level": 1, "array_name": "DC'", "phase": [1, 0]}, {"lower_bound": [{"symbol": "signal_min", "numer": "5", "denom": "2"}, {"symbol": "signal_max", "numer": "-1", "denom": "2"}, {"symbol": null, "numer": "-3", "denom": "4"}], "upper_bound": [{"symbol": "signal_max", "numer": "5", "denom": "2"}, {"symbol": "signal_min", "numer": "-1", "denom": "2"}, {"symbol": null, "numer": "3", "denom": "4"}], "level": 1, "array_name": "DC''", "phase": [0, 0]}, {"lower_bound": [{"symbol": "signal_min", "numer": "9", "denom": "4"}, {"symbol": "signal_max", "numer": "-9", "denom": "4"}, {"symbol": null, "numer": "-1", "denom": "2"}], "upper_bound": [{"symbol": "signal_max", "numer": "9", "denom": "4"}, {"symbol": "signal_min", "numer": "-9", "denom": "4"}, {"symbol": null, "numer": "1", "denom": "2"}], "level": 1, "array_name": "DC''", "phase": [1, 0]}, {"lower_bound": [{"symbol": "signal_min", "numer": "5", "denom": "2"}, {"symbol": "signal_max", "numer": "-1", "denom": "2"}, {"symbol": null, "numer": "-3", "denom": "4"}], "upper_bound": [{"symbol": "signal_max", "numer": "5", "denom": "2"}, {"symbol": "signal_min", "numer": "-1", "denom": "2"}, {"symbol": null, "numer": "3", "denom": "4"}], "level": 1, "array_name": "L'", "phase": [0, 0]}, {"lower_bound": [{"symbol": "signal_min", "numer": "27", "denom": "8"}, {"symbol": "signal_max", "numer": "-27", "denom": "8"}, {"symbol": null, "numer": "-35", "denom": "16"}], "upper_bound": [{"symbol": "signal_max", "numer": "27", "denom": "8"}, {"symbol": "signal_min", "numer": "-27", "denom": "8"}, {"symbol": null, "numer": "35", "denom": "16"}], "level": 1, "array_name": "L'", "phase": [0, 1]}, {"lower_bound": [{"symbol": "signal_min", "numer": "9", "denom": "4"}, {"symbol": "signal_max", "numer": "-9", "denom": "4"}, {"symbol": null, "numer": "-1", "denom": "2"}], "upper_bound": [{"symbol": "signal_max", "numer": "9", "denom": "4"}, {"symbol": "signal_min", "numer": "-9", "denom": "4"}, {"symbol": null, "numer": "1", "denom": "2"}], "level": 1, "array_name": "H'", "phase": [0, 0]}, {"lower_bound": [{"symbol": "signal_min", "numer": "81", "denom": "16"}, {"symbol": "signal_max", "numer": "-81", "denom": "16"}, {"symbol": null, "numer": "-13", "denom": "8"}], "upper_bound": [{"symbol": "signal_max", "numer": "81", "denom": "16"}, {"symbol": "signal_min", "numer": "-81", "denom": "16"}, {"symbol": null, "numer": "13", "denom": "8"}], "level": 1, "array_name": "H'", "phase": [0, 1]}, {"lower_bound": [{"symbol": "signal_min", "numer": "13", "denom": "4"}, {"symbol": "signal_max", "numer": "-5", "denom": "4"}, {"symbol": null, "numer": "-15", "denom": "8"}], "upper_bound": [{"symbol": "signal_max", "numer": "13", "denom": "4"}, {"symbol": "signal_min", "numer": "-5", "denom": "4"}, {"symbol": null, "numer": "15", "denom": "8"}], "level": 1, "array_name": "L''", "phase": [0, 0]}, {"lower_bound": [{"symbol": "signal_min", "numer": "27", "denom": "8"}, {"symbol": "signal_max", "numer": "-27", "denom": "8"}, {"symbol": null, "numer": "-35", "denom": "16"}], "upper_bound": [{"symbol": "signal_max", "numer": "27", "denom": "8"}, {"symbol": "signal_min", "numer": "-27", "denom": "8"}, {"symbol": null, "numer": "35", "denom": "16"}], "level": 1, "array_name": "L''", "phase": [0, 1]}, {"lower_bound": [{"symbol": "signal_min", "numer": "27", "denom": "8"}, {"symbol": "signal_max", "numer": "-27", "denom": "8"}, {"symbol": null, "numer": "-3", "denom": "2"}], "upper_bound": [{"symbol": "signal_max", "numer": "27", "denom": "8"}, {"symbol": "signal_min", "numer": "-27", "denom": "8"}, {"symbol": null, "numer": "3", "denom": "2"}], "level": 1, "array_name": "H''", "phase": [0, 0]}, {"lower_bound": [{"symbol": "signal_min", "numer": "81", "denom": "16"}, {"symbol": "signal_max", "numer": "-81", "denom": "16"}, {"symbol": null, "numer": "-13", "denom": "8"}], "upper_bound": [{"symbol": "signal_max", "numer": "81", "denom": "16"}, {"symbol": "signal_min", "numer": "-81", "denom": "16"}, {"symbol": null, "numer": "13", "denom": "8"}], "level": 1, "array_name": "H''", "phase": [0, 1]}], "synthesis_signal_bounds": [{"lower_bound": [{"symbol": "coeff_0_LL_min", "numer": "1", "denom": "1"}], "upper_bound": [{"symbol": "coeff_0_LL_max", "numer": "1", "denom": "1"}], "level": 1, "array_name": "LL", "phase": [0, 0]}, {"lower_bound": [{"symbol": "coeff_1_LH_min", "numer": "1", "denom": "1"}], "upper_bound": [{"symbol": "coeff_1_LH_max", "numer": "1", "denom": "1"}], "level": 1, "array_name": "LH", "phase": [0, 0]}, {"lower_bound": [{"symbol": "coeff_1_HL_min", "numer": "1", "denom": "1"}], "upper_bound": [{"symbol": "coeff_1_HL_max", "numer": "1", "denom": "1"}], "level": 1, "array_name": "HL", "phase": [0, 0]}, {"lower_bound": [{"symbol": "coeff_1_HH_min", "numer": "1", "denom": "1"}], "upper_bound": [{"symbol": "coeff_1_HH_max", "numer": "1", "denom": "1"}], "level": 1, "array_name": "HH", "phase": [0, 0]}, {"lower_bound": [{"symbol": "coeff_0_LL_min", "numer": "1", "denom": "1"}, {"symbol": "coeff_1_LH_max", "numer": "-1", "denom": "2"}, {"symbol": null, "numer": "-1", "denom": "2"}], "upper_bound": [{"symbol": "coeff_0_LL_max", "numer": "1", "denom": "1"}, {"symbol": "coeff_1_LH_min", "numer": "-1", "denom": "2"}, {"symbol": null, "numer": "1", "denom": "2"}], "level": 1, "array_name": "L'", "phase": [0, 0]}, {"lower_bound": [{"symbol": "coeff_1_LH_min", "numer": "1", "denom": "1"}], "upper_bound": [{"symbol": "coeff_1_LH_max", "numer": "1", "denom": "1"}], "level": 1, "array_name": "L'", "phase": [0, 1]}, {"lower_bound": [{"symbol": "coeff_1_HL_min", "numer": "1", "denom": "1"}, {"symbol": "coeff_1_HH_max", "numer": "-1", "denom": "2"}, {"symbol": null, "numer": "-1", "denom": "2"}], "upper_bound": [{"symbol": "coeff_1_HL_max", "numer": "1", "denom": "1"}, {"symbol": "coeff_1_HH_min", "numer": "-1", "denom": "2"}, {"symbol": null, "numer": "1", "denom": "2"}], "level": 1, "array_name": "H'", "phase": [0, 0]}, {"lower_bound": [{"symbol": "coeff_1_HH_min", "numer": "1", "denom": "1"}], "upper_bound": [{"symbol": "coeff_1_HH_max", "numer": "1", "denom": "1"}], "level": 1, "array_name": "H'", "phase": [0, 1]}, {"lower_bound": [{"symbol": "coeff_0_LL_min", "numer": "1", "denom": "1"}, {"symbol": "coeff_1_LH_max", "numer": "-1", "denom": "2"}, {"symbol": null, "numer": "-1", "denom": "2"}], "upper_bound": [{"symbol": "coeff_0_LL_max", "numer": "1", "denom": "1"}, {"symbol": "coeff_1_LH_min", "numer": "-1", "denom": "2"}, {"symbol": null, "numer": "1", "denom": "2"}], "level": 1, "array_name": "L", "phase": [0, 0]}, {"lower_bound": [{"symbol": "coeff_1_LH_min", "numer": "3", "denom": "4"}, {"symbol": "coeff_0_LL_max", "numer": "-1", "denom": "8"}, {"symbol": "coeff_1_LH_max", "numer": "-1", "denom": "4"}, {"symbol": null, "numer": "-9", "denom": "8"}, {"symbol": "coeff_0_LL_min", "numer": "9", "denom": "8"}], "upper_bound": [{"symbol": "coeff_1_LH_max", "numer": "3", "denom": "4"}, {"symbol": "coeff_0_LL_min", "numer": "-1", "denom": "8"}, {"symbol": "coeff_1_LH_min", "numer": "-1", "denom": "4"}, {"symbol": null, "numer": "9", "denom": "8"}, {"symbol": "coeff_0_LL_max", "numer": "9", "denom": "8"}], "level": 1, "array_name": "L", "phase": [0, 1]}, {"lower_bound": [{"symbol": "coeff_1_HL_min", "numer": "1", "denom": "1"}, {"symbol": "coeff_1_HH_max", "numer": "-1", "denom": "2"}, {"symbol": null, "numer": "-1", "denom": "2"}], "upper_bound": [{"symbol": "coeff_1_HL_max", "numer": "1", "denom": "1"}, {"symbol": "coeff_1_HH_min", "numer": "-1", "denom": "2"}, {"symbol": null, "numer": "1", "denom": "2"}], "level": 1, "array_name": "H", "phase": [0, 0]}, {"lower_bound": [{"symbol": "coeff_1_HH_min", "numer": "3", "denom": "4"}, {"symbol": "coeff_1_HL_max", "numer": "-1", "denom": "8"}, {"symbol": "coeff_1_HH_max", "numer": "-1", "denom": "4"}, {"symbol": null, "numer": "-9", "denom": "8"}, {"symbol": "coeff_1_HL_min", "numer": "9", "denom": "8"}], "upper_bound": [{"symbol": "coeff_1_HH_max", "numer": "3", "denom": "4"}, {"symbol": "coeff_1_HL_min", "numer": "-1", "denom": "8"}, {"symbol": "coeff_1_HH_min", "numer": "-1", "denom": "4"}, {"symbol": null, "numer": "9", "denom": "8"}, {"symbol": "coeff_1_HL_max", "numer": "9", "denom": "8"}], "level": 1, "array_name": "H", "phase": [0, 1]}, {"lower_bound": [{"symbol": "coeff_0_LL_min", "numer": "1", "denom": "1"}, {"symbol": "coeff_1_LH_max", "numer": "-1", "denom": "2"}, {"symbol": null, "numer": "-5", "denom": "4"}, {"symbol": "coeff_1_HL_max", "numer": "-1", "denom": "2"}, {"symbol": "coeff_1_HH_min", "numer": "1", "denom": "4"}], "upper_bound": [{"symbol": "coeff_0_LL_max", "numer": "1", "denom": "1"}, {"symbol": "coeff_1_LH_min", "numer": "-1", "denom": "2"}, {"symbol": null, "numer": "5", "denom": "4"}, {"symbol": "coeff_1_HL_min", "numer": "-1", "denom": "2"}, {"symbol": "coeff_1_HH_max", "numer": "1", "denom": "4"}], "level": 1, "array_name": "DC'", "phase": [0, 0]}, {"lower_bound": [{"symbol": "coeff_1_LH_min", "numer": "3", "denom": "4"}, {"symbol": "coeff_0_LL_max", "numer": "-1", "denom": "8"}, {"symbol": "coeff_1_LH_max", "numer": "-1", "denom": "4"}, {"symbol": null, "numer": "-35", "denom": "16"}, {"symbol": "coeff_0_LL_min", "numer": "9", "denom": "8"}, {"symbol": "coeff_1_HH_max", "numer": "-3", "denom": "8"}, {"symbol": "coeff_1_HL_min", "numer": "1", "denom": "16"}, {"symbol": "coeff_1_HH_min", "numer": "1", "denom": "8"}, {"symbol": "coeff_1_HL_max", "numer": "-9", "denom": "16"}], "upper_bound": [{"symbol": "coeff_1_LH_max", "numer": "3", "denom": "4"}, {"symbol": "coeff_0_LL_min", "numer": "-1", "denom": "8"}, {"symbol": "coeff_1_LH_min", "numer": "-1", "denom": "4"}, {"symbol": null, "numer": "35", "denom": "16"}, {"symbol": "coeff_0_LL_max", "numer": "9", "denom": "8"}, {"symbol": "coeff_1_HH_min", "numer": "-3", "denom": "8"}, {"symbol": "coeff_1_HL_max", "numer": "1", "denom": "16"}, {"symbol": "coeff_1_HH_max", "numer": "1", "denom": "8"}, {"symbol": "coeff_1_HL_min", "numer": "-9", "denom": "16"}], "level": 1, "array_name": "DC'", "phase": [0, 1]}, {"lower_bound": [{"symbol": "coeff_1_HL_min", "numer": "1", "denom": "1"}, {"symbol": "coeff_1_HH_max", "numer": "-1", "denom": "2"}, {"symbol": null, "numer": "-1", "denom": "2"}], "upper_bound": [{"symbol": "coeff_1_HL_max", "numer": "1", "denom": "1"}, {"symbol": "coeff_1_HH_min", "numer": "-1", "denom": "2"}, {"symbol": null, "numer": "1", "denom": "2"}], "level": 1, "array_name": "DC'", "phase": [1, 0]}, {"lower_bound": [{"symbol": "coeff_1_HH_min", "numer": "3", "denom": "4"}, {"symbol": "coeff_1_HL_max", "numer": "-1", "denom": "8"}, {"symbol": "coeff_1_HH_max", "numer": "-1", "denom": "4"}, {"symbol": null, "numer": "-9", "denom": "8"}, {"symbol": "coeff_1_HL_min", "numer": "9", "denom": "8"}], "upper_bound": [{"symbol": "coeff_1_HH_max", "numer": "3", "denom": "4"}, {"symbol": "coeff_1_HL_min", "numer": "-1", "denom": "8"}, {"symbol": "coeff_1_HH_min", "numer": "-1", "denom": "4"}, {"symbol": null, "numer": "9", "denom": "8"}, {"symbol": "coeff_1_HL_max", "numer": "9", "denom": "8"}], "level": 1, "array_name": "DC'", "phase": [1, 1]}, {"lower_bound": [{"symbol": "coeff_0_LL_min", "numer": "1", "denom": "1"}, {"symbol": "coeff_1_LH_max", "numer": "-1", "denom": "2"}, {"symbol": null, "numer": "-5", "denom": "4"}, {"symbol": "coeff_1_HL_max", "numer": "-1", "denom": "2"}, {"symbol": "coeff_1_HH_min", "numer": "1", "denom": "4"}], "upper_bound": [{"symbol": "coeff_0_LL_max", "numer": "1", "denom": "1"}, {"symbol": "coeff_1_LH_min", "numer": "-1", "denom": "2"}, {"symbol": null, "numer": "5", "denom": "4"}, {"symbol": "coeff_1_HL_min", "numer": "-1", "denom": "2"}, {"symbol": "coeff_1_HH_max", "numer": "1", "denom": "4"}], "level": 1, "array_name": "DC", "phase": [0, 0]}, {"lower_bound": [{"symbol": "coeff_1_LH_min", "numer": "3", "denom": "4"}, {"symbol": "coeff_0_LL_max", "numer": "-1", "denom": "8"}, {"symbol": "coeff_1_LH_max", "numer": "-1", "denom": "4"}, {"symbol": null, "numer": "-35", "denom": "16"}, {"symbol": "coeff_0_LL_min", "numer": "9", "denom": "8"}, {"symbol": "coeff_1_HH_max", "numer": "-3", "denom": "8"}, {"symbol": "coeff_1_HL_min", "numer": "1", "denom": "16"}, {"symbol": "coeff_1_HH_min", "numer": "1", "denom": "8"}, {"symbol": "coeff_1_HL_max", "numer": "-9", "denom": "16"}], "upper_bound": [{"symbol": "coeff_1_LH_max", "numer": "3", "denom": "4"}, {"symbol": "coeff_0_LL_min", "numer": "-1", "denom": "8"}, {"symbol": "coeff_1_LH_min", "numer": "-1", "denom": "4"}, {"symbol": null, "numer": "35", "denom": "16"}, {"symbol": "coeff_0_LL_max", "numer": "9", "denom": "8"}, {"symbol": "coeff_1_HH_min", "numer": "-3", "denom": "8"}, {"symbol": "coeff_1_HL_max", "numer": "1", "denom": "16"}, {"symbol": "coeff_1_HH_max", "numer": "1", "denom": "8"}, {"symbol": "coeff_1_HL_min", "numer": "-9", "denom": "16"}], "level": 1, "array_name": "DC", "phase": [0, 1]}, {"lower_bound": [{"symbol": "coeff_1_HL_min", "numer": "3", "denom": "4"}, {"symbol": "coeff_1_HH_max", "numer": "-3", "denom": "8"}, {"symbol": null, "numer": "-9", "denom": "4"}, {"symbol": "coeff_0_LL_max", "numer": "-1", "denom": "8"}, {"symbol": "coeff_1_LH_min", "numer": "1", "denom": "16"}, {"symbol": "coeff_1_HL_max", "numer": "-1", "denom": "4"}, {"symbol": "coeff_1_HH_min", "numer": "1", "denom": "8"}, {"symbol": "coeff_0_LL_min", "numer": "9", "denom": "8"}, {"symbol": "coeff_1_LH_max", "numer": "-9", "denom": "16"}], "upper_bound": [{"symbol": "coeff_1_HL_max", "numer": "3", "denom": "4"}, {"symbol": "coeff_1_HH_min", "numer": "-3", "denom": "8"}, {"symbol": null, "numer": "9", "denom": "4"}, {"symbol": "coeff_0_LL_min", "numer": "-1", "denom": "8"}, {"symbol": "coeff_1_LH_max", "numer": "1", "denom": "16"}, {"symbol": "coeff_1_HL_min", "numer": "-1", "denom": "4"}, {"symbol": "coeff_1_HH_max", "numer": "1", "denom": "8"}, {"symbol": "coeff_0_LL_max", "numer": "9", "denom": "8"}, {"symbol": "coeff_1_LH_min", "numer": "-9", "denom": "16"}], "level": 1, "array_name": "DC", "phase": [1, 0]}, {"lower_bound": [{"symbol": "coeff_1_HH_min", "numer": "5", "denom": "8"}, {"symbol": "coeff_1_HL_max", "numer": "-3", "denom": "8"}, {"symbol": "coeff_1_HH_max", "numer": "-3", "denom": "8"}, {"symbol": null, "numer": "-117", "denom": "32"}, {"symbol": "coeff_1_HL_min", "numer": "7", "denom": "8"}, {"symbol": "coeff_1_LH_max", "numer": "-3", "denom": "8"}, {"symbol": "coeff_0_LL_min", "numer": "41", "denom": "32"}, {"symbol": "coeff_1_LH_min", "numer": "7", "denom": "8"}, {"symbol": "coeff_0_LL_max", "numer": "-9", "denom": "32"}], "upper_bound": [{"symbol": "coeff_1_HH_max", "numer": "5", "denom": "8"}, {"symbol": "coeff_1_HL_min", "numer": "-3", "denom": "8"}, {"symbol": "coeff_1_HH_min", "numer": "-3", "denom": "8"}, {"symbol": null, "numer": "117", "denom": "32"}, {"symbol": "coeff_1_HL_max", "numer": "7", "denom": "8"}, {"symbol": "coeff_1_LH_min", "numer": "-3", "denom": "8"}, {"symbol": "coeff_0_LL_max", "numer": "41", "denom": "32"}, {"symbol": "coeff_1_LH_max", "numer": "7", "denom": "8"}, {"symbol": "coeff_0_LL_min", "numer": "-9", "denom": "32"}], "level": 1, "array_name": "DC", "phase": [1, 1]}, {"lower_bound": [{"symbol": "coeff_0_LL_min", "numer": "1", "denom": "2"}, {"symbol": "coeff_1_LH_max", "numer": "-1", "denom": "4"}, {"symbol": null, "numer": "-9", "denom": "8"}, {"symbol": "coeff_1_HL_max", "numer": "-1", "denom": "4"}, {"symbol": "coeff_1_HH_min", "numer": "1", "denom": "8"}], "upper_bound": [{"symbol": "coeff_0_LL_max", "numer": "1", "denom": "2"}, {"symbol": "coeff_1_LH_min", "numer": "-1", "denom": "4"}, {"symbol": null, "numer": "9", "denom": "8"}, {"symbol": "coeff_1_HL_min", "numer": "-1", "denom": "4"}, {"symbol": "coeff_1_HH_max", "numer": "1", "denom": "8"}], "level": 1, "array_name": "Output", "phase": [0, 0]}, {"lower_bound": [{"symbol": "coeff_1_LH_min", "numer": "3", "denom": "8"}, {"symbol": "coeff_0_LL_max", "numer": "-1", "denom": "16"}, {"symbol": "coeff_1_LH_max", "numer": "-1", "denom": "8"}, {"symbol": null, "numer": "-51", "denom": "32"}, {"symbol": "coeff_0_LL_min", "numer": "9", "denom": "16"}, {"symbol": "coeff_1_HH_max", "numer": "-3", "denom": "16"}, {"symbol": "coeff_1_HL_min", "numer": "1", "denom": "32"}, {"symbol": "coeff_1_HH_min", "numer": "1", "denom": "16"}, {"symbol": "coeff_1_HL_max", "numer": "-9", "denom": "32"}], "upper_bound": [{"symbol": "coeff_1_LH_max", "numer": "3", "denom": "8"}, {"symbol": "coeff_0_LL_min", "numer": "-1", "denom": "16"}, {"symbol": "coeff_1_LH_min", "numer": "-1", "denom": "8"}, {"symbol": null, "numer": "51", "denom": "32"}, {"symbol": "coeff_0_LL_max", "numer": "9", "denom": "16"}, {"symbol": "coeff_1_HH_min", "numer": "-3", "denom": "16"}, {"symbol": "coeff_1_HL_max", "numer": "1", "denom": "32"}, {"symbol": "coeff_1_HH_max", "numer": "1", "denom": "16"}, {"symbol": "coeff_1_HL_min", "numer": "-9", "denom": "32"}], "level": 1, "array_name": "Output", "phase": [0, 1]}, {"lower_bound": [{"symbol": "coeff_1_HL_min", "numer": "3", "denom": "8"}, {"symbol": "coeff_1_HH_max", "numer": "-3", "denom": "16"}, {"symbol": null, "numer": "-13", "denom": "8"}, {"symbol": "coeff_0_LL_max", "numer": "-1", "denom": "16"}, {"symbol": "coeff_1_LH_min", "numer": "1", "denom": "32"}, {"symbol": "coeff_1_HL_max", "numer": "-1", "denom": "8"}, {"symbol": "coeff_1_HH_min", "numer": "1", "denom": "16"}, {"symbol": "coeff_0_LL_min", "numer": "9", "denom": "16"}, {"symbol": "coeff_1_LH_max", "numer": "-9", "denom": "32"}], "upper_bound": [{"symbol": "coeff_1_HL_max", "numer": "3", "denom": "8"}, {"symbol": "coeff_1_HH_min", "numer": "-3", "denom": "16"}, {"symbol": null, "numer": "13", "denom": "8"}, {"symbol": "coeff_0_LL_min", "numer": "-1", "denom": "16"}, {"symbol": "coeff_1_LH_max", "numer": "1", "denom": "32"}, {"symbol": "coeff_1_HL_min", "numer": "-1", "denom": "8"}, {"symbol": "coeff_1_HH_max", "numer": "1", "denom": "16"}, {"symbol": "coeff_0_LL_max", "numer": "9", "denom": "16"}, {"symbol": "coeff_1_LH_min", "numer": "-9", "denom": "32"}], "level": 1, "array_name": "Output", "phase": [1, 0]}, {"lower_bound": [{"symbol": "coeff_1_HH_min", "numer": "5", "denom": "16"}, {"symbol": "coeff_1_HL_max", "numer": "-3", "denom": "16"}, {"symbol": "coeff_1_HH_max", "numer": "-3", "denom": "16"}, {"symbol": null, "numer": "-149", "denom": "64"}, {"symbol": "coeff_1_HL_min", "numer": "7", "denom": "16"}, {"symbol": "coeff_1_LH_max", "numer": "-3", "denom": "16"}, {"symbol": "coeff_0_LL_min", "numer": "41", "denom": "64"}, {"symbol": "coeff_1_LH_min", "numer": "7", "denom": "16"}, {"symbol": "coeff_0_LL_max", "numer": "-9", "denom": "64"}], "upper_bound": [{"symbol": "coeff_1_HH_max", "numer": "5", "denom": "16"}, {"symbol": "coeff_1_HL_min", "numer": "-3", "denom": "16"}, {"symbol": "coeff_1_HH_min", "numer": "-3", "denom": "16"}, {"symbol": null, "numer": "149", "denom": "64"}, {"symbol": "coeff_1_HL_max", "numer": "7", "denom": "16"}, {"symbol": "coeff_1_LH_min", "numer": "-3", "denom": "16"}, {"symbol": "coeff_0_LL_max", "numer": "41", "denom": "64"}, {"symbol": "coeff_1_LH_max", "numer": "7", "denom": "16"}, {"symbol": "coeff_0_LL_min", "numer": "-9", "denom": "64"}], "level": 1, "array_name": "Output", "phase": [1, 1]}], "analysis_test_patterns": [{"target": [0, 0], "pattern": {"dx": 0, "dy": 0, "width": 1, "height": 1, "positive": "gA==", "mask": "gA=="}, "pattern_translation_multiple": [1, 1], "target_translation_multiple": [1, 1], "level": 1, "array_name": "Input", "phase": [0, 0]}, {"target": [0, 0], "pattern": {"dx": 0, "dy": 0, "width": 1, "height": 1, "positive": "gA==", "mask": "gA=="}, "pattern_translation_multiple": [1, 1], "target_translation_multiple": [1, 1], "level": 1, "array_name": "DC", "phase": [0, 0]}, {"target": [0, 0], "pattern": {"dx": 0, "dy": 0, "width": 1, "height": 1, "positive": "gA==", "mask": "gA=="}, "pattern_translation_multiple": [2, 1], "target_translation_multiple": [2, 1], "level": 1, "array_name": "DC'", "phase": [0, 0]}, {"target": [3, 0], "pattern": {"dx": 0, "dy": 0, "width": 7, "height": 1, "positive": "kg==", "mask": "ug=="}, "pattern_translation_multiple": [2, 1], "target_translation_multiple": [2, 1], "level": 1, "array_name": "DC'", "phase": [1, 0]}, {"target": [4, 0], "pattern": {"dx": 0, "dy": 0, "width": 9, "height": 1, "positive": "nIA=", "mask": "voA="}, "pattern_translation_multiple": [2, 1], "target_translation_multiple": [2, 1], "level": 1, "array_name": "DC''", "phase": [0, 0]}, {"target": [3, 0], "pattern": {"dx": 0, "dy": 0, "width": 7, "height": 1, "positive": "kg==", "mask": "ug=="}, "pattern_translation_multiple": [2, 1], "target_translation_multiple": [2, 1], "level": 1, "array_name": "DC''", "phase": [1, 0]}, {"target": [2, 0], "pattern": {"dx": 0, "dy": 0, "width": 9, "height": 1, "positive": "nIA=", "mask": "voA="}, "pattern_translation_multiple": [2, 2], "target_translation_multiple": [1, 2], "level": 1, "array_name": "L'", "phase": [0, 0]}, {"target": [2, 3], "pattern": {"dx": 0, "dy": 0, "width": 9, "height": 7, "positive": "nIAIk5IgAnI=", "mask": "voAvt9voAvo="}, "pattern_translation_multiple": [2, 2], "target_translation_multiple": [1, 2], "level": 1, "array_name": "L'", "phase": [0, 1]}, {"target": [1, 0], "pattern": {"dx": 0, "dy": 0, "width": 7, "height": 1, "positive": "kg==", "mask": "ug=="}, "pattern_translation_multiple": [2, 2], "target_translation_multiple": [1, 2], "level": 1, "array_name": "H'", "phase": [0, 0]}, {"target": [1, 3], "pattern": {"dx": 0, "dy": 0, "width": 7, "height": 7, "positive": "kgCkkoAkgA==", "mask": "ugLt26AugA=="}, "pattern_translation_multiple": [2, 2], "target_translation_multiple": [1, 2], "level": 1, "array_name": "H'", "phase": [0, 1]}, {"target": [2, 4], "pattern": {"dx": 0, "dy": 0, "width": 9, "height": 9, "positive": "nIAIk5nM5IgAnIA=", "mask": "voAvt9vt9voAvoA="}, "pattern_translation_multiple": [2, 2], "target_translation_multiple": [1, 2], "level": 1, "array_name": "L''", "phase": [0, 0]}, {"target": [2, 3], "pattern": {"dx": 0, "dy": 0, "width": 9, "height": 7, "positive": "nIAIk5IgAnI=", "mask": "voAvt9voAvo="}, "pattern_translation_multiple": [2, 2], "target_translation_multiple": [1, 2], "level": 1, "array_name": "L''", "phase": [0, 1]}, {"target": [1, 4], "pattern": {"dx": 0, "dy": 0, "width": 7, "height": 9, "positive": "kgCkmTJKAJI=", "mask": "ugLt27dugLo="}, "pattern_translation_multiple": [2, 2], "target_translation_multiple": [1, 2], "level": 1, "array_name": "H''", "phase": [0, 0]}, {"target": [1, 3], "pattern": {"dx": 0, "dy": 0, "width": 7, "height": 7, "positive": "kgCkkoAkgA==", "mask": "ugLt26AugA=="}, "pattern_translation_multiple": [2, 2], "target_translation_multiple": [1, 2], "level": 1, "array_name": "H''", "phase": [0, 1]}], "synthesis_test_patterns": [{"target": [2, 2], "pattern": {"dx": 0, "dy": 0, "width": 9, "height": 9, "positive": "nIAIk5nM5IgAnIA=", "mask": "voAvt9vt9voAvoA="}, "pattern_translation_multiple": [2, 2], "target_translation_multiple": [1, 1], "level": 1, "array_name": "LL", "phase": [0, 0]}, {"target": [2, 1], "pattern": {"dx": 0, "dy": 0, "width": 9, "height": 7, "positive": "nIAIk5IgAnI=", "mask": "voAvt9voAvo="}, "pattern_translation_multiple": [2, 2], "target_translation_multiple": [1, 1], "level": 1, "array_name": "LH", "phase": [0, 0]}, {"target": [1, 2], "pattern": {"dx": 0, "dy": 0, "width": 7, "height": 9, "positive": "kgCkmTJKAJI=", "mask": "ugLt27dugLo="}, "pattern_translation_multiple": [2, 2], "target_translation_multiple": [1, 1], "level": 1, "array_name": "HL", "phase": [0, 0]}, {"target": [1, 1], "pattern": {"dx": 0, "dy": 0, "width": 7, "height": 7, "positive": "kgCkkoAkgA==", "mask": "ugLt26AugA=="}, "pattern_translation_multiple": [2, 2], "target_translation_multiple": [1, 1], "level": 1, "array_name": "HH", "phase": [0, 0]}, {"target": [2, 4], "pattern": {"dx": 0, "dy": 0, "width": 9, "height": 9, "positive": "nIAIk5nM5IgAnIA=", "mask": "voAvt9vt9voAvoA="}, "pattern_translation_multiple": [2, 2], "target_translation_multiple": [1, 2], "level": 1, "array_name": "L'", "phase": [0, 0]}, {"target": [2, 3], "pattern": {"dx": 0, "dy": 0, "width": 9, "height": 7, "positive": "nIAIk5IgAnI=", "mask": "voAvt9voAvo="}, "pattern_translation_multiple": [2, 2], "target_translation_multiple": [1, 2], "level": 1, "array_name": "L'", "phase": [0, 1]}, {"target": [1, 4], "pattern": {"dx": 0, "dy": 0, "width": 7, "height": 9, "positive": "kgCkmTJKAJI=", "mask": "ugLt27dugLo="}, "pattern_translation_multiple": [2, 2], "target_translation_multiple": [1, 2], "level": 1, "array_name": "H'", "phase": [0, 0]}, {"target": [1, 3], "pattern": {"dx": 0, "dy": 0, "width": 7, "height": 7, "positive": "kgCkkoAkgA==", "mask": "ugLt26AugA=="}, "pattern_translation_multiple": [2, 2], "target_translation_multiple": [1, 2], "level": 1, "array_name": "H'", "phase": [0, 1]}, {"target": [2, 4], "pattern": {"dx": 0, "dy": 0, "width": 9, "height": 9, "positive": "nIAIk5nM5IgAnIA=", "mask": "voAvt9vt9voAvoA="}, "pattern_translation_multiple": [2, 2], "target_translation_multiple": [1, 2], "level": 1, "array_name": "L", "phase": [0, 0]}, {"target": [2, 7], "pattern": {"dx": 0, "dy": 0, "width": 9, "height": 15, "positive": "IgAnJEnM5Ik5Ik5nJEnIAIg=", "mask": "voAvt9vt9vt9vt9vt9voAvo="}, "pattern_translation_multiple": [2, 2], "target_translation_multiple": [1, 2], "level": 1, "array_name": "L", "phase": [0, 1]}, {"target": [1, 4], "pattern": {"dx": 0, "dy": 0, "width": 7, "height": 9, "positive": "kgCkmTJKAJI=", "mask": "ugLt27dugLo="}, "pattern_translation_multiple": [2, 2], "target_translation_multiple": [1, 2], "level": 1, "array_name": "H", "phase": [0, 0]}, {"target": [1, 7], "pattern": {"dx": 0, "dy": 0, "width": 7, "height": 15, "positive": "KAJJSTJKSSkmSUkgCgA=", "mask": "ugLt27du3bt27dugLoA="}, "pattern_translation_multiple": [2, 2], "target_translation_multiple": [1, 2], "level": 1, "array_name": "H", "phase": [0, 1]}, {"target": [4, 4], "pattern": {"dx": 0, "dy": 0, "width": 9, "height": 9, "positive": "nIAIk5nM5IgAnIA=", "mask": "voAvt9vt9voAvoA="}, "pattern_translation_multiple": [2, 2], "target_translation_multiple": [2, 2], "level": 1, "array_name": "DC'", "phase": [0, 0]}, {"target": [4, 7], "pattern": {"dx": 0, "dy": 0, "width": 9, "height": 15, "positive": "IgAnJEnM5Ik5Ik5nJEnIAIg=", "mask": "voAvt9vt9vt9vt9vt9voAvo="}, "pattern_translation_multiple": [2, 2], "target_translation_multiple": [2, 2], "level": 1, "array_name": "DC'", "phase": [0, 1]}, {"target": [3, 4], "pattern": {"dx": 0, "dy": 0, "width": 7, "height": 9, "positive": "kgCkmTJKAJI=", "mask": "ugLt27dugLo="}, "pattern_translation_multiple": [2, 2], "target_translation_multiple": [2, 2], "level": 1, "array_name": "DC'", "phase": [1, 0]}, {"target": [3, 7], "pattern": {"dx": 0, "dy": 0, "width": 7, "height": 15, "positive": "KAJJSTJKSSkmSUkgCgA=", "mask": "ugLt27du3bt27dugLoA="}, "pattern_translation_multiple": [2, 2], "target_translation_multiple": [2, 2], "level": 1, "array_name": "DC'", "phase": [1, 1]}, {"target": [4, 4], "pattern": {"dx": 0, "dy": 0, "width": 9, "height": 9, "positive": "nIAIk5nM5IgAnIA=", "mask": "voAvt9vt9voAvoA="}, "pattern_translation_multiple": [2, 2], "target_translation_multiple": [2, 2], "level": 1, "array_name": "DC", "phase": [0, 0]}, {"target": [4, 7], "pattern": {"dx": 0, "dy": 0, "width": 9, "height": 15, "positive": "IgAnJEnM5Ik5Ik5nJEnIAIg=", "mask": "voAvt9vt9vt9vt9vt9voAvo="}, "pattern_translation_multiple": [2, 2], "target_translation_multiple": [2, 2], "level": 1, "array_name": "DC", "phase": [0, 1]}, {"target": [7, 4], "pattern": {"dx": 0, "dy": 0, "width": 15, "height": 9, "positive": "LWgAAkpJa0LWha0kpIAALWg=", "mask": "v/oAAv/t/9v/t/9v/oAAv/o="}, "pattern_translation_multiple": [2, 2], "target_translation_multiple": [2, 2], "level": 1, "array_name": "DC", "phase": [1, 0]}, {"target": [7, 7], "pattern": {"dx": 0, "dy": 0, "width": 15, "height": 15, "positive": "kpIAALWklJLWha0kpJa0kpJa0LWklJLWgAAkpIA=", "mask": "v/oAAv/t/9v/t/9v/t/9v/t/9v/t/9v/oAAv/oA="}, "pattern_translation_multiple": [2, 2], "target_translation_multiple": [2, 2], "level": 1, "array_name": "DC", "phase": [1, 1]}, {"target": [4, 4], "pattern": {"dx": 0, "dy": 0, "width": 9, "height": 9, "positive": "nIAIk5nM5IgAnIA=", "mask": "voAvt9vt9voAvoA="}, "pattern_translation_multiple": [2, 2], "target_translation_multiple": [2, 2], "level": 1, "array_name": "Output", "phase": [0, 0]}, {"target": [4, 7], "pattern": {"dx": 0, "dy": 0, "width": 9, "height": 15, "positive": "IgAnJEnM5Ik5Ik5nJEnIAIg=", "mask": "voAvt9vt9vt9vt9vt9voAvo="}, "pattern_translation_multiple": [2, 2], "target_translation_multiple": [2, 2], "level": 1, "array_name": "Output", "phase": [0, 1]}, {"target": [7, 4], "pattern": {"dx": 0, "dy": 0, "width": 15, "height": 9, "positive": "LWgAAkpJa0LWha0kpIAALWg=", "mask": "v/oAAv/t/9v/t/9v/oAAv/o="}, "pattern_translation_multiple": [2, 2], "target_translation_multiple": [2, 2], "level": 1, "array_name": "Output", "phase": [1, 0]}, {"target": [7, 7], "pattern": {"dx": 0, "dy": 0, "width": 15, "height": 15, "positive": "kpIAALWklJLWha0kpJa0kpJa0LWklJLWgAAkpIA=", "mask": "v/oAAv/t/9v/t/9v/t/9v/t/9v/t/9v/oAAv/oA="}, "pattern_translation_multiple": [2, 2], "target_translation_multiple": [2, 2], "level": 1, "array_name": "Output", "phase": [1, 1]}]}