{"wavelet_index": 3, "wavelet_index_ho": 1, "dwt_depth": 1, "dwt_depth_ho": 0, "analysis_signal_bounds": [{"lower_bound": [{"symbol": "signal_min", "numer": "1", "denom": "1"}], "upper_bound": [{"symbol": "signal_max", "numer": "1", "denom": "1"}], "level": 1, "array_name": "Input", "phase": [0, 0]}, {"lower_bound": [{"symbol": "signal_min", "numer": "2", "denom": "1"}], "upper_bound": [{"symbol": "signal_max", "numer": "2", "denom": "1"}], "level": 1, "array_name": "DC", "phase": [0, 0]}, {"lower_bound": [{"symbol": "signal_min", "numer": "2", "denom": "1"}], "upper_bound": [{"symbol": "signal_max", "numer": "2", "denom": "1"}], "level": 1, "array_name": "DC'", "phase": [0, 0]}, {"lower_bound": [{"symbol": "signal_min", "numer": "2", "denom": "1"}, {"symbol": "signal_max", "numer": "-2", "denom": "1"}, {"symbol": null, "numer": "-1", "denom": "2"}], "upper_bound": [{"symbol": "signal_max", "numer": "2", "denom": "1"}, {"symbol": "signal_min", "numer": "-2", "denom": "1"}, {"symbol": null, "numer": "1", "denom": "2"}], "level": 1, "array_name": "DC'", "phase": [1, 0]}, {"lower_bound": [{"symbol": "signal_min", "numer": "5", "denom": "2"}, {"symbol": "signal_max", "numer": "-1", "denom": "2"}, {"symbol": null, "numer": "-3", "denom": "4"}], "upper_bound": [{"symbol": "signal_max", "numer": "5", "denom": "2"}, {"symbol": "signal_min", "numer": "-1", "denom": "2"}, {"symbol": null, "numer": "3", "denom": "4"}], "level": 1, "array_name": "DC''", "phase": [0, 0]}, {"lower_bound": [{"symbol": "signal_min", "numer": "2", "denom": "1"}, {"symbol": "signal_max", "numer": "-2", "denom": "1"}, {"symbol": null, "numer": "-1", "denom": "2"}], "upper_bound": [{"symbol": "signal_max", "numer": "2", "denom": "1"}, {"symbol": "signal_min", "numer": "-2", "denom": "1"}, {"symbol": null, "numer": "1", "denom": "2"}], "level": 1, "array_name": "DC''", "phase": [1, 0]}, {"lower_bound": [{"symbol": "signal_min", "numer": "5", "denom": "2"}, {"symbol": "signal_max", "numer": "-1", "denom": "2"}, {"symbol": null, "numer": "-3", "denom": "4"}], "upper_bound": [{"symbol": "signal_max", "numer": "5", "denom": "2"}, {"symbol": "signal_min", "numer": "-1", "denom": "2"}, {"symbol": null, "numer": "3", "denom": "4"}], "level": 1, "array_name": "L'", "phase": [0, 0]}, {"lower_bound": [{"symbol": "signal_min", "numer": "3", "denom": "1"}, {"symbol": "signal_max", "numer": "-3", "denom": "1"}, {"symbol": null, "numer": "-3", "denom": "2"}], "upper_bound": [{"symbol": "signal_max", "numer": "3", "denom": "1"}, {"symbol": "signal_min", "numer": "-3", "denom": "1"}, {"symbol": null, "numer": "5", "denom": "2"}], "level": 1, "array_name": "L'", "phase": [0, 1]}, {"lower_bound": [{"symbol": "signal_min", "numer": "2", "denom": "1"}, {"symbol": "signal_max", "numer": "-2", "denom": "1"}, {"symbol": null, "numer": "-1", "denom": "2"}], "upper_bound": [{"symbol": "signal_max", "numer": "2", "denom": "1"}, {"symbol": "signal_min", "numer": "-2", "denom": "1"}, {"symbol": null, "numer": "1", "denom": "2"}], "level": 1, "array_name": "H'", "phase": [0, 0]}, {"lower_bound": [{"symbol": "signal_min", "numer": "4", "denom": "1"}, {"symbol": "signal_max", "numer": "-4", "denom": "1"}, {"symbol": null, "numer": "-1", "denom": "1"}], "upper_bound": [{"symbol": "signal_max", "numer": "4", "denom": "1"}, {"symbol": "signal_min", "numer": "-4", "denom": "1"}, {"symbol": null, "numer": "2", "denom": "1"}], "level": 1, "array_name": "H'", "phase": [0, 1]}, {"lower_bound": [{"symbol": "signal_min", "numer": "5", "denom": "2"}, {"symbol": "signal_max", "numer": "-1", "denom": "2"}, {"symbol": null, "numer": "-5", "denom": "4"}], "upper_bound": [{"symbol": "signal_max", "numer": "5", "denom": "2"}, {"symbol": "signal_min", "numer": "-1", "denom": "2"}, {"symbol": null, "numer": "7", "denom": "4"}], "level": 1, "array_name": "L''", "phase": [0, 0]}, {"lower_bound": [{"symbol": "signal_min", "numer": "3", "denom": "1"}, {"symbol": "signal_max", "numer": "-3", "denom": "1"}, {"symbol": null, "numer": "-3", "denom": "2"}], "upper_bound": [{"symbol": "signal_max", "numer": "3", "denom": "1"}, {"symbol": "signal_min", "numer": "-3", "denom": "1"}, {"symbol": null, "numer": "5", "denom": "2"}], "level": 1, "array_name": "L''", "phase": [0, 1]}, {"lower_bound": [{"symbol": "signal_min", "numer": "2", "denom": "1"}, {"symbol": "signal_max", "numer": "-2", "denom": "1"}, {"symbol": null, "numer": "-1", "denom": "1"}], "upper_bound": [{"symbol": "signal_max", "numer": "2", "denom": "1"}, {"symbol": "signal_min", "numer": "-2", "denom": "1"}, {"symbol": null, "numer": "3", "denom": "2"}], "level": 1, "array_name": "H''", "phase": [0, 0]}, {"lower_bound": [{"symbol": "signal_min", "numer": "4", "denom": "1"}, {"symbol": "signal_max", "numer": "-4", "denom": "1"}, {"symbol": null, "numer": "-1", "denom": "1"}], "upper_bound": [{"symbol": "signal_max", "numer": "4", "denom": "1"}, {"symbol": "signal_min", "numer": "-4", "denom": "1"}, {"symbol": null, "numer": "2", "denom": "1"}], "level": 1, "array_name": "H''", "phase": [0, 1]}], "synthesis_signal_bounds": [{"lower_bound": [{"symbol": "coeff_0_LL_min", "numer": "1", "denom": "1"}], "upper_bound": [{"symbol": "coeff_0_LL_max", "numer": "1", "denom": "1"}], "level": 1, "array_name": "LL", "phase": [0, 0]}, {"lower_bound": [{"symbol": "coeff_1_LH_min", "numer": "1", "denom": "1"}], "upper_bound": [{"symbol": "coeff_1_LH_max", "numer": "1", "denom": "1"}], "level": 1, "array_name": "LH", "phase": [0, 0]}, {"lower_bound": [{"symbol": "coeff_1_HL_min", "numer": "1", "denom": "1"}], "upper_bound": [{"symbol": "coeff_1_HL_max", "numer": "1", "denom": "1"}], "level": 1, "array_name": "HL", "phase": [0, 0]}, {"lower_bound": [{"symbol": "coeff_1_HH_min", "numer": "1", "denom": "1"}], "upper_bound": [{"symbol": "coeff_1_HH_max", "numer": "1", "denom": "1"}], "level": 1, "array_name": "HH", "phase": [0, 0]}, {"lower_bound": [{"symbol": "coeff_0_LL_min", "numer": "1", "denom": "1"}, {"symbol": "coeff_1_LH_max", "numer": "-1", "denom": "2"}, {"symbol": null, "numer": "-1", "denom": "2"}], "upper_bound": [{"symbol": "coeff_0_LL_max", "numer": "1", "denom": "1"}, {"symbol": "coeff_1_LH_min", "numer": "-1", "denom": "2"}, {"symbol": null, "numer": "1", "denom": "2"}], "level": 1, "array_name": "L'", "phase": [0, 0]}, {"lower_bound": [{"symbol": "coeff_1_LH_min", "numer": "1", "denom": "1"}], "upper_bound": [{"symbol": "coeff_1_LH_max", "numer": "1", "denom": "1"}], "level": 1, "array_name": "L'", "phase": [0, 1]}, {"lower_bound": [{"symbol": "coeff_1_HL_min", "numer": "1", "denom": "1"}, {"symbol": "coeff_1_HH_max", "numer": "-1", "denom": "2"}, {"symbol": null, "numer": "-1", "denom": "2"}], "upper_bound": [{"symbol": "coeff_1_HL_max", "numer": "1", "denom": "1"}, {"symbol": "coeff_1_HH_min", "numer": "-1", "denom": "2"}, {"symbol": null, "numer": "1", "denom": "2"}], "level": 1, "array_name": "H'", "phase": [0, 0]}, {"lower_bound": [{"symbol": "coeff_1_HH_min", "numer": "1", "denom": "1"}], "upper_bound": [{"symbol": "coeff_1_HH_max", "numer": "1", "denom": "1"}], "level": 1, "array_name": "H'", "phase": [0, 1]}, {"lower_bound": [{"symbol": "coeff_0_LL_min", "numer": "1", "denom": "1"}, {"symbol": "coeff_1_LH_max", "numer": "-1", "denom": "2"}, {"symbol": null, "numer": "-1", "denom": "2"}], "upper_bound": [{"symbol": "coeff_0_LL_max", "numer": "1", "denom": "1"}, {"symbol": "coeff_1_LH_min", "numer": "-1", "denom": "2"}, {"symbol": null, "numer": "1", "denom": "2"}], "level": 1, "array_name": "L", "phase": [0, 0]}, {"lower_bound": [{"symbol": "coeff_1_LH_min", "numer": "1", "denom": "2"}, {"symbol": "coeff_0_LL_min", "numer": "1", "denom": "1"}, {"symbol": null, "numer": "-3", "denom": "2"}], "upper_bound": [{"symbol": "coeff_1_LH_max", "numer": "1", "denom": "2"}, {"symbol": "coeff_0_LL_max", "numer": "1", "denom": "1"}, {"symbol": null, "numer": "1", "denom": "2"}], "level": 1, "array_name": "L", "phase": [0, 1]}, {"lower_bound": [{"symbol": "coeff_1_HL_min", "numer": "1", "denom": "1"}, {"symbol": "coeff_1_HH_max", "numer": "-1", "denom": "2"}, {"symbol": null, "numer": "-1", "denom": "2"}], "upper_bound": [{"symbol": "coeff_1_HL_max", "numer": "1", "denom": "1"}, {"symbol": "coeff_1_HH_min", "numer": "-1", "denom": "2"}, {"symbol": null, "numer": "1", "denom": "2"}], "level": 1, "array_name": "H", "phase": [0, 0]}, {"lower_bound": [{"symbol": "coeff_1_HH_min", "numer": "1", "denom": "2"}, {"symbol": "coeff_1_HL_min", "numer": "1", "denom": "1"}, {"symbol": null, "numer": "-3", "denom": "2"}], "upper_bound": [{"symbol": "coeff_1_HH_max", "numer": "1", "denom": "2"}, {"symbol": "coeff_1_HL_max", "numer": "1", "denom": "1"}, {"symbol": null, "numer": "1", "denom": "2"}], "level": 1, "array_name": "H", "phase": [0, 1]}, {"lower_bound": [{"symbol": "coeff_0_LL_min", "numer": "1", "denom": "1"}, {"symbol": "coeff_1_LH_max", "numer": "-1", "denom": "2"}, {"symbol": null, "numer": "-5", "denom": "4"}, {"symbol": "coeff_1_HL_max", "numer": "-1", "denom": "2"}, {"symbol": "coeff_1_HH_min", "numer": "1", "denom": "4"}], "upper_bound": [{"symbol": "coeff_0_LL_max", "numer": "1", "denom": "1"}, {"symbol": "coeff_1_LH_min", "numer": "-1", "denom": "2"}, {"symbol": null, "numer": "5", "denom": "4"}, {"symbol": "coeff_1_HL_min", "numer": "-1", "denom": "2"}, {"symbol": "coeff_1_HH_max", "numer": "1", "denom": "4"}], "level": 1, "array_name": "DC'", "phase": [0, 0]}, {"lower_bound": [{"symbol": "coeff_1_LH_min", "numer": "1", "denom": "2"}, {"symbol": "coeff_0_LL_min", "numer": "1", "denom": "1"}, {"symbol": null, "numer": "-9", "denom": "4"}, {"symbol": "coeff_1_HH_max", "numer": "-1", "denom": "4"}, {"symbol": "coeff_1_HL_max", "numer": "-1", "denom": "2"}], "upper_bound": [{"symbol": "coeff_1_LH_max", "numer": "1", "denom": "2"}, {"symbol": "coeff_0_LL_max", "numer": "1", "denom": "1"}, {"symbol": null, "numer": "7", "denom": "4"}, {"symbol": "coeff_1_HH_min", "numer": "-1", "denom": "4"}, {"symbol": "coeff_1_HL_min", "numer": "-1", "denom": "2"}], "level": 1, "array_name": "DC'", "phase": [0, 1]}, {"lower_bound": [{"symbol": "coeff_1_HL_min", "numer": "1", "denom": "1"}, {"symbol": "coeff_1_HH_max", "numer": "-1", "denom": "2"}, {"symbol": null, "numer": "-1", "denom": "2"}], "upper_bound": [{"symbol": "coeff_1_HL_max", "numer": "1", "denom": "1"}, {"symbol": "coeff_1_HH_min", "numer": "-1", "denom": "2"}, {"symbol": null, "numer": "1", "denom": "2"}], "level": 1, "array_name": "DC'", "phase": [1, 0]}, {"lower_bound": [{"symbol": "coeff_1_HH_min", "numer": "1", "denom": "2"}, {"symbol": "coeff_1_HL_min", "numer": "1", "denom": "1"}, {"symbol": null, "numer": "-3", "denom": "2"}], "upper_bound": [{"symbol": "coeff_1_HH_max", "numer": "1", "denom": "2"}, {"symbol": "coeff_1_HL_max", "numer": "1", "denom": "1"}, {"symbol": null, "numer": "1", "denom": "2"}], "level": 1, "array_name": "DC'", "phase": [1, 1]}, {"lower_bound": [{"symbol": "coeff_0_LL_min", "numer": "1", "denom": "1"}, {"symbol": "coeff_1_LH_max", "numer": "-1", "denom": "2"}, {"symbol": null, "numer": "-5", "denom": "4"}, {"symbol": "coeff_1_HL_max", "numer": "-1", "denom": "2"}, {"symbol": "coeff_1_HH_min", "numer": "1", "denom": "4"}], "upper_bound": [{"symbol": "coeff_0_LL_max", "numer": "1", "denom": "1"}, {"symbol": "coeff_1_LH_min", "numer": "-1", "denom": "2"}, {"symbol": null, "numer": "5", "denom": "4"}, {"symbol": "coeff_1_HL_min", "numer": "-1", "denom": "2"}, {"symbol": "coeff_1_HH_max", "numer": "1", "denom": "4"}], "level": 1, "array_name": "DC", "phase": [0, 0]}, {"lower_bound": [{"symbol": "coeff_1_LH_min", "numer": "1", "denom": "2"}, {"symbol": "coeff_0_LL_min", "numer": "1", "denom": "1"}, {"symbol": null, "numer": "-9", "denom": "4"}, {"symbol": "coeff_1_HH_max", "numer": "-1", "denom": "4"}, {"symbol": "coeff_1_HL_max", "numer": "-1", "denom": "2"}], "upper_bound": [{"symbol": "coeff_1_LH_max", "numer": "1", "denom": "2"}, {"symbol": "coeff_0_LL_max", "numer": "1", "denom": "1"}, {"symbol": null, "numer": "7", "denom": "4"}, {"symbol": "coeff_1_HH_min", "numer": "-1", "denom": "4"}, {"symbol": "coeff_1_HL_min", "numer": "-1", "denom": "2"}], "level": 1, "array_name": "DC", "phase": [0, 1]}, {"lower_bound": [{"symbol": "coeff_1_HL_min", "numer": "3", "denom": "4"}, {"symbol": "coeff_1_HH_max", "numer": "-3", "denom": "8"}, {"symbol": null, "numer": "-2", "denom": "1"}, {"symbol": "coeff_0_LL_min", "numer": "1", "denom": "1"}, {"symbol": "coeff_1_LH_max", "numer": "-1", "denom": "2"}, {"symbol": "coeff_1_HL_max", "numer": "-1", "denom": "4"}, {"symbol": "coeff_1_HH_min", "numer": "1", "denom": "8"}], "upper_bound": [{"symbol": "coeff_1_HL_max", "numer": "3", "denom": "4"}, {"symbol": "coeff_1_HH_min", "numer": "-3", "denom": "8"}, {"symbol": null, "numer": "2", "denom": "1"}, {"symbol": "coeff_0_LL_max", "numer": "1", "denom": "1"}, {"symbol": "coeff_1_LH_min", "numer": "-1", "denom": "2"}, {"symbol": "coeff_1_HL_min", "numer": "-1", "denom": "4"}, {"symbol": "coeff_1_HH_max", "numer": "1", "denom": "8"}], "level": 1, "array_name": "DC", "phase": [1, 0]}, {"lower_bound": [{"symbol": "coeff_1_HH_min", "numer": "3", "denom": "8"}, {"symbol": "coeff_1_HL_min", "numer": "3", "denom": "4"}, {"symbol": null, "numer": "-15", "denom": "4"}, {"symbol": "coeff_1_LH_min", "numer": "1", "denom": "2"}, {"symbol": "coeff_0_LL_min", "numer": "1", "denom": "1"}, {"symbol": "coeff_1_HH_max", "numer": "-1", "denom": "8"}, {"symbol": "coeff_1_HL_max", "numer": "-1", "denom": "4"}], "upper_bound": [{"symbol": "coeff_1_HH_max", "numer": "3", "denom": "8"}, {"symbol": "coeff_1_HL_max", "numer": "3", "denom": "4"}, {"symbol": null, "numer": "9", "denom": "4"}, {"symbol": "coeff_1_LH_max", "numer": "1", "denom": "2"}, {"symbol": "coeff_0_LL_max", "numer": "1", "denom": "1"}, {"symbol": "coeff_1_HH_min", "numer": "-1", "denom": "8"}, {"symbol": "coeff_1_HL_min", "numer": "-1", "denom": "4"}], "level": 1, "array_name": "DC", "phase": [1, 1]}, {"lower_bound": [{"symbol": "coeff_0_LL_min", "numer": "1", "denom": "2"}, {"symbol": "coeff_1_LH_max", "numer": "-1", "denom": "4"}, {"symbol": null, "numer": "-9", "denom": "8"}, {"symbol": "coeff_1_HL_max", "numer": "-1", "denom": "4"}, {"symbol": "coeff_1_HH_min", "numer": "1", "denom": "8"}], "upper_bound": [{"symbol": "coeff_0_LL_max", "numer": "1", "denom": "2"}, {"symbol": "coeff_1_LH_min", "numer": "-1", "denom": "4"}, {"symbol": null, "numer": "9", "denom": "8"}, {"symbol": "coeff_1_HL_min", "numer": "-1", "denom": "4"}, {"symbol": "coeff_1_HH_max", "numer": "1", "denom": "8"}], "level": 1, "array_name": "Output", "phase": [0, 0]}, {"lower_bound": [{"symbol": "coeff_1_LH_min", "numer": "1", "denom": "4"}, {"symbol": "coeff_0_LL_min", "numer": "1", "denom": "2"}, {"symbol": null, "numer": "-13", "denom": "8"}, {"symbol": "coeff_1_HH_max", "numer": "-1", "denom": "8"}, {"symbol": "coeff_1_HL_max", "numer": "-1", "denom": "4"}], "upper_bound": [{"symbol": "coeff_1_LH_max", "numer": "1", "denom": "4"}, {"symbol": "coeff_0_LL_max", "numer": "1", "denom": "2"}, {"symbol": null, "numer": "11", "denom": "8"}, {"symbol": "coeff_1_HH_min", "numer": "-1", "denom": "8"}, {"symbol": "coeff_1_HL_min", "numer": "-1", "denom": "4"}], "level": 1, "array_name": "Output", "phase": [0, 1]}, {"lower_bound": [{"symbol": "coeff_1_HL_min", "numer": "3", "denom": "8"}, {"symbol": "coeff_1_HH_max", "numer": "-3", "denom": "16"}, {"symbol": null, "numer": "-3", "denom": "2"}, {"symbol": "coeff_0_LL_min", "numer": "1", "denom": "2"}, {"symbol": "coeff_1_LH_max", "numer": "-1", "denom": "4"}, {"symbol": "coeff_1_HL_max", "numer": "-1", "denom": "8"}, {"symbol": "coeff_1_HH_min", "numer": "1", "denom": "16"}], "upper_bound": [{"symbol": "coeff_1_HL_max", "numer": "3", "denom": "8"}, {"symbol": "coeff_1_HH_min", "numer": "-3", "denom": "16"}, {"symbol": null, "numer": "3", "denom": "2"}, {"symbol": "coeff_0_LL_max", "numer": "1", "denom": "2"}, {"symbol": "coeff_1_LH_min", "numer": "-1", "denom": "4"}, {"symbol": "coeff_1_HL_min", "numer": "-1", "denom": "8"}, {"symbol": "coeff_1_HH_max", "numer": "1", "denom": "16"}], "level": 1, "array_name": "Output", "phase": [1, 0]}, {"lower_bound": [{"symbol": "coeff_1_HH_min", "numer": "3", "denom": "16"}, {"symbol": "coeff_1_HL_min", "numer": "3", "denom": "8"}, {"symbol": null, "numer": "-19", "denom": "8"}, {"symbol": "coeff_1_LH_min", "numer": "1", "denom": "4"}, {"symbol": "coeff_0_LL_min", "numer": "1", "denom": "2"}, {"symbol": "coeff_1_HH_max", "numer": "-1", "denom": "16"}, {"symbol": "coeff_1_HL_max", "numer": "-1", "denom": "8"}], "upper_bound": [{"symbol": "coeff_1_HH_max", "numer": "3", "denom": "16"}, {"symbol": "coeff_1_HL_max", "numer": "3", "denom": "8"}, {"symbol": null, "numer": "13", "denom": "8"}, {"symbol": "coeff_1_LH_max", "numer": "1", "denom": "4"}, {"symbol": "coeff_0_LL_max", "numer": "1", "denom": "2"}, {"symbol": "coeff_1_HH_min", "numer": "-1", "denom": "16"}, {"symbol": "coeff_1_HL_min", "numer": "-1", "denom": "8"}], "level": 1, "array_name": "Output", "phase": [1, 1]}], "analysis_test_patterns": [{"target": [0, 0], "pattern": {"dx": 0, "dy": 0, "width": 1, "height": 1, "positive": "gA==", "mask": "gA=="}, "pattern_translation_multiple": [1, 1], "target_translation_multiple": [1, 1], "level": 1, "array_name": "Input", "phase": [0, 0]}, {"target": [0, 0], "pattern": {"dx": 0, "dy": 0, "width": 1, "height": 1, "positive": "gA==", "mask": "gA=="}, "pattern_translation_multiple": [1, 1], "target_translation_multiple": [1, 1], "level": 1, "array_name": "DC", "phase": [0, 0]}, {"target": [0, 0], "pattern": {"dx": 0, "dy": 0, "width": 1, "height": 1, "positive": "gA==", "mask": "gA=="}, "pattern_translation_multiple": [2, 1], "target_translation_multiple": [2, 1], "level": 1, "array_name": "DC'", "phase": [0, 0]}, {"target": [1, 0], "pattern": {"dx": 0, "dy": 0, "width": 3, "height": 1, "positive": "QA==", "mask": "4A=="}, "pattern_translation_multiple": [2, 1], "target_translation_multiple": [2, 1], "level": 1, "array_name": "DC'", "phase": [1, 0]}, {"target": [2, 0], "pattern": {"dx": 0, "dy": 0, "width": 5, "height": 1, "positive": "cA==", "mask": "+A=="}, "pattern_translation_multiple": [2, 1], "target_translation_multiple": [2, 1], "level": 1, "array_name": "DC''", "phase": [0, 0]}, {"target": [1, 0], "pattern": {"dx": 0, "dy": 0, "width": 3, "height": 1, "positive": "QA==", "mask": "4A=="}, "pattern_translation_multiple": [2, 1], "target_translation_multiple": [2, 1], "level": 1, "array_name": "DC''", "phase": [1, 0]}, {"target": [1, 0], "pattern": {"dx": 0, "dy": 0, "width": 5, "height": 1, "positive": "cA==", "mask": "+A=="}, "pattern_translation_multiple": [2, 2], "target_translation_multiple": [1, 2], "level": 1, "array_name": "L'", "phase": [0, 0]}, {"target": [1, 1], "pattern": {"dx": 0, "dy": 0, "width": 5, "height": 2, "positive": "i4A=", "mask": "/8A="}, "pattern_translation_multiple": [2, 2], "target_translation_multiple": [1, 2], "level": 1, "array_name": "L'", "phase": [0, 1]}, {"target": [0, 0], "pattern": {"dx": 0, "dy": 0, "width": 3, "height": 1, "positive": "QA==", "mask": "4A=="}, "pattern_translation_multiple": [2, 2], "target_translation_multiple": [1, 2], "level": 1, "array_name": "H'", "phase": [0, 0]}, {"target": [0, 1], "pattern": {"dx": 0, "dy": 0, "width": 3, "height": 2, "positive": "qA==", "mask": "/A=="}, "pattern_translation_multiple": [2, 2], "target_translation_multiple": [1, 2], "level": 1, "array_name": "H'", "phase": [0, 1]}, {"target": [1, 0], "pattern": {"dx": 0, "dy": 0, "width": 5, "height": 2, "positive": "c4A=", "mask": "/8A="}, "pattern_translation_multiple": [2, 2], "target_translation_multiple": [1, 2], "level": 1, "array_name": "L''", "phase": [0, 0]}, {"target": [1, 1], "pattern": {"dx": 0, "dy": 0, "width": 5, "height": 2, "positive": "i4A=", "mask": "/8A="}, "pattern_translation_multiple": [2, 2], "target_translation_multiple": [1, 2], "level": 1, "array_name": "L''", "phase": [0, 1]}, {"target": [0, 0], "pattern": {"dx": 0, "dy": 0, "width": 3, "height": 2, "positive": "SA==", "mask": "/A=="}, "pattern_translation_multiple": [2, 2], "target_translation_multiple": [1, 2], "level": 1, "array_name": "H''", "phase": [0, 0]}, {"target": [0, 1], "pattern": {"dx": 0, "dy": 0, "width": 3, "height": 2, "positive": "qA==", "mask": "/A=="}, "pattern_translation_multiple": [2, 2], "target_translation_multiple": [1, 2], "level": 1, "array_name": "H''", "phase": [0, 1]}], "synthesis_test_patterns": [{"target": [1, 0], "pattern": {"dx": 0, "dy": 0, "width": 5, "height": 2, "positive": "c4A=", "mask": "/8A="}, "pattern_translation_multiple": [2, 2], "target_translation_multiple": [1, 1], "level": 1, "array_name": "LL", "phase": [0, 0]}, {"target": [1, 0], "pattern": {"dx": 0, "dy": 0, "width": 5, "height": 2, "positive": "i4A=", "mask": "/8A="}, "pattern_translation_multiple": [2, 2], "target_translation_multiple": [1, 1], "level": 1, "array_name": "LH", "phase": [0, 0]}, {"target": [0, 0], "pattern": {"dx": 0, "dy": 0, "width": 3, "height": 2, "positive": "SA==", "mask": "/A=="}, "pattern_translation_multiple": [2, 2], "target_translation_multiple": [1, 1], "level": 1, "array_name": "HL", "phase": [0, 0]}, {"target": [0, 0], "pattern": {"dx": 0, "dy": 0, "width": 3, "height": 2, "positive": "qA==", "mask": "/A=="}, "pattern_translation_multiple": [2, 2], "target_translation_multiple": [1, 1], "level": 1, "array_name": "HH", "phase": [0, 0]}, {"target": [1, 0], "pattern": {"dx": 0, "dy": 0, "width": 5, "height": 2, "positive": "c4A=", "mask": "/8A="}, "pattern_translation_multiple": [2, 2], "target_translation_multiple": [1, 2], "level": 1, "array_name": "L'", "phase": [0, 0]}, {"target": [1, 1], "pattern": {"dx": 0, "dy": 0, "width": 5, "height": 2, "positive": "i4A=", "mask": "/8A="}, "pattern_translation_multiple": [2, 2], "target_translation_multiple": [1, 2], "level": 1, "array_name": "L'", "phase": [0, 1]}, {"target": [0, 0], "pattern": {"dx": 0, "dy": 0, "width": 3, "height": 2, "positive": "SA==", "mask": "/A=="}, "pattern_translation_multiple": [2, 2], "target_translation_multiple": [1, 2], "level": 1, "array_name": "H'", "phase": [0, 0]}, {"target": [0, 1], "pattern": {"dx": 0, "dy": 0, "width": 3, "height": 2, "positive": "qA==", "mask": "/A=="}, "pattern_translation_multiple": [2, 2], "target_translation_multiple": [1, 2], "level": 1, "array_name": "H'", "phase": [0, 1]}, {"target": [1, 0], "pattern": {"dx": 0, "dy": 0, "width": 5, "height": 2, "positive": "c4A=", "mask": "/8A="}, "pattern_translation_multiple": [2, 2], "target_translation_multiple": [1, 2], "level": 1, "array_name": "L", "phase": [0, 0]}, {"target": [1, 1], "pattern": {"dx": 0, "dy": 0, "width": 5, "height": 2, "positive": "c4A=", "mask": "/8A="}, "pattern_translation_multiple": [2, 2], "target_translation_multiple": [1, 2], "level": 1, "array_name": "L", "phase": [0, 1]}, {"target": [0, 0], "pattern": {"dx": 0, "dy": 0, "width": 3, "height": 2, "positive": "SA==", "mask": "/A=="}, "pattern_translation_multiple": [2, 2], "target_translation_multiple": [1, 2], "level": 1, "array_name": "H", "phase": [0, 0]}, {"target": [0, 1], "pattern": {"dx": 0, "dy": 0, "width": 3, "height": 2, "positive": "SA==", "mask": "/A=="}, "pattern_translation_multiple": [2, 2], "target_translation_multiple": [1, 2], "level": 1, "array_name": "H", "phase": [0, 1]}, {"target": [2, 0], "pattern": {"dx": 0, "dy": 0, "width": 5, "height": 2, "positive": "c4A=", "mask": "/8A="}, "pattern_translation_multiple": [2, 2], "target_translation_multiple": [2, 2], "level": 1, "array_name": "DC'", "phase": [0, 0]}, {"target": [2, 1], "pattern": {"dx": 0, "dy": 0, "width": 5, "height": 2, "positive": "c4A=", "mask": "/8A="}, "pattern_translation_multiple": [2, 2], "target_translation_multiple": [2, 2], "level": 1, "array_name": "DC'", "phase": [0, 1]}, {"target": [1, 0], "pattern": {"dx": 0, "dy": 0, "width": 3, "height": 2, "positive": "SA==", "mask": "/A=="}, "pattern_translation_multiple": [2, 2], "target_translation_multiple": [2, 2], "level": 1, "array_name": "DC'", "phase": [1, 0]}, {"target": [1, 1], "pattern": {"dx": 0, "dy": 0, "width": 3, "height": 2, "positive": "SA==", "mask": "/A=="}, "pattern_translation_multiple": [2, 2], "target_translation_multiple": [2, 2], "level": 1, "array_name": "DC'", "phase": [1, 1]}, {"target": [2, 0], "pattern": {"dx": 0, "dy": 0, "width": 5, "height": 2, "positive": "c4A=", "mask": "/8A="}, "pattern_translation_multiple": [2, 2], "target_translation_multiple": [2, 2], "level": 1, "array_name": "DC", "phase": [0, 0]}, {"target": [2, 1], "pattern": {"dx": 0, "dy": 0, "width": 5, "height": 2, "positive": "c4A=", "mask": "/8A="}, "pattern_translation_multiple": [2, 2], "target_translation_multiple": [2, 2], "level": 1, "array_name": "DC", "phase": [0, 1]}, {"target": [3, 0], "pattern": {"dx": 0, "dy": 0, "width": 7, "height": 2, "positive": "VKg=", "mask": "//w="}, "pattern_translation_multiple": [2, 2], "target_translation_multiple": [2, 2], "level": 1, "array_name": "DC", "phase": [1, 0]}, {"target": [3, 1], "pattern": {"dx": 0, "dy": 0, "width": 7, "height": 2, "positive": "VKg=", "mask": "//w="}, "pattern_translation_multiple": [2, 2], "target_translation_multiple": [2, 2], "level": 1, "array_name": "DC", "phase": [1, 1]}, {"target": [2, 0], "pattern": {"dx": 0, "dy": 0, "width": 5, "height": 2, "positive": "c4A=", "mask": "/8A="}, "pattern_translation_multiple": [2, 2], "target_translation_multiple": [2, 2], "level": 1, "array_name": "Output", "phase": [0, 0]}, {"target": [2, 1], "pattern": {"dx": 0, "dy": 0, "width": 5, "height": 2, "positive": "c4A=", "mask": "/8A="}, "pattern_translation_multiple": [2, 2], "target_translation_multiple": [2, 2], "level": 1, "array_name": "Output", "phase": [0, 1]}, {"target": [3, 0], "pattern": {"dx": 0, "dy": 0, "width": 7, "height": 2, "positive": "VKg=", "mask": "//w="}, "pattern_translation_multiple": [2, 2], "target_translation_multiple": [2, 2], "level": 1, "array_name": "Output", "phase": [1, 0]}, {"target": [3, 1], "pattern": {"dx": 0, "dy": 0, "width": 7, "height": 2, "positive": "VKg=", "mask": "//w="}, "pattern_translation_multiple": [2, 2], "target_translation_multiple": [2, 2], "level": 1, "array_name": "Output", "phase": [1, 1]}]}