{"wavelet_index": 6, "wavelet_index_ho": 6, "dwt_depth": 0, "dwt_depth_ho": 1, "analysis_signal_bounds": [{"lower_bound": [{"symbol": "signal_min", "numer": "1", "denom": "1"}], "upper_bound": [{"symbol": "signal_max", "numer": "1", "denom": "1"}], "level": 1, "array_name": "Input", "phase": [0, 0]}, {"lower_bound": [{"symbol": "signal_min", "numer": "2", "denom": "1"}], "upper_bound": [{"symbol": "signal_max", "numer": "2", "denom": "1"}], "level": 1, "array_name": "DC", "phase": [0, 0]}, {"lower_bound": [{"symbol": "signal_min", "numer": "2", "denom": "1"}], "upper_bound": [{"symbol": "signal_max", "numer": "2", "denom": "1"}], "level": 1, "array_name": "DC'", "phase": [0, 0]}, {"lower_bound": [{"symbol": "signal_min", "numer": "2", "denom": "1"}, {"symbol": "signal_max", "numer": "-6497", "denom": "1024"}, {"symbol": null, "numer": "-1", "denom": "2"}], "upper_bound": [{"symbol": "signal_max", "numer": "2", "denom": "1"}, {"symbol": "signal_min", "numer": "-6497", "denom": "1024"}, {"symbol": null, "numer": "1", "denom": "2"}], "level": 1, "array_name": "DC'", "phase": [1, 0]}, {"lower_bound": [{"symbol": "signal_min", "numer": "5604153", "denom": "2097152"}, {"symbol": "signal_max", "numer": "-217", "denom": "1024"}, {"symbol": null, "numer": "-2265", "denom": "4096"}], "upper_bound": [{"symbol": "signal_max", "numer": "5604153", "denom": "2097152"}, {"symbol": "signal_min", "numer": "-217", "denom": "1024"}, {"symbol": null, "numer": "2265", "denom": "4096"}], "level": 1, "array_name": "DC''", "phase": [0, 0]}, {"lower_bound": [{"symbol": "signal_min", "numer": "2", "denom": "1"}, {"symbol": "signal_max", "numer": "-6497", "denom": "1024"}, {"symbol": null, "numer": "-1", "denom": "2"}], "upper_bound": [{"symbol": "signal_max", "numer": "2", "denom": "1"}, {"symbol": "signal_min", "numer": "-6497", "denom": "1024"}, {"symbol": null, "numer": "1", "denom": "2"}], "level": 1, "array_name": "DC''", "phase": [1, 0]}, {"lower_bound": [{"symbol": "signal_min", "numer": "5604153", "denom": "2097152"}, {"symbol": "signal_max", "numer": "-217", "denom": "1024"}, {"symbol": null, "numer": "-2265", "denom": "4096"}], "upper_bound": [{"symbol": "signal_max", "numer": "5604153", "denom": "2097152"}, {"symbol": "signal_min", "numer": "-217", "denom": "1024"}, {"symbol": null, "numer": "2265", "denom": "4096"}], "level": 1, "array_name": "DC'''", "phase": [0, 0]}, {"lower_bound": [{"symbol": "signal_min", "numer": "1132616745", "denom": "536870912"}, {"symbol": "signal_max", "numer": "-1132972933", "denom": "536870912"}, {"symbol": null, "numer": "-241", "denom": "128"}], "upper_bound": [{"symbol": "signal_max", "numer": "1132616745", "denom": "536870912"}, {"symbol": "signal_min", "numer": "-1132972933", "denom": "536870912"}, {"symbol": null, "numer": "241", "denom": "128"}], "level": 1, "array_name": "DC'''", "phase": [1, 0]}, {"lower_bound": [{"symbol": "signal_min", "numer": "1609763824385", "denom": "549755813888"}, {"symbol": "signal_max", "numer": "-257493325055", "denom": "549755813888"}, {"symbol": null, "numer": "-2765928031", "denom": "1073741824"}], "upper_bound": [{"symbol": "signal_max", "numer": "1609763824385", "denom": "549755813888"}, {"symbol": "signal_min", "numer": "-257493325055", "denom": "549755813888"}, {"symbol": null, "numer": "2765928031", "denom": "1073741824"}], "level": 1, "array_name": "DC''''", "phase": [0, 0]}, {"lower_bound": [{"symbol": "signal_min", "numer": "1132616745", "denom": "536870912"}, {"symbol": "signal_max", "numer": "-1132972933", "denom": "536870912"}, {"symbol": null, "numer": "-241", "denom": "128"}], "upper_bound": [{"symbol": "signal_max", "numer": "1132616745", "denom": "536870912"}, {"symbol": "signal_min", "numer": "-1132972933", "denom": "536870912"}, {"symbol": null, "numer": "241", "denom": "128"}], "level": 1, "array_name": "DC''''", "phase": [1, 0]}], "synthesis_signal_bounds": [{"lower_bound": [{"symbol": "coeff_0_L_min", "numer": "1", "denom": "1"}], "upper_bound": [{"symbol": "coeff_0_L_max", "numer": "1", "denom": "1"}], "level": 1, "array_name": "L", "phase": [0, 0]}, {"lower_bound": [{"symbol": "coeff_1_H_min", "numer": "1", "denom": "1"}], "upper_bound": [{"symbol": "coeff_1_H_max", "numer": "1", "denom": "1"}], "level": 1, "array_name": "H", "phase": [0, 0]}, {"lower_bound": [{"symbol": "coeff_0_L_min", "numer": "1", "denom": "1"}, {"symbol": "coeff_1_H_max", "numer": "-1817", "denom": "2048"}, {"symbol": null, "numer": "-1", "denom": "2"}], "upper_bound": [{"symbol": "coeff_0_L_max", "numer": "1", "denom": "1"}, {"symbol": "coeff_1_H_min", "numer": "-1817", "denom": "2048"}, {"symbol": null, "numer": "1", "denom": "2"}], "level": 1, "array_name": "DC'''", "phase": [0, 0]}, {"lower_bound": [{"symbol": "coeff_1_H_min", "numer": "1", "denom": "1"}], "upper_bound": [{"symbol": "coeff_1_H_max", "numer": "1", "denom": "1"}], "level": 1, "array_name": "DC'''", "phase": [1, 0]}, {"lower_bound": [{"symbol": "coeff_0_L_min", "numer": "1", "denom": "1"}, {"symbol": "coeff_1_H_max", "numer": "-1817", "denom": "2048"}, {"symbol": null, "numer": "-1", "denom": "2"}], "upper_bound": [{"symbol": "coeff_0_L_max", "numer": "1", "denom": "1"}, {"symbol": "coeff_1_H_min", "numer": "-1817", "denom": "2048"}, {"symbol": null, "numer": "1", "denom": "2"}], "level": 1, "array_name": "DC''", "phase": [0, 0]}, {"lower_bound": [{"symbol": "coeff_1_H_min", "numer": "336393", "denom": "131072"}, {"symbol": "coeff_0_L_max", "numer": "-113", "denom": "64"}, {"symbol": null, "numer": "-177", "denom": "128"}], "upper_bound": [{"symbol": "coeff_1_H_max", "numer": "336393", "denom": "131072"}, {"symbol": "coeff_0_L_min", "numer": "-113", "denom": "64"}, {"symbol": null, "numer": "177", "denom": "128"}], "level": 1, "array_name": "DC''", "phase": [1, 0]}, {"lower_bound": [{"symbol": "coeff_0_L_min", "numer": "237623", "denom": "262144"}, {"symbol": "coeff_1_H_max", "numer": "-705196829", "denom": "1073741824"}, {"symbol": null, "numer": "-4313", "denom": "4096"}, {"symbol": "coeff_0_L_max", "numer": "-24521", "denom": "262144"}, {"symbol": "coeff_1_H_min", "numer": "44554657", "denom": "1073741824"}], "upper_bound": [{"symbol": "coeff_0_L_max", "numer": "237623", "denom": "262144"}, {"symbol": "coeff_1_H_min", "numer": "-705196829", "denom": "1073741824"}, {"symbol": null, "numer": "4313", "denom": "4096"}, {"symbol": "coeff_0_L_min", "numer": "-24521", "denom": "262144"}, {"symbol": "coeff_1_H_max", "numer": "44554657", "denom": "1073741824"}], "level": 1, "array_name": "DC'", "phase": [0, 0]}, {"lower_bound": [{"symbol": "coeff_1_H_min", "numer": "336393", "denom": "131072"}, {"symbol": "coeff_0_L_max", "numer": "-113", "denom": "64"}, {"symbol": null, "numer": "-177", "denom": "128"}], "upper_bound": [{"symbol": "coeff_1_H_max", "numer": "336393", "denom": "131072"}, {"symbol": "coeff_0_L_min", "numer": "-113", "denom": "64"}, {"symbol": null, "numer": "177", "denom": "128"}], "level": 1, "array_name": "DC'", "phase": [1, 0]}, {"lower_bound": [{"symbol": "coeff_0_L_min", "numer": "237623", "denom": "262144"}, {"symbol": "coeff_1_H_max", "numer": "-705196829", "denom": "1073741824"}, {"symbol": null, "numer": "-4313", "denom": "4096"}, {"symbol": "coeff_0_L_max", "numer": "-24521", "denom": "262144"}, {"symbol": "coeff_1_H_min", "numer": "44554657", "denom": "1073741824"}], "upper_bound": [{"symbol": "coeff_0_L_max", "numer": "237623", "denom": "262144"}, {"symbol": "coeff_1_H_min", "numer": "-705196829", "denom": "1073741824"}, {"symbol": null, "numer": "4313", "denom": "4096"}, {"symbol": "coeff_0_L_min", "numer": "-24521", "denom": "262144"}, {"symbol": "coeff_1_H_max", "numer": "44554657", "denom": "1073741824"}], "level": 1, "array_name": "DC", "phase": [0, 0]}, {"lower_bound": [{"symbol": "coeff_1_H_min", "numer": "887642271489", "denom": "1099511627776"}, {"symbol": "coeff_0_L_min", "numer": "1032534917", "denom": "1073741824"}, {"symbol": "coeff_1_H_max", "numer": "-211869356287", "denom": "1099511627776"}, {"symbol": null, "numer": "-3553275991", "denom": "1073741824"}, {"symbol": "coeff_0_L_max", "numer": "-159312937", "denom": "1073741824"}], "upper_bound": [{"symbol": "coeff_1_H_max", "numer": "887642271489", "denom": "1099511627776"}, {"symbol": "coeff_0_L_max", "numer": "1032534917", "denom": "1073741824"}, {"symbol": "coeff_1_H_min", "numer": "-211869356287", "denom": "1099511627776"}, {"symbol": null, "numer": "3553275991", "denom": "1073741824"}, {"symbol": "coeff_0_L_min", "numer": "-159312937", "denom": "1073741824"}], "level": 1, "array_name": "DC", "phase": [1, 0]}, {"lower_bound": [{"symbol": "coeff_0_L_min", "numer": "237623", "denom": "524288"}, {"symbol": "coeff_1_H_max", "numer": "-705196829", "denom": "2147483648"}, {"symbol": null, "numer": "-8409", "denom": "8192"}, {"symbol": "coeff_0_L_max", "numer": "-24521", "denom": "524288"}, {"symbol": "coeff_1_H_min", "numer": "44554657", "denom": "2147483648"}], "upper_bound": [{"symbol": "coeff_0_L_max", "numer": "237623", "denom": "524288"}, {"symbol": "coeff_1_H_min", "numer": "-705196829", "denom": "2147483648"}, {"symbol": null, "numer": "8409", "denom": "8192"}, {"symbol": "coeff_0_L_min", "numer": "-24521", "denom": "524288"}, {"symbol": "coeff_1_H_max", "numer": "44554657", "denom": "2147483648"}], "level": 1, "array_name": "Output", "phase": [0, 0]}, {"lower_bound": [{"symbol": "coeff_1_H_min", "numer": "887642271489", "denom": "2199023255552"}, {"symbol": "coeff_0_L_min", "numer": "1032534917", "denom": "2147483648"}, {"symbol": "coeff_1_H_max", "numer": "-211869356287", "denom": "2199023255552"}, {"symbol": null, "numer": "-4627017815", "denom": "2147483648"}, {"symbol": "coeff_0_L_max", "numer": "-159312937", "denom": "2147483648"}], "upper_bound": [{"symbol": "coeff_1_H_max", "numer": "887642271489", "denom": "2199023255552"}, {"symbol": "coeff_0_L_max", "numer": "1032534917", "denom": "2147483648"}, {"symbol": "coeff_1_H_min", "numer": "-211869356287", "denom": "2199023255552"}, {"symbol": null, "numer": "4627017815", "denom": "2147483648"}, {"symbol": "coeff_0_L_min", "numer": "-159312937", "denom": "2147483648"}], "level": 1, "array_name": "Output", "phase": [1, 0]}], "analysis_test_patterns": [{"target": [0, 0], "pattern": {"dx": 0, "dy": 0, "width": 1, "height": 1, "positive": "gA==", "mask": "gA=="}, "pattern_translation_multiple": [1, 1], "target_translation_multiple": [1, 1], "level": 1, "array_name": "Input", "phase": [0, 0]}, {"target": [0, 0], "pattern": {"dx": 0, "dy": 0, "width": 1, "height": 1, "positive": "gA==", "mask": "gA=="}, "pattern_translation_multiple": [1, 1], "target_translation_multiple": [1, 1], "level": 1, "array_name": "DC", "phase": [0, 0]}, {"target": [0, 0], "pattern": {"dx": 0, "dy": 0, "width": 1, "height": 1, "positive": "gA==", "mask": "gA=="}, "pattern_translation_multiple": [2, 1], "target_translation_multiple": [2, 1], "level": 1, "array_name": "DC'", "phase": [0, 0]}, {"target": [1, 0], "pattern": {"dx": 0, "dy": 0, "width": 3, "height": 1, "positive": "QA==", "mask": "4A=="}, "pattern_translation_multiple": [2, 1], "target_translation_multiple": [2, 1], "level": 1, "array_name": "DC'", "phase": [1, 0]}, {"target": [2, 0], "pattern": {"dx": 0, "dy": 0, "width": 5, "height": 1, "positive": "qA==", "mask": "+A=="}, "pattern_translation_multiple": [2, 1], "target_translation_multiple": [2, 1], "level": 1, "array_name": "DC''", "phase": [0, 0]}, {"target": [1, 0], "pattern": {"dx": 0, "dy": 0, "width": 3, "height": 1, "positive": "QA==", "mask": "4A=="}, "pattern_translation_multiple": [2, 1], "target_translation_multiple": [2, 1], "level": 1, "array_name": "DC''", "phase": [1, 0]}, {"target": [2, 0], "pattern": {"dx": 0, "dy": 0, "width": 5, "height": 1, "positive": "qA==", "mask": "+A=="}, "pattern_translation_multiple": [2, 1], "target_translation_multiple": [2, 1], "level": 1, "array_name": "DC'''", "phase": [0, 0]}, {"target": [3, 0], "pattern": {"dx": 0, "dy": 0, "width": 7, "height": 1, "positive": "kg==", "mask": "/g=="}, "pattern_translation_multiple": [2, 1], "target_translation_multiple": [2, 1], "level": 1, "array_name": "DC'''", "phase": [1, 0]}, {"target": [4, 0], "pattern": {"dx": 0, "dy": 0, "width": 9, "height": 1, "positive": "nIA=", "mask": "/4A="}, "pattern_translation_multiple": [2, 1], "target_translation_multiple": [2, 1], "level": 1, "array_name": "DC''''", "phase": [0, 0]}, {"target": [3, 0], "pattern": {"dx": 0, "dy": 0, "width": 7, "height": 1, "positive": "kg==", "mask": "/g=="}, "pattern_translation_multiple": [2, 1], "target_translation_multiple": [2, 1], "level": 1, "array_name": "DC''''", "phase": [1, 0]}], "synthesis_test_patterns": [{"target": [2, 0], "pattern": {"dx": 0, "dy": 0, "width": 9, "height": 1, "positive": "nIA=", "mask": "/4A="}, "pattern_translation_multiple": [2, 1], "target_translation_multiple": [1, 1], "level": 1, "array_name": "L", "phase": [0, 0]}, {"target": [1, 0], "pattern": {"dx": 0, "dy": 0, "width": 7, "height": 1, "positive": "kg==", "mask": "/g=="}, "pattern_translation_multiple": [2, 1], "target_translation_multiple": [1, 1], "level": 1, "array_name": "H", "phase": [0, 0]}, {"target": [4, 0], "pattern": {"dx": 0, "dy": 0, "width": 9, "height": 1, "positive": "qoA=", "mask": "/4A="}, "pattern_translation_multiple": [2, 1], "target_translation_multiple": [2, 1], "level": 1, "array_name": "DC'''", "phase": [0, 0]}, {"target": [3, 0], "pattern": {"dx": 0, "dy": 0, "width": 7, "height": 1, "positive": "kg==", "mask": "/g=="}, "pattern_translation_multiple": [2, 1], "target_translation_multiple": [2, 1], "level": 1, "array_name": "DC'''", "phase": [1, 0]}, {"target": [4, 0], "pattern": {"dx": 0, "dy": 0, "width": 9, "height": 1, "positive": "qoA=", "mask": "/4A="}, "pattern_translation_multiple": [2, 1], "target_translation_multiple": [2, 1], "level": 1, "array_name": "DC''", "phase": [0, 0]}, {"target": [5, 0], "pattern": {"dx": 0, "dy": 0, "width": 11, "height": 1, "positive": "ZMA=", "mask": "/+A="}, "pattern_translation_multiple": [2, 1], "target_translation_multiple": [2, 1], "level": 1, "array_name": "DC''", "phase": [1, 0]}, {"target": [6, 0], "pattern": {"dx": 0, "dy": 0, "width": 13, "height": 1, "positive": "ZzA=", "mask": "//g="}, "pattern_translation_multiple": [2, 1], "target_translation_multiple": [2, 1], "level": 1, "array_name": "DC'", "phase": [0, 0]}, {"target": [5, 0], "pattern": {"dx": 0, "dy": 0, "width": 11, "height": 1, "positive": "ZMA=", "mask": "/+A="}, "pattern_translation_multiple": [2, 1], "target_translation_multiple": [2, 1], "level": 1, "array_name": "DC'", "phase": [1, 0]}, {"target": [6, 0], "pattern": {"dx": 0, "dy": 0, "width": 13, "height": 1, "positive": "ZzA=", "mask": "//g="}, "pattern_translation_multiple": [2, 1], "target_translation_multiple": [2, 1], "level": 1, "array_name": "DC", "phase": [0, 0]}, {"target": [7, 0], "pattern": {"dx": 0, "dy": 0, "width": 15, "height": 1, "positive": "aSw=", "mask": "//4="}, "pattern_translation_multiple": [2, 1], "target_translation_multiple": [2, 1], "level": 1, "array_name": "DC", "phase": [1, 0]}, {"target": [6, 0], "pattern": {"dx": 0, "dy": 0, "width": 13, "height": 1, "positive": "ZzA=", "mask": "//g="}, "pattern_translation_multiple": [2, 1], "target_translation_multiple": [2, 1], "level": 1, "array_name": "Output", "phase": [0, 0]}, {"target": [7, 0], "pattern": {"dx": 0, "dy": 0, "width": 15, "height": 1, "positive": "aSw=", "mask": "//4="}, "pattern_translation_multiple": [2, 1], "target_translation_multiple": [2, 1], "level": 1, "array_name": "Output", "phase": [1, 0]}]}