{"wavelet_index": 6, "wavelet_index_ho": 6, "dwt_depth": 0, "dwt_depth_ho": 2, "analysis_signal_bounds": [{"lower_bound": [{"symbol": "signal_min", "numer": "1", "denom": "1"}], "upper_bound": [{"symbol": "signal_max", "numer": "1", "denom": "1"}], "level": 2, "array_name": "Input", "phase": [0, 0]}, {"lower_bound": [{"symbol": "signal_min", "numer": "2", "denom": "1"}], "upper_bound": [{"symbol": "signal_max", "numer": "2", "denom": "1"}], "level": 2, "array_name": "DC", "phase": [0, 0]}, {"lower_bound": [{"symbol": "signal_min", "numer": "2", "denom": "1"}], "upper_bound": [{"symbol": "signal_max", "numer": "2", "denom": "1"}], "level": 2, "array_name": "DC'", "phase": [0, 0]}, {"lower_bound": [{"symbol": "signal_min", "numer": "2", "denom": "1"}, {"symbol": "signal_max", "numer": "-6497", "denom": "1024"}, {"symbol": null, "numer": "-1", "denom": "2"}], "upper_bound": [{"symbol": "signal_max", "numer": "2", "denom": "1"}, {"symbol": "signal_min", "numer": "-6497", "denom": "1024"}, {"symbol": null, "numer": "1", "denom": "2"}], "level": 2, "array_name": "DC'", "phase": [1, 0]}, {"lower_bound": [{"symbol": "signal_min", "numer": "5604153", "denom": "2097152"}, {"symbol": "signal_max", "numer": "-217", "denom": "1024"}, {"symbol": null, "numer": "-2265", "denom": "4096"}], "upper_bound": [{"symbol": "signal_max", "numer": "5604153", "denom": "2097152"}, {"symbol": "signal_min", "numer": "-217", "denom": "1024"}, {"symbol": null, "numer": "2265", "denom": "4096"}], "level": 2, "array_name": "DC''", "phase": [0, 0]}, {"lower_bound": [{"symbol": "signal_min", "numer": "2", "denom": "1"}, {"symbol": "signal_max", "numer": "-6497", "denom": "1024"}, {"symbol": null, "numer": "-1", "denom": "2"}], "upper_bound": [{"symbol": "signal_max", "numer": "2", "denom": "1"}, {"symbol": "signal_min", "numer": "-6497", "denom": "1024"}, {"symbol": null, "numer": "1", "denom": "2"}], "level": 2, "array_name": "DC''", "phase": [1, 0]}, {"lower_bound": [{"symbol": "signal_min", "numer": "5604153", "denom": "2097152"}, {"symbol": "signal_max", "numer": "-217", "denom": "1024"}, {"symbol": null, "numer": "-2265", "denom": "4096"}], "upper_bound": [{"symbol": "signal_max", "numer": "5604153", "denom": "2097152"}, {"symbol": "signal_min", "numer": "-217", "denom": "1024"}, {"symbol": null, "numer": "2265", "denom": "4096"}], "level": 2, "array_name": "DC'''", "phase": [0, 0]}, {"lower_bound": [{"symbol": "signal_min", "numer": "1132616745", "denom": "536870912"}, {"symbol": "signal_max", "numer": "-1132972933", "denom": "536870912"}, {"symbol": null, "numer": "-241", "denom": "128"}], "upper_bound": [{"symbol": "signal_max", "numer": "1132616745", "denom": "536870912"}, {"symbol": "signal_min", "numer": "-1132972933", "denom": "536870912"}, {"symbol": null, "numer": "241", "denom": "128"}], "level": 2, "array_name": "DC'''", "phase": [1, 0]}, {"lower_bound": [{"symbol": "signal_min", "numer": "1609763824385", "denom": "549755813888"}, {"symbol": "signal_max", "numer": "-257493325055", "denom": "549755813888"}, {"symbol": null, "numer": "-2765928031", "denom": "1073741824"}], "upper_bound": [{"symbol": "signal_max", "numer": "1609763824385", "denom": "549755813888"}, {"symbol": "signal_min", "numer": "-257493325055", "denom": "549755813888"}, {"symbol": null, "numer": "2765928031", "denom": "1073741824"}], "level": 2, "array_name": "DC''''", "phase": [0, 0]}, {"lower_bound": [{"symbol": "signal_min", "numer": "1132616745", "denom": "536870912"}, {"symbol": "signal_max", "numer": "-1132972933", "denom": "536870912"}, {"symbol": null, "numer": "-241", "denom": "128"}], "upper_bound": [{"symbol": "signal_max", "numer": "1132616745", "denom": "536870912"}, {"symbol": "signal_min", "numer": "-1132972933", "denom": "536870912"}, {"symbol": null, "numer": "241", "denom": "128"}], "level": 2, "array_name": "DC''''", "phase": [1, 0]}, {"lower_bound": [{"symbol": "signal_min", "numer": "1609763824385", "denom": "274877906944"}, {"symbol": "signal_max", "numer": "-257493325055", "denom": "274877906944"}, {"symbol": null, "numer": "-2765928031", "denom": "536870912"}], "upper_bound": [{"symbol": "signal_max", "numer": "1609763824385", "denom": "274877906944"}, {"symbol": "signal_min", "numer": "-257493325055", "denom": "274877906944"}, {"symbol": null, "numer": "2765928031", "denom": "536870912"}], "level": 1, "array_name": "DC", "phase": [0, 0]}, {"lower_bound": [{"symbol": "signal_min", "numer": "1609763824385", "denom": "274877906944"}, {"symbol": "signal_max", "numer": "-257493325055", "denom": "274877906944"}, {"symbol": null, "numer": "-2765928031", "denom": "536870912"}], "upper_bound": [{"symbol": "signal_max", "numer": "1609763824385", "denom": "274877906944"}, {"symbol": "signal_min", "numer": "-257493325055", "denom": "274877906944"}, {"symbol": null, "numer": "2765928031", "denom": "536870912"}], "level": 1, "array_name": "DC'", "phase": [0, 0]}, {"lower_bound": [{"symbol": "signal_min", "numer": "3342616042348959", "denom": "562949953421312"}, {"symbol": "signal_max", "numer": "-9358867493868129", "denom": "562949953421312"}, {"symbol": null, "numer": "-32380627985149", "denom": "2199023255552"}], "upper_bound": [{"symbol": "signal_max", "numer": "3342616042348959", "denom": "562949953421312"}, {"symbol": "signal_min", "numer": "-9358867493868129", "denom": "562949953421312"}, {"symbol": null, "numer": "32380627985149", "denom": "2199023255552"}], "level": 1, "array_name": "DC'", "phase": [1, 0]}, {"lower_bound": [{"symbol": "signal_min", "numer": "8704734419247282233", "denom": "1152921504606846976"}, {"symbol": "signal_max", "numer": "-1727374289845806023", "denom": "1152921504606846976"}, {"symbol": null, "numer": "-31812176499052583", "denom": "4503599627370496"}], "upper_bound": [{"symbol": "signal_max", "numer": "8704734419247282233", "denom": "1152921504606846976"}, {"symbol": "signal_min", "numer": "-1727374289845806023", "denom": "1152921504606846976"}, {"symbol": null, "numer": "31812176499052583", "denom": "4503599627370496"}], "level": 1, "array_name": "DC''", "phase": [0, 0]}, {"lower_bound": [{"symbol": "signal_min", "numer": "3342616042348959", "denom": "562949953421312"}, {"symbol": "signal_max", "numer": "-9358867493868129", "denom": "562949953421312"}, {"symbol": null, "numer": "-32380627985149", "denom": "2199023255552"}], "upper_bound": [{"symbol": "signal_max", "numer": "3342616042348959", "denom": "562949953421312"}, {"symbol": "signal_min", "numer": "-9358867493868129", "denom": "562949953421312"}, {"symbol": null, "numer": "32380627985149", "denom": "2199023255552"}], "level": 1, "array_name": "DC''", "phase": [1, 0]}, {"lower_bound": [{"symbol": "signal_min", "numer": "8704734419247282233", "denom": "1152921504606846976"}, {"symbol": "signal_max", "numer": "-1727374289845806023", "denom": "1152921504606846976"}, {"symbol": null, "numer": "-31812176499052583", "denom": "4503599627370496"}], "upper_bound": [{"symbol": "signal_max", "numer": "8704734419247282233", "denom": "1152921504606846976"}, {"symbol": "signal_min", "numer": "-1727374289845806023", "denom": "1152921504606846976"}, {"symbol": null, "numer": "31812176499052583", "denom": "4503599627370496"}], "level": 1, "array_name": "DC'''", "phase": [0, 0]}, {"lower_bound": [{"symbol": "signal_min", "numer": "6198980646630361222155", "denom": "1180591620717411303424"}, {"symbol": "signal_max", "numer": "-6200907296728822638315", "denom": "1180591620717411303424"}, {"symbol": null, "numer": "-10101483990148197907", "denom": "1152921504606846976"}], "upper_bound": [{"symbol": "signal_max", "numer": "6198980646630361222155", "denom": "1180591620717411303424"}, {"symbol": "signal_min", "numer": "-6200907296728822638315", "denom": "1180591620717411303424"}, {"symbol": null, "numer": "10101483990148197907", "denom": "1152921504606846976"}], "level": 1, "array_name": "DC'''", "phase": [1, 0]}, {"lower_bound": [{"symbol": "signal_min", "numer": "68271234025529002255652445", "denom": "9671406556917033397649408"}, {"symbol": null, "numer": "-23908307309541089049175", "denom": "2361183241434822606848"}, {"symbol": "signal_max", "numer": "-9754897918066361281287645", "denom": "9671406556917033397649408"}], "upper_bound": [{"symbol": "signal_max", "numer": "68271234025529002255652445", "denom": "9671406556917033397649408"}, {"symbol": null, "numer": "23908307309541089049175", "denom": "2361183241434822606848"}, {"symbol": "signal_min", "numer": "-9754897918066361281287645", "denom": "9671406556917033397649408"}], "level": 1, "array_name": "DC''''", "phase": [0, 0]}, {"lower_bound": [{"symbol": "signal_min", "numer": "6198980646630361222155", "denom": "1180591620717411303424"}, {"symbol": "signal_max", "numer": "-6200907296728822638315", "denom": "1180591620717411303424"}, {"symbol": null, "numer": "-10101483990148197907", "denom": "1152921504606846976"}], "upper_bound": [{"symbol": "signal_max", "numer": "6198980646630361222155", "denom": "1180591620717411303424"}, {"symbol": "signal_min", "numer": "-6200907296728822638315", "denom": "1180591620717411303424"}, {"symbol": null, "numer": "10101483990148197907", "denom": "1152921504606846976"}], "level": 1, "array_name": "DC''''", "phase": [1, 0]}], "synthesis_signal_bounds": [{"lower_bound": [{"symbol": "coeff_0_L_min", "numer": "1", "denom": "1"}], "upper_bound": [{"symbol": "coeff_0_L_max", "numer": "1", "denom": "1"}], "level": 1, "array_name": "L", "phase": [0, 0]}, {"lower_bound": [{"symbol": "coeff_1_H_min", "numer": "1", "denom": "1"}], "upper_bound": [{"symbol": "coeff_1_H_max", "numer": "1", "denom": "1"}], "level": 1, "array_name": "H", "phase": [0, 0]}, {"lower_bound": [{"symbol": "coeff_0_L_min", "numer": "1", "denom": "1"}, {"symbol": "coeff_1_H_max", "numer": "-1817", "denom": "2048"}, {"symbol": null, "numer": "-1", "denom": "2"}], "upper_bound": [{"symbol": "coeff_0_L_max", "numer": "1", "denom": "1"}, {"symbol": "coeff_1_H_min", "numer": "-1817", "denom": "2048"}, {"symbol": null, "numer": "1", "denom": "2"}], "level": 1, "array_name": "DC'''", "phase": [0, 0]}, {"lower_bound": [{"symbol": "coeff_1_H_min", "numer": "1", "denom": "1"}], "upper_bound": [{"symbol": "coeff_1_H_max", "numer": "1", "denom": "1"}], "level": 1, "array_name": "DC'''", "phase": [1, 0]}, {"lower_bound": [{"symbol": "coeff_0_L_min", "numer": "1", "denom": "1"}, {"symbol": "coeff_1_H_max", "numer": "-1817", "denom": "2048"}, {"symbol": null, "numer": "-1", "denom": "2"}], "upper_bound": [{"symbol": "coeff_0_L_max", "numer": "1", "denom": "1"}, {"symbol": "coeff_1_H_min", "numer": "-1817", "denom": "2048"}, {"symbol": null, "numer": "1", "denom": "2"}], "level": 1, "array_name": "DC''", "phase": [0, 0]}, {"lower_bound": [{"symbol": "coeff_1_H_min", "numer": "336393", "denom": "131072"}, {"symbol": "coeff_0_L_max", "numer": "-113", "denom": "64"}, {"symbol": null, "numer": "-177", "denom": "128"}], "upper_bound": [{"symbol": "coeff_1_H_max", "numer": "336393", "denom": "131072"}, {"symbol": "coeff_0_L_min", "numer": "-113", "denom": "64"}, {"symbol": null, "numer": "177", "denom": "128"}], "level": 1, "array_name": "DC''", "phase": [1, 0]}, {"lower_bound": [{"symbol": "coeff_0_L_min", "numer": "237623", "denom": "262144"}, {"symbol": "coeff_1_H_max", "numer": "-705196829", "denom": "1073741824"}, {"symbol": null, "numer": "-4313", "denom": "4096"}, {"symbol": "coeff_0_L_max", "numer": "-24521", "denom": "262144"}, {"symbol": "coeff_1_H_min", "numer": "44554657", "denom": "1073741824"}], "upper_bound": [{"symbol": "coeff_0_L_max", "numer": "237623", "denom": "262144"}, {"symbol": "coeff_1_H_min", "numer": "-705196829", "denom": "1073741824"}, {"symbol": null, "numer": "4313", "denom": "4096"}, {"symbol": "coeff_0_L_min", "numer": "-24521", "denom": "262144"}, {"symbol": "coeff_1_H_max", "numer": "44554657", "denom": "1073741824"}], "level": 1, "array_name": "DC'", "phase": [0, 0]}, {"lower_bound": [{"symbol": "coeff_1_H_min", "numer": "336393", "denom": "131072"}, {"symbol": "coeff_0_L_max", "numer": "-113", "denom": "64"}, {"symbol": null, "numer": "-177", "denom": "128"}], "upper_bound": [{"symbol": "coeff_1_H_max", "numer": "336393", "denom": "131072"}, {"symbol": "coeff_0_L_min", "numer": "-113", "denom": "64"}, {"symbol": null, "numer": "177", "denom": "128"}], "level": 1, "array_name": "DC'", "phase": [1, 0]}, {"lower_bound": [{"symbol": "coeff_0_L_min", "numer": "237623", "denom": "262144"}, {"symbol": "coeff_1_H_max", "numer": "-705196829", "denom": "1073741824"}, {"symbol": null, "numer": "-4313", "denom": "4096"}, {"symbol": "coeff_0_L_max", "numer": "-24521", "denom": "262144"}, {"symbol": "coeff_1_H_min", "numer": "44554657", "denom": "1073741824"}], "upper_bound": [{"symbol": "coeff_0_L_max", "numer": "237623", "denom": "262144"}, {"symbol": "coeff_1_H_min", "numer": "-705196829", "denom": "1073741824"}, {"symbol": null, "numer": "4313", "denom": "4096"}, {"symbol": "coeff_0_L_min", "numer": "-24521", "denom": "262144"}, {"symbol": "coeff_1_H_max", "numer": "44554657", "denom": "1073741824"}], "level": 1, "array_name": "DC", "phase": [0, 0]}, {"lower_bound": [{"symbol": "coeff_1_H_min", "numer": "887642271489", "denom": "1099511627776"}, {"symbol": "coeff_0_L_min", "numer": "1032534917", "denom": "1073741824"}, {"symbol": "coeff_1_H_max", "numer": "-211869356287", "denom": "1099511627776"}, {"symbol": null, "numer": "-3553275991", "denom": "1073741824"}, {"symbol": "coeff_0_L_max", "numer": "-159312937", "denom": "1073741824"}], "upper_bound": [{"symbol": "coeff_1_H_max", "numer": "887642271489", "denom": "1099511627776"}, {"symbol": "coeff_0_L_max", "numer": "1032534917", "denom": "1073741824"}, {"symbol": "coeff_1_H_min", "numer": "-211869356287", "denom": "1099511627776"}, {"symbol": null, "numer": "3553275991", "denom": "1073741824"}, {"symbol": "coeff_0_L_min", "numer": "-159312937", "denom": "1073741824"}], "level": 1, "array_name": "DC", "phase": [1, 0]}, {"lower_bound": [{"symbol": "coeff_0_L_min", "numer": "237623", "denom": "524288"}, {"symbol": "coeff_1_H_max", "numer": "-705196829", "denom": "2147483648"}, {"symbol": null, "numer": "-8409", "denom": "8192"}, {"symbol": "coeff_0_L_max", "numer": "-24521", "denom": "524288"}, {"symbol": "coeff_1_H_min", "numer": "44554657", "denom": "2147483648"}], "upper_bound": [{"symbol": "coeff_0_L_max", "numer": "237623", "denom": "524288"}, {"symbol": "coeff_1_H_min", "numer": "-705196829", "denom": "2147483648"}, {"symbol": null, "numer": "8409", "denom": "8192"}, {"symbol": "coeff_0_L_min", "numer": "-24521", "denom": "524288"}, {"symbol": "coeff_1_H_max", "numer": "44554657", "denom": "2147483648"}], "level": 1, "array_name": "Output", "phase": [0, 0]}, {"lower_bound": [{"symbol": "coeff_1_H_min", "numer": "887642271489", "denom": "2199023255552"}, {"symbol": "coeff_0_L_min", "numer": "1032534917", "denom": "2147483648"}, {"symbol": "coeff_1_H_max", "numer": "-211869356287", "denom": "2199023255552"}, {"symbol": null, "numer": "-4627017815", "denom": "2147483648"}, {"symbol": "coeff_0_L_max", "numer": "-159312937", "denom": "2147483648"}], "upper_bound": [{"symbol": "coeff_1_H_max", "numer": "887642271489", "denom": "2199023255552"}, {"symbol": "coeff_0_L_max", "numer": "1032534917", "denom": "2147483648"}, {"symbol": "coeff_1_H_min", "numer": "-211869356287", "denom": "2199023255552"}, {"symbol": null, "numer": "4627017815", "denom": "2147483648"}, {"symbol": "coeff_0_L_min", "numer": "-159312937", "denom": "2147483648"}], "level": 1, "array_name": "Output", "phase": [1, 0]}, {"lower_bound": [{"symbol": "coeff_0_L_min", "numer": "237623", "denom": "524288"}, {"symbol": "coeff_1_H_max", "numer": "-705196829", "denom": "2147483648"}, {"symbol": null, "numer": "-8409", "denom": "8192"}, {"symbol": "coeff_0_L_max", "numer": "-24521", "denom": "524288"}, {"symbol": "coeff_1_H_min", "numer": "44554657", "denom": "2147483648"}], "upper_bound": [{"symbol": "coeff_0_L_max", "numer": "237623", "denom": "524288"}, {"symbol": "coeff_1_H_min", "numer": "-705196829", "denom": "2147483648"}, {"symbol": null, "numer": "8409", "denom": "8192"}, {"symbol": "coeff_0_L_min", "numer": "-24521", "denom": "524288"}, {"symbol": "coeff_1_H_max", "numer": "44554657", "denom": "2147483648"}], "level": 2, "array_name": "L", "phase": [0, 0]}, {"lower_bound": [{"symbol": "coeff_1_H_min", "numer": "887642271489", "denom": "2199023255552"}, {"symbol": "coeff_0_L_min", "numer": "1032534917", "denom": "2147483648"}, {"symbol": "coeff_1_H_max", "numer": "-211869356287", "denom": "2199023255552"}, {"symbol": null, "numer": "-4627017815", "denom": "2147483648"}, {"symbol": "coeff_0_L_max", "numer": "-159312937", "denom": "2147483648"}], "upper_bound": [{"symbol": "coeff_1_H_max", "numer": "887642271489", "denom": "2199023255552"}, {"symbol": "coeff_0_L_max", "numer": "1032534917", "denom": "2147483648"}, {"symbol": "coeff_1_H_min", "numer": "-211869356287", "denom": "2199023255552"}, {"symbol": null, "numer": "4627017815", "denom": "2147483648"}, {"symbol": "coeff_0_L_min", "numer": "-159312937", "denom": "2147483648"}], "level": 2, "array_name": "L", "phase": [1, 0]}, {"lower_bound": [{"symbol": "coeff_2_H_min", "numer": "1", "denom": "1"}], "upper_bound": [{"symbol": "coeff_2_H_max", "numer": "1", "denom": "1"}], "level": 2, "array_name": "H", "phase": [0, 0]}, {"lower_bound": [{"symbol": "coeff_0_L_min", "numer": "237623", "denom": "524288"}, {"symbol": "coeff_1_H_max", "numer": "-705196829", "denom": "2147483648"}, {"symbol": null, "numer": "-12505", "denom": "8192"}, {"symbol": "coeff_0_L_max", "numer": "-24521", "denom": "524288"}, {"symbol": "coeff_1_H_min", "numer": "44554657", "denom": "2147483648"}, {"symbol": "coeff_2_H_max", "numer": "-1817", "denom": "2048"}], "upper_bound": [{"symbol": "coeff_0_L_max", "numer": "237623", "denom": "524288"}, {"symbol": "coeff_1_H_min", "numer": "-705196829", "denom": "2147483648"}, {"symbol": null, "numer": "12505", "denom": "8192"}, {"symbol": "coeff_0_L_min", "numer": "-24521", "denom": "524288"}, {"symbol": "coeff_1_H_max", "numer": "44554657", "denom": "2147483648"}, {"symbol": "coeff_2_H_min", "numer": "-1817", "denom": "2048"}], "level": 2, "array_name": "DC'''", "phase": [0, 0]}, {"lower_bound": [{"symbol": "coeff_2_H_min", "numer": "1", "denom": "1"}], "upper_bound": [{"symbol": "coeff_2_H_max", "numer": "1", "denom": "1"}], "level": 2, "array_name": "DC'''", "phase": [1, 0]}, {"lower_bound": [{"symbol": "coeff_1_H_min", "numer": "887642271489", "denom": "2199023255552"}, {"symbol": "coeff_0_L_min", "numer": "1032534917", "denom": "2147483648"}, {"symbol": "coeff_1_H_max", "numer": "-211869356287", "denom": "2199023255552"}, {"symbol": null, "numer": "-5700759639", "denom": "2147483648"}, {"symbol": "coeff_0_L_max", "numer": "-159312937", "denom": "2147483648"}, {"symbol": "coeff_2_H_max", "numer": "-1817", "denom": "2048"}], "upper_bound": [{"symbol": "coeff_1_H_max", "numer": "887642271489", "denom": "2199023255552"}, {"symbol": "coeff_0_L_max", "numer": "1032534917", "denom": "2147483648"}, {"symbol": "coeff_1_H_min", "numer": "-211869356287", "denom": "2199023255552"}, {"symbol": null, "numer": "5700759639", "denom": "2147483648"}, {"symbol": "coeff_0_L_min", "numer": "-159312937", "denom": "2147483648"}, {"symbol": "coeff_2_H_min", "numer": "-1817", "denom": "2048"}], "level": 2, "array_name": "DC'''", "phase": [2, 0]}, {"lower_bound": [{"symbol": "coeff_2_H_min", "numer": "1", "denom": "1"}], "upper_bound": [{"symbol": "coeff_2_H_max", "numer": "1", "denom": "1"}], "level": 2, "array_name": "DC'''", "phase": [3, 0]}, {"lower_bound": [{"symbol": "coeff_0_L_min", "numer": "237623", "denom": "524288"}, {"symbol": "coeff_1_H_max", "numer": "-705196829", "denom": "2147483648"}, {"symbol": null, "numer": "-12505", "denom": "8192"}, {"symbol": "coeff_0_L_max", "numer": "-24521", "denom": "524288"}, {"symbol": "coeff_1_H_min", "numer": "44554657", "denom": "2147483648"}, {"symbol": "coeff_2_H_max", "numer": "-1817", "denom": "2048"}], "upper_bound": [{"symbol": "coeff_0_L_max", "numer": "237623", "denom": "524288"}, {"symbol": "coeff_1_H_min", "numer": "-705196829", "denom": "2147483648"}, {"symbol": null, "numer": "12505", "denom": "8192"}, {"symbol": "coeff_0_L_min", "numer": "-24521", "denom": "524288"}, {"symbol": "coeff_1_H_max", "numer": "44554657", "denom": "2147483648"}, {"symbol": "coeff_2_H_min", "numer": "-1817", "denom": "2048"}], "level": 2, "array_name": "DC''", "phase": [0, 0]}, {"lower_bound": [{"symbol": "coeff_2_H_min", "numer": "336393", "denom": "131072"}, {"symbol": "coeff_0_L_max", "numer": "-220985028021", "denom": "274877906944"}, {"symbol": "coeff_1_H_min", "numer": "62163350763663", "denom": "281474976710656"}, {"symbol": "coeff_1_H_max", "numer": "-62081463175025", "denom": "281474976710656"}, {"symbol": null, "numer": "-1146376556135", "denom": "274877906944"}, {"symbol": "coeff_0_L_min", "numer": "23677109785", "denom": "274877906944"}], "upper_bound": [{"symbol": "coeff_2_H_max", "numer": "336393", "denom": "131072"}, {"symbol": "coeff_0_L_min", "numer": "-220985028021", "denom": "274877906944"}, {"symbol": "coeff_1_H_max", "numer": "62163350763663", "denom": "281474976710656"}, {"symbol": "coeff_1_H_min", "numer": "-62081463175025", "denom": "281474976710656"}, {"symbol": null, "numer": "1146376556135", "denom": "274877906944"}, {"symbol": "coeff_0_L_max", "numer": "23677109785", "denom": "274877906944"}], "level": 2, "array_name": "DC''", "phase": [1, 0]}, {"lower_bound": [{"symbol": "coeff_1_H_min", "numer": "887642271489", "denom": "2199023255552"}, {"symbol": "coeff_0_L_min", "numer": "1032534917", "denom": "2147483648"}, {"symbol": "coeff_1_H_max", "numer": "-211869356287", "denom": "2199023255552"}, {"symbol": null, "numer": "-5700759639", "denom": "2147483648"}, {"symbol": "coeff_0_L_max", "numer": "-159312937", "denom": "2147483648"}, {"symbol": "coeff_2_H_max", "numer": "-1817", "denom": "2048"}], "upper_bound": [{"symbol": "coeff_1_H_max", "numer": "887642271489", "denom": "2199023255552"}, {"symbol": "coeff_0_L_max", "numer": "1032534917", "denom": "2147483648"}, {"symbol": "coeff_1_H_min", "numer": "-211869356287", "denom": "2199023255552"}, {"symbol": null, "numer": "5700759639", "denom": "2147483648"}, {"symbol": "coeff_0_L_min", "numer": "-159312937", "denom": "2147483648"}, {"symbol": "coeff_2_H_min", "numer": "-1817", "denom": "2048"}], "level": 2, "array_name": "DC''", "phase": [2, 0]}, {"lower_bound": [{"symbol": "coeff_2_H_min", "numer": "336393", "denom": "131072"}, {"symbol": "coeff_1_H_max", "numer": "-62081463175025", "denom": "281474976710656"}, {"symbol": "coeff_0_L_max", "numer": "-220985028021", "denom": "274877906944"}, {"symbol": "coeff_1_H_min", "numer": "62163350763663", "denom": "281474976710656"}, {"symbol": null, "numer": "-1146376556135", "denom": "274877906944"}, {"symbol": "coeff_0_L_min", "numer": "23677109785", "denom": "274877906944"}], "upper_bound": [{"symbol": "coeff_2_H_max", "numer": "336393", "denom": "131072"}, {"symbol": "coeff_1_H_min", "numer": "-62081463175025", "denom": "281474976710656"}, {"symbol": "coeff_0_L_min", "numer": "-220985028021", "denom": "274877906944"}, {"symbol": "coeff_1_H_max", "numer": "62163350763663", "denom": "281474976710656"}, {"symbol": null, "numer": "1146376556135", "denom": "274877906944"}, {"symbol": "coeff_0_L_max", "numer": "23677109785", "denom": "274877906944"}], "level": 2, "array_name": "DC''", "phase": [3, 0]}, {"lower_bound": [{"symbol": "coeff_0_L_min", "numer": "110286616341297", "denom": "281474976710656"}, {"symbol": "coeff_1_H_max", "numer": "-1518989400018152099", "denom": "4611686018427387904"}, {"symbol": null, "numer": "-8958062442177", "denom": "4398046511104"}, {"symbol": "coeff_0_L_max", "numer": "-17286260380879", "denom": "281474976710656"}, {"symbol": "coeff_1_H_min", "numer": "100413295322824211", "denom": "4611686018427387904"}, {"symbol": "coeff_2_H_max", "numer": "-705196829", "denom": "1073741824"}, {"symbol": "coeff_2_H_min", "numer": "44554657", "denom": "1073741824"}], "upper_bound": [{"symbol": "coeff_0_L_max", "numer": "110286616341297", "denom": "281474976710656"}, {"symbol": "coeff_1_H_min", "numer": "-1518989400018152099", "denom": "4611686018427387904"}, {"symbol": null, "numer": "8958062442177", "denom": "4398046511104"}, {"symbol": "coeff_0_L_min", "numer": "-17286260380879", "denom": "281474976710656"}, {"symbol": "coeff_1_H_max", "numer": "100413295322824211", "denom": "4611686018427387904"}, {"symbol": "coeff_2_H_min", "numer": "-705196829", "denom": "1073741824"}, {"symbol": "coeff_2_H_max", "numer": "44554657", "denom": "1073741824"}], "level": 2, "array_name": "DC'", "phase": [0, 0]}, {"lower_bound": [{"symbol": "coeff_2_H_min", "numer": "336393", "denom": "131072"}, {"symbol": "coeff_0_L_max", "numer": "-220985028021", "denom": "274877906944"}, {"symbol": "coeff_1_H_min", "numer": "62163350763663", "denom": "281474976710656"}, {"symbol": "coeff_1_H_max", "numer": "-62081463175025", "denom": "281474976710656"}, {"symbol": null, "numer": "-1146376556135", "denom": "274877906944"}, {"symbol": "coeff_0_L_min", "numer": "23677109785", "denom": "274877906944"}], "upper_bound": [{"symbol": "coeff_2_H_max", "numer": "336393", "denom": "131072"}, {"symbol": "coeff_0_L_min", "numer": "-220985028021", "denom": "274877906944"}, {"symbol": "coeff_1_H_max", "numer": "62163350763663", "denom": "281474976710656"}, {"symbol": "coeff_1_H_min", "numer": "-62081463175025", "denom": "281474976710656"}, {"symbol": null, "numer": "1146376556135", "denom": "274877906944"}, {"symbol": "coeff_0_L_max", "numer": "23677109785", "denom": "274877906944"}], "level": 2, "array_name": "DC'", "phase": [1, 0]}, {"lower_bound": [{"symbol": "coeff_1_H_min", "numer": "219218418108231991", "denom": "576460752303423488"}, {"symbol": "coeff_0_L_min", "numer": "222719082201491", "denom": "562949953421312"}, {"symbol": "coeff_1_H_max", "numer": "-42050833418784457", "denom": "576460752303423488"}, {"symbol": null, "numer": "-1692096597707441", "denom": "562949953421312"}, {"symbol": "coeff_0_L_max", "numer": "-36624997733583", "denom": "562949953421312"}, {"symbol": "coeff_2_H_max", "numer": "-705196829", "denom": "1073741824"}, {"symbol": "coeff_2_H_min", "numer": "44554657", "denom": "1073741824"}], "upper_bound": [{"symbol": "coeff_1_H_max", "numer": "219218418108231991", "denom": "576460752303423488"}, {"symbol": "coeff_0_L_max", "numer": "222719082201491", "denom": "562949953421312"}, {"symbol": "coeff_1_H_min", "numer": "-42050833418784457", "denom": "576460752303423488"}, {"symbol": null, "numer": "1692096597707441", "denom": "562949953421312"}, {"symbol": "coeff_0_L_min", "numer": "-36624997733583", "denom": "562949953421312"}, {"symbol": "coeff_2_H_min", "numer": "-705196829", "denom": "1073741824"}, {"symbol": "coeff_2_H_max", "numer": "44554657", "denom": "1073741824"}], "level": 2, "array_name": "DC'", "phase": [2, 0]}, {"lower_bound": [{"symbol": "coeff_2_H_min", "numer": "336393", "denom": "131072"}, {"symbol": "coeff_1_H_max", "numer": "-62081463175025", "denom": "281474976710656"}, {"symbol": "coeff_0_L_max", "numer": "-220985028021", "denom": "274877906944"}, {"symbol": "coeff_1_H_min", "numer": "62163350763663", "denom": "281474976710656"}, {"symbol": null, "numer": "-1146376556135", "denom": "274877906944"}, {"symbol": "coeff_0_L_min", "numer": "23677109785", "denom": "274877906944"}], "upper_bound": [{"symbol": "coeff_2_H_max", "numer": "336393", "denom": "131072"}, {"symbol": "coeff_1_H_min", "numer": "-62081463175025", "denom": "281474976710656"}, {"symbol": "coeff_0_L_min", "numer": "-220985028021", "denom": "274877906944"}, {"symbol": "coeff_1_H_max", "numer": "62163350763663", "denom": "281474976710656"}, {"symbol": null, "numer": "1146376556135", "denom": "274877906944"}, {"symbol": "coeff_0_L_max", "numer": "23677109785", "denom": "274877906944"}], "level": 2, "array_name": "DC'", "phase": [3, 0]}, {"lower_bound": [{"symbol": "coeff_0_L_min", "numer": "110286616341297", "denom": "281474976710656"}, {"symbol": "coeff_1_H_max", "numer": "-1518989400018152099", "denom": "4611686018427387904"}, {"symbol": null, "numer": "-8958062442177", "denom": "4398046511104"}, {"symbol": "coeff_0_L_max", "numer": "-17286260380879", "denom": "281474976710656"}, {"symbol": "coeff_1_H_min", "numer": "100413295322824211", "denom": "4611686018427387904"}, {"symbol": "coeff_2_H_max", "numer": "-705196829", "denom": "1073741824"}, {"symbol": "coeff_2_H_min", "numer": "44554657", "denom": "1073741824"}], "upper_bound": [{"symbol": "coeff_0_L_max", "numer": "110286616341297", "denom": "281474976710656"}, {"symbol": "coeff_1_H_min", "numer": "-1518989400018152099", "denom": "4611686018427387904"}, {"symbol": null, "numer": "8958062442177", "denom": "4398046511104"}, {"symbol": "coeff_0_L_min", "numer": "-17286260380879", "denom": "281474976710656"}, {"symbol": "coeff_1_H_max", "numer": "100413295322824211", "denom": "4611686018427387904"}, {"symbol": "coeff_2_H_min", "numer": "-705196829", "denom": "1073741824"}, {"symbol": "coeff_2_H_max", "numer": "44554657", "denom": "1073741824"}], "level": 2, "array_name": "DC", "phase": [0, 0]}, {"lower_bound": [{"symbol": "coeff_2_H_min", "numer": "887642271489", "denom": "1099511627776"}, {"symbol": "coeff_0_L_min", "numer": "3630637636785012487", "denom": "9223372036854775808"}, {"symbol": "coeff_1_H_max", "numer": "-163885421355909823273", "denom": "1180591620717411303424"}, {"symbol": "coeff_1_H_min", "numer": "163727222147308274903", "denom": "1180591620717411303424"}, {"symbol": null, "numer": "-44958439407407953143", "denom": "9223372036854775808"}, {"symbol": "coeff_0_L_max", "numer": "-581193193745755367", "denom": "9223372036854775808"}, {"symbol": "coeff_2_H_max", "numer": "-211869356287", "denom": "1099511627776"}], "upper_bound": [{"symbol": "coeff_2_H_max", "numer": "887642271489", "denom": "1099511627776"}, {"symbol": "coeff_0_L_max", "numer": "3630637636785012487", "denom": "9223372036854775808"}, {"symbol": "coeff_1_H_min", "numer": "-163885421355909823273", "denom": "1180591620717411303424"}, {"symbol": "coeff_1_H_max", "numer": "163727222147308274903", "denom": "1180591620717411303424"}, {"symbol": null, "numer": "44958439407407953143", "denom": "9223372036854775808"}, {"symbol": "coeff_0_L_min", "numer": "-581193193745755367", "denom": "9223372036854775808"}, {"symbol": "coeff_2_H_min", "numer": "-211869356287", "denom": "1099511627776"}], "level": 2, "array_name": "DC", "phase": [1, 0]}, {"lower_bound": [{"symbol": "coeff_1_H_min", "numer": "219218418108231991", "denom": "576460752303423488"}, {"symbol": "coeff_0_L_min", "numer": "222719082201491", "denom": "562949953421312"}, {"symbol": "coeff_1_H_max", "numer": "-42050833418784457", "denom": "576460752303423488"}, {"symbol": null, "numer": "-1692096597707441", "denom": "562949953421312"}, {"symbol": "coeff_0_L_max", "numer": "-36624997733583", "denom": "562949953421312"}, {"symbol": "coeff_2_H_max", "numer": "-705196829", "denom": "1073741824"}, {"symbol": "coeff_2_H_min", "numer": "44554657", "denom": "1073741824"}], "upper_bound": [{"symbol": "coeff_1_H_max", "numer": "219218418108231991", "denom": "576460752303423488"}, {"symbol": "coeff_0_L_max", "numer": "222719082201491", "denom": "562949953421312"}, {"symbol": "coeff_1_H_min", "numer": "-42050833418784457", "denom": "576460752303423488"}, {"symbol": null, "numer": "1692096597707441", "denom": "562949953421312"}, {"symbol": "coeff_0_L_min", "numer": "-36624997733583", "denom": "562949953421312"}, {"symbol": "coeff_2_H_min", "numer": "-705196829", "denom": "1073741824"}, {"symbol": "coeff_2_H_max", "numer": "44554657", "denom": "1073741824"}], "level": 2, "array_name": "DC", "phase": [2, 0]}, {"lower_bound": [{"symbol": "coeff_2_H_min", "numer": "887642271489", "denom": "1099511627776"}, {"symbol": "coeff_1_H_min", "numer": "163727222147308274903", "denom": "1180591620717411303424"}, {"symbol": "coeff_0_L_min", "numer": "3630637636785012487", "denom": "9223372036854775808"}, {"symbol": "coeff_1_H_max", "numer": "-163885421355909823273", "denom": "1180591620717411303424"}, {"symbol": null, "numer": "-44958439407407953143", "denom": "9223372036854775808"}, {"symbol": "coeff_0_L_max", "numer": "-581193193745755367", "denom": "9223372036854775808"}, {"symbol": "coeff_2_H_max", "numer": "-211869356287", "denom": "1099511627776"}], "upper_bound": [{"symbol": "coeff_2_H_max", "numer": "887642271489", "denom": "1099511627776"}, {"symbol": "coeff_1_H_max", "numer": "163727222147308274903", "denom": "1180591620717411303424"}, {"symbol": "coeff_0_L_max", "numer": "3630637636785012487", "denom": "9223372036854775808"}, {"symbol": "coeff_1_H_min", "numer": "-163885421355909823273", "denom": "1180591620717411303424"}, {"symbol": null, "numer": "44958439407407953143", "denom": "9223372036854775808"}, {"symbol": "coeff_0_L_min", "numer": "-581193193745755367", "denom": "9223372036854775808"}, {"symbol": "coeff_2_H_min", "numer": "-211869356287", "denom": "1099511627776"}], "level": 2, "array_name": "DC", "phase": [3, 0]}, {"lower_bound": [{"symbol": "coeff_0_L_min", "numer": "110286616341297", "denom": "562949953421312"}, {"symbol": "coeff_1_H_max", "numer": "-1518989400018152099", "denom": "9223372036854775808"}, {"symbol": null, "numer": "-13356108953281", "denom": "8796093022208"}, {"symbol": "coeff_0_L_max", "numer": "-17286260380879", "denom": "562949953421312"}, {"symbol": "coeff_1_H_min", "numer": "100413295322824211", "denom": "9223372036854775808"}, {"symbol": "coeff_2_H_max", "numer": "-705196829", "denom": "2147483648"}, {"symbol": "coeff_2_H_min", "numer": "44554657", "denom": "2147483648"}], "upper_bound": [{"symbol": "coeff_0_L_max", "numer": "110286616341297", "denom": "562949953421312"}, {"symbol": "coeff_1_H_min", "numer": "-1518989400018152099", "denom": "9223372036854775808"}, {"symbol": null, "numer": "13356108953281", "denom": "8796093022208"}, {"symbol": "coeff_0_L_min", "numer": "-17286260380879", "denom": "562949953421312"}, {"symbol": "coeff_1_H_max", "numer": "100413295322824211", "denom": "9223372036854775808"}, {"symbol": "coeff_2_H_min", "numer": "-705196829", "denom": "2147483648"}, {"symbol": "coeff_2_H_max", "numer": "44554657", "denom": "2147483648"}], "level": 2, "array_name": "Output", "phase": [0, 0]}, {"lower_bound": [{"symbol": "coeff_2_H_min", "numer": "887642271489", "denom": "2199023255552"}, {"symbol": "coeff_0_L_min", "numer": "3630637636785012487", "denom": "18446744073709551616"}, {"symbol": "coeff_1_H_max", "numer": "-163885421355909823273", "denom": "2361183241434822606848"}, {"symbol": "coeff_1_H_min", "numer": "163727222147308274903", "denom": "2361183241434822606848"}, {"symbol": null, "numer": "-54181811444262728951", "denom": "18446744073709551616"}, {"symbol": "coeff_0_L_max", "numer": "-581193193745755367", "denom": "18446744073709551616"}, {"symbol": "coeff_2_H_max", "numer": "-211869356287", "denom": "2199023255552"}], "upper_bound": [{"symbol": "coeff_2_H_max", "numer": "887642271489", "denom": "2199023255552"}, {"symbol": "coeff_0_L_max", "numer": "3630637636785012487", "denom": "18446744073709551616"}, {"symbol": "coeff_1_H_min", "numer": "-163885421355909823273", "denom": "2361183241434822606848"}, {"symbol": "coeff_1_H_max", "numer": "163727222147308274903", "denom": "2361183241434822606848"}, {"symbol": null, "numer": "54181811444262728951", "denom": "18446744073709551616"}, {"symbol": "coeff_0_L_min", "numer": "-581193193745755367", "denom": "18446744073709551616"}, {"symbol": "coeff_2_H_min", "numer": "-211869356287", "denom": "2199023255552"}], "level": 2, "array_name": "Output", "phase": [1, 0]}, {"lower_bound": [{"symbol": "coeff_1_H_min", "numer": "219218418108231991", "denom": "1152921504606846976"}, {"symbol": "coeff_0_L_min", "numer": "222719082201491", "denom": "1125899906842624"}, {"symbol": "coeff_1_H_max", "numer": "-42050833418784457", "denom": "1152921504606846976"}, {"symbol": null, "numer": "-2255046551128753", "denom": "1125899906842624"}, {"symbol": "coeff_0_L_max", "numer": "-36624997733583", "denom": "1125899906842624"}, {"symbol": "coeff_2_H_max", "numer": "-705196829", "denom": "2147483648"}, {"symbol": "coeff_2_H_min", "numer": "44554657", "denom": "2147483648"}], "upper_bound": [{"symbol": "coeff_1_H_max", "numer": "219218418108231991", "denom": "1152921504606846976"}, {"symbol": "coeff_0_L_max", "numer": "222719082201491", "denom": "1125899906842624"}, {"symbol": "coeff_1_H_min", "numer": "-42050833418784457", "denom": "1152921504606846976"}, {"symbol": null, "numer": "2255046551128753", "denom": "1125899906842624"}, {"symbol": "coeff_0_L_min", "numer": "-36624997733583", "denom": "1125899906842624"}, {"symbol": "coeff_2_H_min", "numer": "-705196829", "denom": "2147483648"}, {"symbol": "coeff_2_H_max", "numer": "44554657", "denom": "2147483648"}], "level": 2, "array_name": "Output", "phase": [2, 0]}, {"lower_bound": [{"symbol": "coeff_2_H_min", "numer": "887642271489", "denom": "2199023255552"}, {"symbol": "coeff_1_H_min", "numer": "163727222147308274903", "denom": "2361183241434822606848"}, {"symbol": "coeff_0_L_min", "numer": "3630637636785012487", "denom": "18446744073709551616"}, {"symbol": "coeff_1_H_max", "numer": "-163885421355909823273", "denom": "2361183241434822606848"}, {"symbol": null, "numer": "-54181811444262728951", "denom": "18446744073709551616"}, {"symbol": "coeff_0_L_max", "numer": "-581193193745755367", "denom": "18446744073709551616"}, {"symbol": "coeff_2_H_max", "numer": "-211869356287", "denom": "2199023255552"}], "upper_bound": [{"symbol": "coeff_2_H_max", "numer": "887642271489", "denom": "2199023255552"}, {"symbol": "coeff_1_H_max", "numer": "163727222147308274903", "denom": "2361183241434822606848"}, {"symbol": "coeff_0_L_max", "numer": "3630637636785012487", "denom": "18446744073709551616"}, {"symbol": "coeff_1_H_min", "numer": "-163885421355909823273", "denom": "2361183241434822606848"}, {"symbol": null, "numer": "54181811444262728951", "denom": "18446744073709551616"}, {"symbol": "coeff_0_L_min", "numer": "-581193193745755367", "denom": "18446744073709551616"}, {"symbol": "coeff_2_H_min", "numer": "-211869356287", "denom": "2199023255552"}], "level": 2, "array_name": "Output", "phase": [3, 0]}], "analysis_test_patterns": [{"target": [0, 0], "pattern": {"dx": 0, "dy": 0, "width": 1, "height": 1, "positive": "gA==", "mask": "gA=="}, "pattern_translation_multiple": [1, 1], "target_translation_multiple": [1, 1], "level": 2, "array_name": "Input", "phase": [0, 0]}, {"target": [0, 0], "pattern": {"dx": 0, "dy": 0, "width": 1, "height": 1, "positive": "gA==", "mask": "gA=="}, "pattern_translation_multiple": [1, 1], "target_translation_multiple": [1, 1], "level": 2, "array_name": "DC", "phase": [0, 0]}, {"target": [0, 0], "pattern": {"dx": 0, "dy": 0, "width": 1, "height": 1, "positive": "gA==", "mask": "gA=="}, "pattern_translation_multiple": [2, 1], "target_translation_multiple": [2, 1], "level": 2, "array_name": "DC'", "phase": [0, 0]}, {"target": [1, 0], "pattern": {"dx": 0, "dy": 0, "width": 3, "height": 1, "positive": "QA==", "mask": "4A=="}, "pattern_translation_multiple": [2, 1], "target_translation_multiple": [2, 1], "level": 2, "array_name": "DC'", "phase": [1, 0]}, {"target": [2, 0], "pattern": {"dx": 0, "dy": 0, "width": 5, "height": 1, "positive": "qA==", "mask": "+A=="}, "pattern_translation_multiple": [2, 1], "target_translation_multiple": [2, 1], "level": 2, "array_name": "DC''", "phase": [0, 0]}, {"target": [1, 0], "pattern": {"dx": 0, "dy": 0, "width": 3, "height": 1, "positive": "QA==", "mask": "4A=="}, "pattern_translation_multiple": [2, 1], "target_translation_multiple": [2, 1], "level": 2, "array_name": "DC''", "phase": [1, 0]}, {"target": [2, 0], "pattern": {"dx": 0, "dy": 0, "width": 5, "height": 1, "positive": "qA==", "mask": "+A=="}, "pattern_translation_multiple": [2, 1], "target_translation_multiple": [2, 1], "level": 2, "array_name": "DC'''", "phase": [0, 0]}, {"target": [3, 0], "pattern": {"dx": 0, "dy": 0, "width": 7, "height": 1, "positive": "kg==", "mask": "/g=="}, "pattern_translation_multiple": [2, 1], "target_translation_multiple": [2, 1], "level": 2, "array_name": "DC'''", "phase": [1, 0]}, {"target": [4, 0], "pattern": {"dx": 0, "dy": 0, "width": 9, "height": 1, "positive": "nIA=", "mask": "/4A="}, "pattern_translation_multiple": [2, 1], "target_translation_multiple": [2, 1], "level": 2, "array_name": "DC''''", "phase": [0, 0]}, {"target": [3, 0], "pattern": {"dx": 0, "dy": 0, "width": 7, "height": 1, "positive": "kg==", "mask": "/g=="}, "pattern_translation_multiple": [2, 1], "target_translation_multiple": [2, 1], "level": 2, "array_name": "DC''''", "phase": [1, 0]}, {"target": [2, 0], "pattern": {"dx": 0, "dy": 0, "width": 9, "height": 1, "positive": "nIA=", "mask": "/4A="}, "pattern_translation_multiple": [2, 1], "target_translation_multiple": [1, 1], "level": 1, "array_name": "DC", "phase": [0, 0]}, {"target": [2, 0], "pattern": {"dx": 0, "dy": 0, "width": 9, "height": 1, "positive": "nIA=", "mask": "/4A="}, "pattern_translation_multiple": [4, 1], "target_translation_multiple": [2, 1], "level": 1, "array_name": "DC'", "phase": [0, 0]}, {"target": [3, 0], "pattern": {"dx": 0, "dy": 0, "width": 13, "height": 1, "positive": "YjA=", "mask": "//g="}, "pattern_translation_multiple": [4, 1], "target_translation_multiple": [2, 1], "level": 1, "array_name": "DC'", "phase": [1, 0]}, {"target": [4, 0], "pattern": {"dx": 0, "dy": 0, "width": 17, "height": 1, "positive": "mcyA", "mask": "//+A"}, "pattern_translation_multiple": [4, 1], "target_translation_multiple": [2, 1], "level": 1, "array_name": "DC''", "phase": [0, 0]}, {"target": [3, 0], "pattern": {"dx": 0, "dy": 0, "width": 13, "height": 1, "positive": "YjA=", "mask": "//g="}, "pattern_translation_multiple": [4, 1], "target_translation_multiple": [2, 1], "level": 1, "array_name": "DC''", "phase": [1, 0]}, {"target": [4, 0], "pattern": {"dx": 0, "dy": 0, "width": 17, "height": 1, "positive": "mcyA", "mask": "//+A"}, "pattern_translation_multiple": [4, 1], "target_translation_multiple": [2, 1], "level": 1, "array_name": "DC'''", "phase": [0, 0]}, {"target": [5, 0], "pattern": {"dx": 0, "dy": 0, "width": 21, "height": 1, "positive": "nnPI", "mask": "///4"}, "pattern_translation_multiple": [4, 1], "target_translation_multiple": [2, 1], "level": 1, "array_name": "DC'''", "phase": [1, 0]}, {"target": [6, 0], "pattern": {"dx": 0, "dy": 0, "width": 25, "height": 1, "positive": "nn88gA==", "mask": "////gA=="}, "pattern_translation_multiple": [4, 1], "target_translation_multiple": [2, 1], "level": 1, "array_name": "DC''''", "phase": [0, 0]}, {"target": [5, 0], "pattern": {"dx": 0, "dy": 0, "width": 21, "height": 1, "positive": "nnPI", "mask": "///4"}, "pattern_translation_multiple": [4, 1], "target_translation_multiple": [2, 1], "level": 1, "array_name": "DC''''", "phase": [1, 0]}], "synthesis_test_patterns": [{"target": [3, 0], "pattern": {"dx": 0, "dy": 0, "width": 25, "height": 1, "positive": "nn88gA==", "mask": "////gA=="}, "pattern_translation_multiple": [4, 1], "target_translation_multiple": [1, 1], "level": 1, "array_name": "L", "phase": [0, 0]}, {"target": [2, 0], "pattern": {"dx": 0, "dy": 0, "width": 21, "height": 1, "positive": "nnPI", "mask": "///4"}, "pattern_translation_multiple": [4, 1], "target_translation_multiple": [1, 1], "level": 1, "array_name": "H", "phase": [0, 0]}, {"target": [6, 0], "pattern": {"dx": 0, "dy": 0, "width": 25, "height": 1, "positive": "mZzMgA==", "mask": "////gA=="}, "pattern_translation_multiple": [4, 1], "target_translation_multiple": [2, 1], "level": 1, "array_name": "DC'''", "phase": [0, 0]}, {"target": [5, 0], "pattern": {"dx": 0, "dy": 0, "width": 21, "height": 1, "positive": "nnPI", "mask": "///4"}, "pattern_translation_multiple": [4, 1], "target_translation_multiple": [2, 1], "level": 1, "array_name": "DC'''", "phase": [1, 0]}, {"target": [6, 0], "pattern": {"dx": 0, "dy": 0, "width": 25, "height": 1, "positive": "mZzMgA==", "mask": "////gA=="}, "pattern_translation_multiple": [4, 1], "target_translation_multiple": [2, 1], "level": 1, "array_name": "DC''", "phase": [0, 0]}, {"target": [7, 0], "pattern": {"dx": 0, "dy": 0, "width": 29, "height": 1, "positive": "aWI0sA==", "mask": "////+A=="}, "pattern_translation_multiple": [4, 1], "target_translation_multiple": [2, 1], "level": 1, "array_name": "DC''", "phase": [1, 0]}, {"target": [8, 0], "pattern": {"dx": 0, "dy": 0, "width": 33, "height": 1, "positive": "aenLywA=", "mask": "/////4A="}, "pattern_translation_multiple": [4, 1], "target_translation_multiple": [2, 1], "level": 1, "array_name": "DC'", "phase": [0, 0]}, {"target": [7, 0], "pattern": {"dx": 0, "dy": 0, "width": 29, "height": 1, "positive": "aWI0sA==", "mask": "////+A=="}, "pattern_translation_multiple": [4, 1], "target_translation_multiple": [2, 1], "level": 1, "array_name": "DC'", "phase": [1, 0]}, {"target": [8, 0], "pattern": {"dx": 0, "dy": 0, "width": 33, "height": 1, "positive": "aenLywA=", "mask": "/////4A="}, "pattern_translation_multiple": [4, 1], "target_translation_multiple": [2, 1], "level": 1, "array_name": "DC", "phase": [0, 0]}, {"target": [9, 0], "pattern": {"dx": 0, "dy": 0, "width": 37, "height": 1, "positive": "aZ5zzLA=", "mask": "//////g="}, "pattern_translation_multiple": [4, 1], "target_translation_multiple": [2, 1], "level": 1, "array_name": "DC", "phase": [1, 0]}, {"target": [8, 0], "pattern": {"dx": 0, "dy": 0, "width": 33, "height": 1, "positive": "aenLywA=", "mask": "/////4A="}, "pattern_translation_multiple": [4, 1], "target_translation_multiple": [2, 1], "level": 1, "array_name": "Output", "phase": [0, 0]}, {"target": [9, 0], "pattern": {"dx": 0, "dy": 0, "width": 37, "height": 1, "positive": "aZ5zzLA=", "mask": "//////g="}, "pattern_translation_multiple": [4, 1], "target_translation_multiple": [2, 1], "level": 1, "array_name": "Output", "phase": [1, 0]}, {"target": [8, 0], "pattern": {"dx": 0, "dy": 0, "width": 33, "height": 1, "positive": "aenLywA=", "mask": "/////4A="}, "pattern_translation_multiple": [4, 1], "target_translation_multiple": [2, 1], "level": 2, "array_name": "L", "phase": [0, 0]}, {"target": [9, 0], "pattern": {"dx": 0, "dy": 0, "width": 37, "height": 1, "positive": "aZ5zzLA=", "mask": "//////g="}, "pattern_translation_multiple": [4, 1], "target_translation_multiple": [2, 1], "level": 2, "array_name": "L", "phase": [1, 0]}, {"target": [1, 0], "pattern": {"dx": 0, "dy": 0, "width": 7, "height": 1, "positive": "kg==", "mask": "/g=="}, "pattern_translation_multiple": [2, 1], "target_translation_multiple": [1, 1], "level": 2, "array_name": "H", "phase": [0, 0]}, {"target": [16, 0], "pattern": {"dx": 0, "dy": 0, "width": 33, "height": 1, "positive": "aeazywA=", "mask": "/////4A="}, "pattern_translation_multiple": [4, 1], "target_translation_multiple": [4, 1], "level": 2, "array_name": "DC'''", "phase": [0, 0]}, {"target": [5, 0], "pattern": {"dx": 2, "dy": 0, "width": 7, "height": 1, "positive": "kg==", "mask": "/g=="}, "pattern_translation_multiple": [4, 1], "target_translation_multiple": [4, 1], "level": 2, "array_name": "DC'''", "phase": [1, 0]}, {"target": [18, 0], "pattern": {"dx": 0, "dy": 0, "width": 37, "height": 1, "positive": "aZ2tzLA=", "mask": "//////g="}, "pattern_translation_multiple": [4, 1], "target_translation_multiple": [4, 1], "level": 2, "array_name": "DC'''", "phase": [2, 0]}, {"target": [3, 0], "pattern": {"dx": 0, "dy": 0, "width": 7, "height": 1, "positive": "kg==", "mask": "/g=="}, "pattern_translation_multiple": [4, 1], "target_translation_multiple": [4, 1], "level": 2, "array_name": "DC'''", "phase": [3, 0]}, {"target": [16, 0], "pattern": {"dx": 0, "dy": 0, "width": 33, "height": 1, "positive": "aeazywA=", "mask": "/////4A="}, "pattern_translation_multiple": [4, 1], "target_translation_multiple": [4, 1], "level": 2, "array_name": "DC''", "phase": [0, 0]}, {"target": [17, 0], "pattern": {"dx": 0, "dy": 0, "width": 37, "height": 1, "positive": "lhpMM0g=", "mask": "//////g="}, "pattern_translation_multiple": [4, 1], "target_translation_multiple": [4, 1], "level": 2, "array_name": "DC''", "phase": [1, 0]}, {"target": [18, 0], "pattern": {"dx": 0, "dy": 0, "width": 37, "height": 1, "positive": "aZ2tzLA=", "mask": "//////g="}, "pattern_translation_multiple": [4, 1], "target_translation_multiple": [4, 1], "level": 2, "array_name": "DC''", "phase": [2, 0]}, {"target": [19, 0], "pattern": {"dx": 0, "dy": 0, "width": 37, "height": 1, "positive": "lmGSw0g=", "mask": "//////g="}, "pattern_translation_multiple": [4, 1], "target_translation_multiple": [4, 1], "level": 2, "array_name": "DC''", "phase": [3, 0]}, {"target": [20, 0], "pattern": {"dx": 0, "dy": 0, "width": 41, "height": 1, "positive": "lp5/PLSA", "mask": "//////+A"}, "pattern_translation_multiple": [4, 1], "target_translation_multiple": [4, 1], "level": 2, "array_name": "DC'", "phase": [0, 0]}, {"target": [17, 0], "pattern": {"dx": 0, "dy": 0, "width": 37, "height": 1, "positive": "lhpMM0g=", "mask": "//////g="}, "pattern_translation_multiple": [4, 1], "target_translation_multiple": [4, 1], "level": 2, "array_name": "DC'", "phase": [1, 0]}, {"target": [18, 0], "pattern": {"dx": 0, "dy": 0, "width": 37, "height": 1, "positive": "aZ5zzLA=", "mask": "//////g="}, "pattern_translation_multiple": [4, 1], "target_translation_multiple": [4, 1], "level": 2, "array_name": "DC'", "phase": [2, 0]}, {"target": [19, 0], "pattern": {"dx": 0, "dy": 0, "width": 37, "height": 1, "positive": "lmGSw0g=", "mask": "//////g="}, "pattern_translation_multiple": [4, 1], "target_translation_multiple": [4, 1], "level": 2, "array_name": "DC'", "phase": [3, 0]}, {"target": [20, 0], "pattern": {"dx": 0, "dy": 0, "width": 41, "height": 1, "positive": "lp5/PLSA", "mask": "//////+A"}, "pattern_translation_multiple": [4, 1], "target_translation_multiple": [4, 1], "level": 2, "array_name": "DC", "phase": [0, 0]}, {"target": [21, 0], "pattern": {"dx": 0, "dy": 0, "width": 41, "height": 1, "positive": "lp5kvMsA", "mask": "//////+A"}, "pattern_translation_multiple": [4, 1], "target_translation_multiple": [4, 1], "level": 2, "array_name": "DC", "phase": [1, 0]}, {"target": [18, 0], "pattern": {"dx": 0, "dy": 0, "width": 37, "height": 1, "positive": "aZ5zzLA=", "mask": "//////g="}, "pattern_translation_multiple": [4, 1], "target_translation_multiple": [4, 1], "level": 2, "array_name": "DC", "phase": [2, 0]}, {"target": [19, 0], "pattern": {"dx": 0, "dy": 0, "width": 41, "height": 1, "positive": "aZ6TPLSA", "mask": "//////+A"}, "pattern_translation_multiple": [4, 1], "target_translation_multiple": [4, 1], "level": 2, "array_name": "DC", "phase": [3, 0]}, {"target": [20, 0], "pattern": {"dx": 0, "dy": 0, "width": 41, "height": 1, "positive": "lp5/PLSA", "mask": "//////+A"}, "pattern_translation_multiple": [4, 1], "target_translation_multiple": [4, 1], "level": 2, "array_name": "Output", "phase": [0, 0]}, {"target": [21, 0], "pattern": {"dx": 0, "dy": 0, "width": 41, "height": 1, "positive": "lp5kvMsA", "mask": "//////+A"}, "pattern_translation_multiple": [4, 1], "target_translation_multiple": [4, 1], "level": 2, "array_name": "Output", "phase": [1, 0]}, {"target": [18, 0], "pattern": {"dx": 0, "dy": 0, "width": 37, "height": 1, "positive": "aZ5zzLA=", "mask": "//////g="}, "pattern_translation_multiple": [4, 1], "target_translation_multiple": [4, 1], "level": 2, "array_name": "Output", "phase": [2, 0]}, {"target": [19, 0], "pattern": {"dx": 0, "dy": 0, "width": 41, "height": 1, "positive": "aZ6TPLSA", "mask": "//////+A"}, "pattern_translation_multiple": [4, 1], "target_translation_multiple": [4, 1], "level": 2, "array_name": "Output", "phase": [3, 0]}]}