{"wavelet_index": 6, "wavelet_index_ho": 6, "dwt_depth": 1, "dwt_depth_ho": 0, "analysis_signal_bounds": [{"lower_bound": [{"symbol": "signal_min", "numer": "1", "denom": "1"}], "upper_bound": [{"symbol": "signal_max", "numer": "1", "denom": "1"}], "level": 1, "array_name": "Input", "phase": [0, 0]}, {"lower_bound": [{"symbol": "signal_min", "numer": "2", "denom": "1"}], "upper_bound": [{"symbol": "signal_max", "numer": "2", "denom": "1"}], "level": 1, "array_name": "DC", "phase": [0, 0]}, {"lower_bound": [{"symbol": "signal_min", "numer": "2", "denom": "1"}], "upper_bound": [{"symbol": "signal_max", "numer": "2", "denom": "1"}], "level": 1, "array_name": "DC'", "phase": [0, 0]}, {"lower_bound": [{"symbol": "signal_min", "numer": "2", "denom": "1"}, {"symbol": "signal_max", "numer": "-6497", "denom": "1024"}, {"symbol": null, "numer": "-1", "denom": "2"}], "upper_bound": [{"symbol": "signal_max", "numer": "2", "denom": "1"}, {"symbol": "signal_min", "numer": "-6497", "denom": "1024"}, {"symbol": null, "numer": "1", "denom": "2"}], "level": 1, "array_name": "DC'", "phase": [1, 0]}, {"lower_bound": [{"symbol": "signal_min", "numer": "5604153", "denom": "2097152"}, {"symbol": "signal_max", "numer": "-217", "denom": "1024"}, {"symbol": null, "numer": "-2265", "denom": "4096"}], "upper_bound": [{"symbol": "signal_max", "numer": "5604153", "denom": "2097152"}, {"symbol": "signal_min", "numer": "-217", "denom": "1024"}, {"symbol": null, "numer": "2265", "denom": "4096"}], "level": 1, "array_name": "DC''", "phase": [0, 0]}, {"lower_bound": [{"symbol": "signal_min", "numer": "2", "denom": "1"}, {"symbol": "signal_max", "numer": "-6497", "denom": "1024"}, {"symbol": null, "numer": "-1", "denom": "2"}], "upper_bound": [{"symbol": "signal_max", "numer": "2", "denom": "1"}, {"symbol": "signal_min", "numer": "-6497", "denom": "1024"}, {"symbol": null, "numer": "1", "denom": "2"}], "level": 1, "array_name": "DC''", "phase": [1, 0]}, {"lower_bound": [{"symbol": "signal_min", "numer": "5604153", "denom": "2097152"}, {"symbol": "signal_max", "numer": "-217", "denom": "1024"}, {"symbol": null, "numer": "-2265", "denom": "4096"}], "upper_bound": [{"symbol": "signal_max", "numer": "5604153", "denom": "2097152"}, {"symbol": "signal_min", "numer": "-217", "denom": "1024"}, {"symbol": null, "numer": "2265", "denom": "4096"}], "level": 1, "array_name": "DC'''", "phase": [0, 0]}, {"lower_bound": [{"symbol": "signal_min", "numer": "1132616745", "denom": "536870912"}, {"symbol": "signal_max", "numer": "-1132972933", "denom": "536870912"}, {"symbol": null, "numer": "-241", "denom": "128"}], "upper_bound": [{"symbol": "signal_max", "numer": "1132616745", "denom": "536870912"}, {"symbol": "signal_min", "numer": "-1132972933", "denom": "536870912"}, {"symbol": null, "numer": "241", "denom": "128"}], "level": 1, "array_name": "DC'''", "phase": [1, 0]}, {"lower_bound": [{"symbol": "signal_min", "numer": "1609763824385", "denom": "549755813888"}, {"symbol": "signal_max", "numer": "-257493325055", "denom": "549755813888"}, {"symbol": null, "numer": "-2765928031", "denom": "1073741824"}], "upper_bound": [{"symbol": "signal_max", "numer": "1609763824385", "denom": "549755813888"}, {"symbol": "signal_min", "numer": "-257493325055", "denom": "549755813888"}, {"symbol": null, "numer": "2765928031", "denom": "1073741824"}], "level": 1, "array_name": "DC''''", "phase": [0, 0]}, {"lower_bound": [{"symbol": "signal_min", "numer": "1132616745", "denom": "536870912"}, {"symbol": "signal_max", "numer": "-1132972933", "denom": "536870912"}, {"symbol": null, "numer": "-241", "denom": "128"}], "upper_bound": [{"symbol": "signal_max", "numer": "1132616745", "denom": "536870912"}, {"symbol": "signal_min", "numer": "-1132972933", "denom": "536870912"}, {"symbol": null, "numer": "241", "denom": "128"}], "level": 1, "array_name": "DC''''", "phase": [1, 0]}, {"lower_bound": [{"symbol": "signal_min", "numer": "1609763824385", "denom": "549755813888"}, {"symbol": "signal_max", "numer": "-257493325055", "denom": "549755813888"}, {"symbol": null, "numer": "-2765928031", "denom": "1073741824"}], "upper_bound": [{"symbol": "signal_max", "numer": "1609763824385", "denom": "549755813888"}, {"symbol": "signal_min", "numer": "-257493325055", "denom": "549755813888"}, {"symbol": null, "numer": "2765928031", "denom": "1073741824"}], "level": 1, "array_name": "L'", "phase": [0, 0]}, {"lower_bound": [{"symbol": "signal_min", "numer": "4969730445222815", "denom": "1125899906842624"}, {"symbol": "signal_max", "numer": "-10985981896741985", "denom": "1125899906842624"}, {"symbol": null, "numer": "-24734366652671", "denom": "2199023255552"}], "upper_bound": [{"symbol": "signal_max", "numer": "4969730445222815", "denom": "1125899906842624"}, {"symbol": "signal_min", "numer": "-10985981896741985", "denom": "1125899906842624"}, {"symbol": null, "numer": "24734366652671", "denom": "2199023255552"}], "level": 1, "array_name": "L'", "phase": [0, 1]}, {"lower_bound": [{"symbol": "signal_min", "numer": "1132616745", "denom": "536870912"}, {"symbol": "signal_max", "numer": "-1132972933", "denom": "536870912"}, {"symbol": null, "numer": "-241", "denom": "128"}], "upper_bound": [{"symbol": "signal_max", "numer": "1132616745", "denom": "536870912"}, {"symbol": "signal_min", "numer": "-1132972933", "denom": "536870912"}, {"symbol": null, "numer": "241", "denom": "128"}], "level": 1, "array_name": "H'", "phase": [0, 0]}, {"lower_bound": [{"symbol": "signal_min", "numer": "9680524239461", "denom": "1099511627776"}, {"symbol": "signal_max", "numer": "-9678939559049", "denom": "1099511627776"}, {"symbol": null, "numer": "-2190417", "denom": "262144"}], "upper_bound": [{"symbol": "signal_max", "numer": "9680524239461", "denom": "1099511627776"}, {"symbol": "signal_min", "numer": "-9678939559049", "denom": "1099511627776"}, {"symbol": null, "numer": "2190417", "denom": "262144"}], "level": 1, "array_name": "H'", "phase": [0, 1]}, {"lower_bound": [{"symbol": "signal_min", "numer": "9135796919266313785", "denom": "2305843009213693952"}, {"symbol": "signal_max", "numer": "-2158436789864837575", "denom": "2305843009213693952"}, {"symbol": null, "numer": "-19220300381450279", "denom": "4503599627370496"}], "upper_bound": [{"symbol": "signal_max", "numer": "9135796919266313785", "denom": "2305843009213693952"}, {"symbol": "signal_min", "numer": "-2158436789864837575", "denom": "2305843009213693952"}, {"symbol": null, "numer": "19220300381450279", "denom": "4503599627370496"}], "level": 1, "array_name": "L''", "phase": [0, 0]}, {"lower_bound": [{"symbol": "signal_min", "numer": "4969730445222815", "denom": "1125899906842624"}, {"symbol": "signal_max", "numer": "-10985981896741985", "denom": "1125899906842624"}, {"symbol": null, "numer": "-24734366652671", "denom": "2199023255552"}], "upper_bound": [{"symbol": "signal_max", "numer": "4969730445222815", "denom": "1125899906842624"}, {"symbol": "signal_min", "numer": "-10985981896741985", "denom": "1125899906842624"}, {"symbol": null, "numer": "24734366652671", "denom": "2199023255552"}], "level": 1, "array_name": "L''", "phase": [0, 1]}, {"lower_bound": [{"symbol": "signal_min", "numer": "6850868828334113", "denom": "2251799813685248"}, {"symbol": "signal_max", "numer": "-6852706664736669", "denom": "2251799813685248"}, {"symbol": null, "numer": "-1754583209", "denom": "536870912"}], "upper_bound": [{"symbol": "signal_max", "numer": "6850868828334113", "denom": "2251799813685248"}, {"symbol": "signal_min", "numer": "-6852706664736669", "denom": "2251799813685248"}, {"symbol": null, "numer": "1754583209", "denom": "536870912"}], "level": 1, "array_name": "H''", "phase": [0, 0]}, {"lower_bound": [{"symbol": "signal_min", "numer": "9680524239461", "denom": "1099511627776"}, {"symbol": "signal_max", "numer": "-9678939559049", "denom": "1099511627776"}, {"symbol": null, "numer": "-2190417", "denom": "262144"}], "upper_bound": [{"symbol": "signal_max", "numer": "9680524239461", "denom": "1099511627776"}, {"symbol": "signal_min", "numer": "-9678939559049", "denom": "1099511627776"}, {"symbol": null, "numer": "2190417", "denom": "262144"}], "level": 1, "array_name": "H''", "phase": [0, 1]}, {"lower_bound": [{"symbol": "signal_min", "numer": "9135796919266313785", "denom": "2305843009213693952"}, {"symbol": "signal_max", "numer": "-2158436789864837575", "denom": "2305843009213693952"}, {"symbol": null, "numer": "-19220300381450279", "denom": "4503599627370496"}], "upper_bound": [{"symbol": "signal_max", "numer": "9135796919266313785", "denom": "2305843009213693952"}, {"symbol": "signal_min", "numer": "-2158436789864837575", "denom": "2305843009213693952"}, {"symbol": null, "numer": "19220300381450279", "denom": "4503599627370496"}], "level": 1, "array_name": "L'''", "phase": [0, 0]}, {"lower_bound": [{"symbol": "signal_min", "numer": "528744607677294015785", "denom": "147573952589676412928"}, {"symbol": "signal_max", "numer": "-528865023308447854295", "denom": "147573952589676412928"}, {"symbol": null, "numer": "-4218596508758521545", "denom": "576460752303423488"}], "upper_bound": [{"symbol": "signal_max", "numer": "528744607677294015785", "denom": "147573952589676412928"}, {"symbol": "signal_min", "numer": "-528865023308447854295", "denom": "147573952589676412928"}, {"symbol": null, "numer": "4218596508758521545", "denom": "576460752303423488"}], "level": 1, "array_name": "L'''", "phase": [0, 1]}, {"lower_bound": [{"symbol": "signal_min", "numer": "6850868828334113", "denom": "2251799813685248"}, {"symbol": "signal_max", "numer": "-6852706664736669", "denom": "2251799813685248"}, {"symbol": null, "numer": "-1754583209", "denom": "536870912"}], "upper_bound": [{"symbol": "signal_max", "numer": "6850868828334113", "denom": "2251799813685248"}, {"symbol": "signal_min", "numer": "-6852706664736669", "denom": "2251799813685248"}, {"symbol": null, "numer": "1754583209", "denom": "536870912"}], "level": 1, "array_name": "H'''", "phase": [0, 0]}, {"lower_bound": [{"symbol": "signal_min", "numer": "1283224178982508757", "denom": "288230376151711744"}, {"symbol": "signal_max", "numer": "-1283224115547563085", "denom": "288230376151711744"}, {"symbol": null, "numer": "-402389445991", "denom": "68719476736"}], "upper_bound": [{"symbol": "signal_max", "numer": "1283224178982508757", "denom": "288230376151711744"}, {"symbol": "signal_min", "numer": "-1283224115547563085", "denom": "288230376151711744"}, {"symbol": null, "numer": "402389445991", "denom": "68719476736"}], "level": 1, "array_name": "H'''", "phase": [0, 1]}, {"lower_bound": [{"symbol": "signal_min", "numer": "1328821191373250505690625", "denom": "302231454903657293676544"}, {"symbol": "signal_max", "numer": "-414503439694146740466175", "denom": "302231454903657293676544"}, {"symbol": null, "numer": "-4006771934764320577", "denom": "576460752303423488"}], "upper_bound": [{"symbol": "signal_max", "numer": "1328821191373250505690625", "denom": "302231454903657293676544"}, {"symbol": "signal_min", "numer": "-414503439694146740466175", "denom": "302231454903657293676544"}, {"symbol": null, "numer": "4006771934764320577", "denom": "576460752303423488"}], "level": 1, "array_name": "L''''", "phase": [0, 0]}, {"lower_bound": [{"symbol": "signal_min", "numer": "528744607677294015785", "denom": "147573952589676412928"}, {"symbol": "signal_max", "numer": "-528865023308447854295", "denom": "147573952589676412928"}, {"symbol": null, "numer": "-4218596508758521545", "denom": "576460752303423488"}], "upper_bound": [{"symbol": "signal_max", "numer": "528744607677294015785", "denom": "147573952589676412928"}, {"symbol": "signal_min", "numer": "-528865023308447854295", "denom": "147573952589676412928"}, {"symbol": null, "numer": "4218596508758521545", "denom": "576460752303423488"}], "level": 1, "array_name": "L''''", "phase": [0, 1]}, {"lower_bound": [{"symbol": "signal_min", "numer": "528744607677294015785", "denom": "147573952589676412928"}, {"symbol": "signal_max", "numer": "-528865023308447854295", "denom": "147573952589676412928"}, {"symbol": null, "numer": "-396750337839", "denom": "68719476736"}], "upper_bound": [{"symbol": "signal_max", "numer": "528744607677294015785", "denom": "147573952589676412928"}, {"symbol": "signal_min", "numer": "-528865023308447854295", "denom": "147573952589676412928"}, {"symbol": null, "numer": "396750337839", "denom": "68719476736"}], "level": 1, "array_name": "H''''", "phase": [0, 0]}, {"lower_bound": [{"symbol": "signal_min", "numer": "1283224178982508757", "denom": "288230376151711744"}, {"symbol": "signal_max", "numer": "-1283224115547563085", "denom": "288230376151711744"}, {"symbol": null, "numer": "-402389445991", "denom": "68719476736"}], "upper_bound": [{"symbol": "signal_max", "numer": "1283224178982508757", "denom": "288230376151711744"}, {"symbol": "signal_min", "numer": "-1283224115547563085", "denom": "288230376151711744"}, {"symbol": null, "numer": "402389445991", "denom": "68719476736"}], "level": 1, "array_name": "H''''", "phase": [0, 1]}], "synthesis_signal_bounds": [{"lower_bound": [{"symbol": "coeff_0_LL_min", "numer": "1", "denom": "1"}], "upper_bound": [{"symbol": "coeff_0_LL_max", "numer": "1", "denom": "1"}], "level": 1, "array_name": "LL", "phase": [0, 0]}, {"lower_bound": [{"symbol": "coeff_1_LH_min", "numer": "1", "denom": "1"}], "upper_bound": [{"symbol": "coeff_1_LH_max", "numer": "1", "denom": "1"}], "level": 1, "array_name": "LH", "phase": [0, 0]}, {"lower_bound": [{"symbol": "coeff_1_HL_min", "numer": "1", "denom": "1"}], "upper_bound": [{"symbol": "coeff_1_HL_max", "numer": "1", "denom": "1"}], "level": 1, "array_name": "HL", "phase": [0, 0]}, {"lower_bound": [{"symbol": "coeff_1_HH_min", "numer": "1", "denom": "1"}], "upper_bound": [{"symbol": "coeff_1_HH_max", "numer": "1", "denom": "1"}], "level": 1, "array_name": "HH", "phase": [0, 0]}, {"lower_bound": [{"symbol": "coeff_0_LL_min", "numer": "1", "denom": "1"}, {"symbol": "coeff_1_LH_max", "numer": "-1817", "denom": "2048"}, {"symbol": null, "numer": "-1", "denom": "2"}], "upper_bound": [{"symbol": "coeff_0_LL_max", "numer": "1", "denom": "1"}, {"symbol": "coeff_1_LH_min", "numer": "-1817", "denom": "2048"}, {"symbol": null, "numer": "1", "denom": "2"}], "level": 1, "array_name": "L'''", "phase": [0, 0]}, {"lower_bound": [{"symbol": "coeff_1_LH_min", "numer": "1", "denom": "1"}], "upper_bound": [{"symbol": "coeff_1_LH_max", "numer": "1", "denom": "1"}], "level": 1, "array_name": "L'''", "phase": [0, 1]}, {"lower_bound": [{"symbol": "coeff_1_HL_min", "numer": "1", "denom": "1"}, {"symbol": "coeff_1_HH_max", "numer": "-1817", "denom": "2048"}, {"symbol": null, "numer": "-1", "denom": "2"}], "upper_bound": [{"symbol": "coeff_1_HL_max", "numer": "1", "denom": "1"}, {"symbol": "coeff_1_HH_min", "numer": "-1817", "denom": "2048"}, {"symbol": null, "numer": "1", "denom": "2"}], "level": 1, "array_name": "H'''", "phase": [0, 0]}, {"lower_bound": [{"symbol": "coeff_1_HH_min", "numer": "1", "denom": "1"}], "upper_bound": [{"symbol": "coeff_1_HH_max", "numer": "1", "denom": "1"}], "level": 1, "array_name": "H'''", "phase": [0, 1]}, {"lower_bound": [{"symbol": "coeff_0_LL_min", "numer": "1", "denom": "1"}, {"symbol": "coeff_1_LH_max", "numer": "-1817", "denom": "2048"}, {"symbol": null, "numer": "-1", "denom": "2"}], "upper_bound": [{"symbol": "coeff_0_LL_max", "numer": "1", "denom": "1"}, {"symbol": "coeff_1_LH_min", "numer": "-1817", "denom": "2048"}, {"symbol": null, "numer": "1", "denom": "2"}], "level": 1, "array_name": "L''", "phase": [0, 0]}, {"lower_bound": [{"symbol": "coeff_1_LH_min", "numer": "336393", "denom": "131072"}, {"symbol": "coeff_0_LL_max", "numer": "-113", "denom": "64"}, {"symbol": null, "numer": "-177", "denom": "128"}], "upper_bound": [{"symbol": "coeff_1_LH_max", "numer": "336393", "denom": "131072"}, {"symbol": "coeff_0_LL_min", "numer": "-113", "denom": "64"}, {"symbol": null, "numer": "177", "denom": "128"}], "level": 1, "array_name": "L''", "phase": [0, 1]}, {"lower_bound": [{"symbol": "coeff_1_HL_min", "numer": "1", "denom": "1"}, {"symbol": "coeff_1_HH_max", "numer": "-1817", "denom": "2048"}, {"symbol": null, "numer": "-1", "denom": "2"}], "upper_bound": [{"symbol": "coeff_1_HL_max", "numer": "1", "denom": "1"}, {"symbol": "coeff_1_HH_min", "numer": "-1817", "denom": "2048"}, {"symbol": null, "numer": "1", "denom": "2"}], "level": 1, "array_name": "H''", "phase": [0, 0]}, {"lower_bound": [{"symbol": "coeff_1_HH_min", "numer": "336393", "denom": "131072"}, {"symbol": "coeff_1_HL_max", "numer": "-113", "denom": "64"}, {"symbol": null, "numer": "-177", "denom": "128"}], "upper_bound": [{"symbol": "coeff_1_HH_max", "numer": "336393", "denom": "131072"}, {"symbol": "coeff_1_HL_min", "numer": "-113", "denom": "64"}, {"symbol": null, "numer": "177", "denom": "128"}], "level": 1, "array_name": "H''", "phase": [0, 1]}, {"lower_bound": [{"symbol": "coeff_0_LL_min", "numer": "237623", "denom": "262144"}, {"symbol": "coeff_1_LH_max", "numer": "-705196829", "denom": "1073741824"}, {"symbol": null, "numer": "-4313", "denom": "4096"}, {"symbol": "coeff_0_LL_max", "numer": "-24521", "denom": "262144"}, {"symbol": "coeff_1_LH_min", "numer": "44554657", "denom": "1073741824"}], "upper_bound": [{"symbol": "coeff_0_LL_max", "numer": "237623", "denom": "262144"}, {"symbol": "coeff_1_LH_min", "numer": "-705196829", "denom": "1073741824"}, {"symbol": null, "numer": "4313", "denom": "4096"}, {"symbol": "coeff_0_LL_min", "numer": "-24521", "denom": "262144"}, {"symbol": "coeff_1_LH_max", "numer": "44554657", "denom": "1073741824"}], "level": 1, "array_name": "L'", "phase": [0, 0]}, {"lower_bound": [{"symbol": "coeff_1_LH_min", "numer": "336393", "denom": "131072"}, {"symbol": "coeff_0_LL_max", "numer": "-113", "denom": "64"}, {"symbol": null, "numer": "-177", "denom": "128"}], "upper_bound": [{"symbol": "coeff_1_LH_max", "numer": "336393", "denom": "131072"}, {"symbol": "coeff_0_LL_min", "numer": "-113", "denom": "64"}, {"symbol": null, "numer": "177", "denom": "128"}], "level": 1, "array_name": "L'", "phase": [0, 1]}, {"lower_bound": [{"symbol": "coeff_1_HL_min", "numer": "237623", "denom": "262144"}, {"symbol": "coeff_1_HH_max", "numer": "-705196829", "denom": "1073741824"}, {"symbol": null, "numer": "-4313", "denom": "4096"}, {"symbol": "coeff_1_HL_max", "numer": "-24521", "denom": "262144"}, {"symbol": "coeff_1_HH_min", "numer": "44554657", "denom": "1073741824"}], "upper_bound": [{"symbol": "coeff_1_HL_max", "numer": "237623", "denom": "262144"}, {"symbol": "coeff_1_HH_min", "numer": "-705196829", "denom": "1073741824"}, {"symbol": null, "numer": "4313", "denom": "4096"}, {"symbol": "coeff_1_HL_min", "numer": "-24521", "denom": "262144"}, {"symbol": "coeff_1_HH_max", "numer": "44554657", "denom": "1073741824"}], "level": 1, "array_name": "H'", "phase": [0, 0]}, {"lower_bound": [{"symbol": "coeff_1_HH_min", "numer": "336393", "denom": "131072"}, {"symbol": "coeff_1_HL_max", "numer": "-113", "denom": "64"}, {"symbol": null, "numer": "-177", "denom": "128"}], "upper_bound": [{"symbol": "coeff_1_HH_max", "numer": "336393", "denom": "131072"}, {"symbol": "coeff_1_HL_min", "numer": "-113", "denom": "64"}, {"symbol": null, "numer": "177", "denom": "128"}], "level": 1, "array_name": "H'", "phase": [0, 1]}, {"lower_bound": [{"symbol": "coeff_0_LL_min", "numer": "237623", "denom": "262144"}, {"symbol": "coeff_1_LH_max", "numer": "-705196829", "denom": "1073741824"}, {"symbol": null, "numer": "-4313", "denom": "4096"}, {"symbol": "coeff_0_LL_max", "numer": "-24521", "denom": "262144"}, {"symbol": "coeff_1_LH_min", "numer": "44554657", "denom": "1073741824"}], "upper_bound": [{"symbol": "coeff_0_LL_max", "numer": "237623", "denom": "262144"}, {"symbol": "coeff_1_LH_min", "numer": "-705196829", "denom": "1073741824"}, {"symbol": null, "numer": "4313", "denom": "4096"}, {"symbol": "coeff_0_LL_min", "numer": "-24521", "denom": "262144"}, {"symbol": "coeff_1_LH_max", "numer": "44554657", "denom": "1073741824"}], "level": 1, "array_name": "L", "phase": [0, 0]}, {"lower_bound": [{"symbol": "coeff_1_LH_min", "numer": "887642271489", "denom": "1099511627776"}, {"symbol": "coeff_0_LL_min", "numer": "1032534917", "denom": "1073741824"}, {"symbol": "coeff_1_LH_max", "numer": "-211869356287", "denom": "1099511627776"}, {"symbol": null, "numer": "-3553275991", "denom": "1073741824"}, {"symbol": "coeff_0_LL_max", "numer": "-159312937", "denom": "1073741824"}], "upper_bound": [{"symbol": "coeff_1_LH_max", "numer": "887642271489", "denom": "1099511627776"}, {"symbol": "coeff_0_LL_max", "numer": "1032534917", "denom": "1073741824"}, {"symbol": "coeff_1_LH_min", "numer": "-211869356287", "denom": "1099511627776"}, {"symbol": null, "numer": "3553275991", "denom": "1073741824"}, {"symbol": "coeff_0_LL_min", "numer": "-159312937", "denom": "1073741824"}], "level": 1, "array_name": "L", "phase": [0, 1]}, {"lower_bound": [{"symbol": "coeff_1_HL_min", "numer": "237623", "denom": "262144"}, {"symbol": "coeff_1_HH_max", "numer": "-705196829", "denom": "1073741824"}, {"symbol": null, "numer": "-4313", "denom": "4096"}, {"symbol": "coeff_1_HL_max", "numer": "-24521", "denom": "262144"}, {"symbol": "coeff_1_HH_min", "numer": "44554657", "denom": "1073741824"}], "upper_bound": [{"symbol": "coeff_1_HL_max", "numer": "237623", "denom": "262144"}, {"symbol": "coeff_1_HH_min", "numer": "-705196829", "denom": "1073741824"}, {"symbol": null, "numer": "4313", "denom": "4096"}, {"symbol": "coeff_1_HL_min", "numer": "-24521", "denom": "262144"}, {"symbol": "coeff_1_HH_max", "numer": "44554657", "denom": "1073741824"}], "level": 1, "array_name": "H", "phase": [0, 0]}, {"lower_bound": [{"symbol": "coeff_1_HH_min", "numer": "887642271489", "denom": "1099511627776"}, {"symbol": "coeff_1_HL_min", "numer": "1032534917", "denom": "1073741824"}, {"symbol": "coeff_1_HH_max", "numer": "-211869356287", "denom": "1099511627776"}, {"symbol": null, "numer": "-3553275991", "denom": "1073741824"}, {"symbol": "coeff_1_HL_max", "numer": "-159312937", "denom": "1073741824"}], "upper_bound": [{"symbol": "coeff_1_HH_max", "numer": "887642271489", "denom": "1099511627776"}, {"symbol": "coeff_1_HL_max", "numer": "1032534917", "denom": "1073741824"}, {"symbol": "coeff_1_HH_min", "numer": "-211869356287", "denom": "1099511627776"}, {"symbol": null, "numer": "3553275991", "denom": "1073741824"}, {"symbol": "coeff_1_HL_min", "numer": "-159312937", "denom": "1073741824"}], "level": 1, "array_name": "H", "phase": [0, 1]}, {"lower_bound": [{"symbol": "coeff_0_LL_min", "numer": "237623", "denom": "262144"}, {"symbol": "coeff_1_LH_max", "numer": "-705196829", "denom": "1073741824"}, {"symbol": null, "numer": "-20864049", "denom": "8388608"}, {"symbol": "coeff_0_LL_max", "numer": "-24521", "denom": "262144"}, {"symbol": "coeff_1_LH_min", "numer": "44554657", "denom": "1073741824"}, {"symbol": "coeff_1_HL_max", "numer": "-431760991", "denom": "536870912"}, {"symbol": "coeff_1_HH_min", "numer": "1281342638293", "denom": "2199023255552"}, {"symbol": "coeff_1_HL_min", "numer": "44554657", "denom": "536870912"}, {"symbol": "coeff_1_HH_max", "numer": "-80955811769", "denom": "2199023255552"}], "upper_bound": [{"symbol": "coeff_0_LL_max", "numer": "237623", "denom": "262144"}, {"symbol": "coeff_1_LH_min", "numer": "-705196829", "denom": "1073741824"}, {"symbol": null, "numer": "20864049", "denom": "8388608"}, {"symbol": "coeff_0_LL_min", "numer": "-24521", "denom": "262144"}, {"symbol": "coeff_1_LH_max", "numer": "44554657", "denom": "1073741824"}, {"symbol": "coeff_1_HL_min", "numer": "-431760991", "denom": "536870912"}, {"symbol": "coeff_1_HH_max", "numer": "1281342638293", "denom": "2199023255552"}, {"symbol": "coeff_1_HL_max", "numer": "44554657", "denom": "536870912"}, {"symbol": "coeff_1_HH_min", "numer": "-80955811769", "denom": "2199023255552"}], "level": 1, "array_name": "DC'''", "phase": [0, 0]}, {"lower_bound": [{"symbol": "coeff_1_LH_min", "numer": "887642271489", "denom": "1099511627776"}, {"symbol": "coeff_0_LL_min", "numer": "1032534917", "denom": "1073741824"}, {"symbol": "coeff_1_LH_max", "numer": "-211869356287", "denom": "1099511627776"}, {"symbol": null, "numer": "-14832923332991", "denom": "2199023255552"}, {"symbol": "coeff_0_LL_max", "numer": "-159312937", "denom": "1073741824"}, {"symbol": "coeff_1_HH_max", "numer": "-1612846007295513", "denom": "2251799813685248"}, {"symbol": "coeff_1_HL_max", "numer": "-1876115944189", "denom": "2199023255552"}, {"symbol": "coeff_1_HH_min", "numer": "384966620373479", "denom": "2251799813685248"}, {"symbol": "coeff_1_HL_min", "numer": "289471606529", "denom": "2199023255552"}], "upper_bound": [{"symbol": "coeff_1_LH_max", "numer": "887642271489", "denom": "1099511627776"}, {"symbol": "coeff_0_LL_max", "numer": "1032534917", "denom": "1073741824"}, {"symbol": "coeff_1_LH_min", "numer": "-211869356287", "denom": "1099511627776"}, {"symbol": null, "numer": "14832923332991", "denom": "2199023255552"}, {"symbol": "coeff_0_LL_min", "numer": "-159312937", "denom": "1073741824"}, {"symbol": "coeff_1_HH_min", "numer": "-1612846007295513", "denom": "2251799813685248"}, {"symbol": "coeff_1_HL_min", "numer": "-1876115944189", "denom": "2199023255552"}, {"symbol": "coeff_1_HH_max", "numer": "384966620373479", "denom": "2251799813685248"}, {"symbol": "coeff_1_HL_max", "numer": "289471606529", "denom": "2199023255552"}], "level": 1, "array_name": "DC'''", "phase": [0, 1]}, {"lower_bound": [{"symbol": "coeff_1_HL_min", "numer": "237623", "denom": "262144"}, {"symbol": "coeff_1_HH_max", "numer": "-705196829", "denom": "1073741824"}, {"symbol": null, "numer": "-4313", "denom": "4096"}, {"symbol": "coeff_1_HL_max", "numer": "-24521", "denom": "262144"}, {"symbol": "coeff_1_HH_min", "numer": "44554657", "denom": "1073741824"}], "upper_bound": [{"symbol": "coeff_1_HL_max", "numer": "237623", "denom": "262144"}, {"symbol": "coeff_1_HH_min", "numer": "-705196829", "denom": "1073741824"}, {"symbol": null, "numer": "4313", "denom": "4096"}, {"symbol": "coeff_1_HL_min", "numer": "-24521", "denom": "262144"}, {"symbol": "coeff_1_HH_max", "numer": "44554657", "denom": "1073741824"}], "level": 1, "array_name": "DC'''", "phase": [1, 0]}, {"lower_bound": [{"symbol": "coeff_1_HH_min", "numer": "887642271489", "denom": "1099511627776"}, {"symbol": "coeff_1_HL_min", "numer": "1032534917", "denom": "1073741824"}, {"symbol": "coeff_1_HH_max", "numer": "-211869356287", "denom": "1099511627776"}, {"symbol": null, "numer": "-3553275991", "denom": "1073741824"}, {"symbol": "coeff_1_HL_max", "numer": "-159312937", "denom": "1073741824"}], "upper_bound": [{"symbol": "coeff_1_HH_max", "numer": "887642271489", "denom": "1099511627776"}, {"symbol": "coeff_1_HL_max", "numer": "1032534917", "denom": "1073741824"}, {"symbol": "coeff_1_HH_min", "numer": "-211869356287", "denom": "1099511627776"}, {"symbol": null, "numer": "3553275991", "denom": "1073741824"}, {"symbol": "coeff_1_HL_min", "numer": "-159312937", "denom": "1073741824"}], "level": 1, "array_name": "DC'''", "phase": [1, 1]}, {"lower_bound": [{"symbol": "coeff_0_LL_min", "numer": "237623", "denom": "262144"}, {"symbol": "coeff_1_LH_max", "numer": "-705196829", "denom": "1073741824"}, {"symbol": null, "numer": "-20864049", "denom": "8388608"}, {"symbol": "coeff_0_LL_max", "numer": "-24521", "denom": "262144"}, {"symbol": "coeff_1_LH_min", "numer": "44554657", "denom": "1073741824"}, {"symbol": "coeff_1_HL_max", "numer": "-431760991", "denom": "536870912"}, {"symbol": "coeff_1_HH_min", "numer": "1281342638293", "denom": "2199023255552"}, {"symbol": "coeff_1_HL_min", "numer": "44554657", "denom": "536870912"}, {"symbol": "coeff_1_HH_max", "numer": "-80955811769", "denom": "2199023255552"}], "upper_bound": [{"symbol": "coeff_0_LL_max", "numer": "237623", "denom": "262144"}, {"symbol": "coeff_1_LH_min", "numer": "-705196829", "denom": "1073741824"}, {"symbol": null, "numer": "20864049", "denom": "8388608"}, {"symbol": "coeff_0_LL_min", "numer": "-24521", "denom": "262144"}, {"symbol": "coeff_1_LH_max", "numer": "44554657", "denom": "1073741824"}, {"symbol": "coeff_1_HL_min", "numer": "-431760991", "denom": "536870912"}, {"symbol": "coeff_1_HH_max", "numer": "1281342638293", "denom": "2199023255552"}, {"symbol": "coeff_1_HL_max", "numer": "44554657", "denom": "536870912"}, {"symbol": "coeff_1_HH_min", "numer": "-80955811769", "denom": "2199023255552"}], "level": 1, "array_name": "DC''", "phase": [0, 0]}, {"lower_bound": [{"symbol": "coeff_1_LH_min", "numer": "887642271489", "denom": "1099511627776"}, {"symbol": "coeff_0_LL_min", "numer": "1032534917", "denom": "1073741824"}, {"symbol": "coeff_1_LH_max", "numer": "-211869356287", "denom": "1099511627776"}, {"symbol": null, "numer": "-14832923332991", "denom": "2199023255552"}, {"symbol": "coeff_0_LL_max", "numer": "-159312937", "denom": "1073741824"}, {"symbol": "coeff_1_HH_max", "numer": "-1612846007295513", "denom": "2251799813685248"}, {"symbol": "coeff_1_HL_max", "numer": "-1876115944189", "denom": "2199023255552"}, {"symbol": "coeff_1_HH_min", "numer": "384966620373479", "denom": "2251799813685248"}, {"symbol": "coeff_1_HL_min", "numer": "289471606529", "denom": "2199023255552"}], "upper_bound": [{"symbol": "coeff_1_LH_max", "numer": "887642271489", "denom": "1099511627776"}, {"symbol": "coeff_0_LL_max", "numer": "1032534917", "denom": "1073741824"}, {"symbol": "coeff_1_LH_min", "numer": "-211869356287", "denom": "1099511627776"}, {"symbol": null, "numer": "14832923332991", "denom": "2199023255552"}, {"symbol": "coeff_0_LL_min", "numer": "-159312937", "denom": "1073741824"}, {"symbol": "coeff_1_HH_min", "numer": "-1612846007295513", "denom": "2251799813685248"}, {"symbol": "coeff_1_HL_min", "numer": "-1876115944189", "denom": "2199023255552"}, {"symbol": "coeff_1_HH_max", "numer": "384966620373479", "denom": "2251799813685248"}, {"symbol": "coeff_1_HL_max", "numer": "289471606529", "denom": "2199023255552"}], "level": 1, "array_name": "DC''", "phase": [0, 1]}, {"lower_bound": [{"symbol": "coeff_1_HL_min", "numer": "79934713839", "denom": "34359738368"}, {"symbol": "coeff_1_HH_max", "numer": "-237223276897797", "denom": "140737488355328"}, {"symbol": null, "numer": "-3191386529", "denom": "536870912"}, {"symbol": "coeff_1_HL_max", "numer": "-8248692753", "denom": "34359738368"}, {"symbol": "coeff_1_HH_min", "numer": "14987874732201", "denom": "140737488355328"}, {"symbol": "coeff_0_LL_max", "numer": "-26851399", "denom": "16777216"}, {"symbol": "coeff_1_LH_min", "numer": "79687241677", "denom": "68719476736"}, {"symbol": "coeff_0_LL_min", "numer": "2770873", "denom": "16777216"}, {"symbol": "coeff_1_LH_max", "numer": "-5034676241", "denom": "68719476736"}], "upper_bound": [{"symbol": "coeff_1_HL_max", "numer": "79934713839", "denom": "34359738368"}, {"symbol": "coeff_1_HH_min", "numer": "-237223276897797", "denom": "140737488355328"}, {"symbol": null, "numer": "3191386529", "denom": "536870912"}, {"symbol": "coeff_1_HL_min", "numer": "-8248692753", "denom": "34359738368"}, {"symbol": "coeff_1_HH_max", "numer": "14987874732201", "denom": "140737488355328"}, {"symbol": "coeff_0_LL_min", "numer": "-26851399", "denom": "16777216"}, {"symbol": "coeff_1_LH_max", "numer": "79687241677", "denom": "68719476736"}, {"symbol": "coeff_0_LL_max", "numer": "2770873", "denom": "16777216"}, {"symbol": "coeff_1_LH_min", "numer": "-5034676241", "denom": "68719476736"}], "level": 1, "array_name": "DC''", "phase": [1, 0]}, {"lower_bound": [{"symbol": "coeff_1_HH_min", "numer": "298596646632999177", "denom": "144115188075855872"}, {"symbol": "coeff_1_HL_min", "numer": "347337518334381", "denom": "140737488355328"}, {"symbol": "coeff_1_HH_max", "numer": "-71271368369452791", "denom": "144115188075855872"}, {"symbol": null, "numer": "-2212224071497999", "denom": "140737488355328"}, {"symbol": "coeff_1_HL_max", "numer": "-53591756816241", "denom": "140737488355328"}, {"symbol": "coeff_1_LH_max", "numer": "-100303576678257", "denom": "70368744177664"}, {"symbol": "coeff_0_LL_max", "numer": "-116676445621", "denom": "68719476736"}, {"symbol": "coeff_1_LH_min", "numer": "23941237260431", "denom": "70368744177664"}, {"symbol": "coeff_0_LL_min", "numer": "18002361881", "denom": "68719476736"}], "upper_bound": [{"symbol": "coeff_1_HH_max", "numer": "298596646632999177", "denom": "144115188075855872"}, {"symbol": "coeff_1_HL_max", "numer": "347337518334381", "denom": "140737488355328"}, {"symbol": "coeff_1_HH_min", "numer": "-71271368369452791", "denom": "144115188075855872"}, {"symbol": null, "numer": "2212224071497999", "denom": "140737488355328"}, {"symbol": "coeff_1_HL_min", "numer": "-53591756816241", "denom": "140737488355328"}, {"symbol": "coeff_1_LH_min", "numer": "-100303576678257", "denom": "70368744177664"}, {"symbol": "coeff_0_LL_min", "numer": "-116676445621", "denom": "68719476736"}, {"symbol": "coeff_1_LH_max", "numer": "23941237260431", "denom": "70368744177664"}, {"symbol": "coeff_0_LL_max", "numer": "18002361881", "denom": "68719476736"}], "level": 1, "array_name": "DC''", "phase": [1, 1]}, {"lower_bound": [{"symbol": "coeff_0_LL_min", "numer": "28532984785", "denom": "34359738368"}, {"symbol": "coeff_1_LH_max", "numer": "-42165877710441", "denom": "70368744177664"}, {"symbol": null, "numer": "-6247887566471", "denom": "2199023255552"}, {"symbol": "coeff_0_LL_max", "numer": "-5826753583", "denom": "34359738368"}, {"symbol": "coeff_1_LH_min", "numer": "6969835676055", "denom": "70368744177664"}, {"symbol": "coeff_1_HL_max", "numer": "-42165877710441", "denom": "70368744177664"}, {"symbol": "coeff_1_HH_min", "numer": "249643842546021445", "denom": "576460752303423488"}, {"symbol": "coeff_1_HL_min", "numer": "6969835676055", "denom": "70368744177664"}, {"symbol": "coeff_1_HH_max", "numer": "-31419802833582653", "denom": "576460752303423488"}], "upper_bound": [{"symbol": "coeff_0_LL_max", "numer": "28532984785", "denom": "34359738368"}, {"symbol": "coeff_1_LH_min", "numer": "-42165877710441", "denom": "70368744177664"}, {"symbol": null, "numer": "6247887566471", "denom": "2199023255552"}, {"symbol": "coeff_0_LL_min", "numer": "-5826753583", "denom": "34359738368"}, {"symbol": "coeff_1_LH_max", "numer": "6969835676055", "denom": "70368744177664"}, {"symbol": "coeff_1_HL_min", "numer": "-42165877710441", "denom": "70368744177664"}, {"symbol": "coeff_1_HH_max", "numer": "249643842546021445", "denom": "576460752303423488"}, {"symbol": "coeff_1_HL_max", "numer": "6969835676055", "denom": "70368744177664"}, {"symbol": "coeff_1_HH_min", "numer": "-31419802833582653", "denom": "576460752303423488"}], "level": 1, "array_name": "DC'", "phase": [0, 0]}, {"lower_bound": [{"symbol": "coeff_1_LH_min", "numer": "108059733981772087", "denom": "144115188075855872"}, {"symbol": "coeff_0_LL_min", "numer": "62315139277617", "denom": "70368744177664"}, {"symbol": "coeff_1_LH_max", "numer": "-36055454094083785", "denom": "144115188075855872"}, {"symbol": null, "numer": "-3846688286362589769", "denom": "576460752303423488"}, {"symbol": "coeff_0_LL_max", "numer": "-15793801682127", "denom": "70368744177664"}, {"symbol": "coeff_1_HH_max", "numer": "-158850570409644496735", "denom": "295147905179352825856"}, {"symbol": "coeff_1_HL_max", "numer": "-367619241281937901", "denom": "576460752303423488"}, {"symbol": "coeff_1_HH_min", "numer": "47239548790189222049", "denom": "295147905179352825856"}, {"symbol": "coeff_1_HL_min", "numer": "79175608529267621", "denom": "576460752303423488"}], "upper_bound": [{"symbol": "coeff_1_LH_max", "numer": "108059733981772087", "denom": "144115188075855872"}, {"symbol": "coeff_0_LL_max", "numer": "62315139277617", "denom": "70368744177664"}, {"symbol": "coeff_1_LH_min", "numer": "-36055454094083785", "denom": "144115188075855872"}, {"symbol": null, "numer": "3846688286362589769", "denom": "576460752303423488"}, {"symbol": "coeff_0_LL_min", "numer": "-15793801682127", "denom": "70368744177664"}, {"symbol": "coeff_1_HH_min", "numer": "-158850570409644496735", "denom": "295147905179352825856"}, {"symbol": "coeff_1_HL_min", "numer": "-367619241281937901", "denom": "576460752303423488"}, {"symbol": "coeff_1_HH_max", "numer": "47239548790189222049", "denom": "295147905179352825856"}, {"symbol": "coeff_1_HL_max", "numer": "79175608529267621", "denom": "576460752303423488"}], "level": 1, "array_name": "DC'", "phase": [0, 1]}, {"lower_bound": [{"symbol": "coeff_1_HL_min", "numer": "79934713839", "denom": "34359738368"}, {"symbol": "coeff_1_HH_max", "numer": "-237223276897797", "denom": "140737488355328"}, {"symbol": null, "numer": "-3191386529", "denom": "536870912"}, {"symbol": "coeff_1_HL_max", "numer": "-8248692753", "denom": "34359738368"}, {"symbol": "coeff_1_HH_min", "numer": "14987874732201", "denom": "140737488355328"}, {"symbol": "coeff_0_LL_max", "numer": "-26851399", "denom": "16777216"}, {"symbol": "coeff_1_LH_min", "numer": "79687241677", "denom": "68719476736"}, {"symbol": "coeff_0_LL_min", "numer": "2770873", "denom": "16777216"}, {"symbol": "coeff_1_LH_max", "numer": "-5034676241", "denom": "68719476736"}], "upper_bound": [{"symbol": "coeff_1_HL_max", "numer": "79934713839", "denom": "34359738368"}, {"symbol": "coeff_1_HH_min", "numer": "-237223276897797", "denom": "140737488355328"}, {"symbol": null, "numer": "3191386529", "denom": "536870912"}, {"symbol": "coeff_1_HL_min", "numer": "-8248692753", "denom": "34359738368"}, {"symbol": "coeff_1_HH_max", "numer": "14987874732201", "denom": "140737488355328"}, {"symbol": "coeff_0_LL_min", "numer": "-26851399", "denom": "16777216"}, {"symbol": "coeff_1_LH_max", "numer": "79687241677", "denom": "68719476736"}, {"symbol": "coeff_0_LL_max", "numer": "2770873", "denom": "16777216"}, {"symbol": "coeff_1_LH_min", "numer": "-5034676241", "denom": "68719476736"}], "level": 1, "array_name": "DC'", "phase": [1, 0]}, {"lower_bound": [{"symbol": "coeff_1_HH_min", "numer": "298596646632999177", "denom": "144115188075855872"}, {"symbol": "coeff_1_HL_min", "numer": "347337518334381", "denom": "140737488355328"}, {"symbol": "coeff_1_HH_max", "numer": "-71271368369452791", "denom": "144115188075855872"}, {"symbol": null, "numer": "-2212224071497999", "denom": "140737488355328"}, {"symbol": "coeff_1_HL_max", "numer": "-53591756816241", "denom": "140737488355328"}, {"symbol": "coeff_1_LH_max", "numer": "-100303576678257", "denom": "70368744177664"}, {"symbol": "coeff_0_LL_max", "numer": "-116676445621", "denom": "68719476736"}, {"symbol": "coeff_1_LH_min", "numer": "23941237260431", "denom": "70368744177664"}, {"symbol": "coeff_0_LL_min", "numer": "18002361881", "denom": "68719476736"}], "upper_bound": [{"symbol": "coeff_1_HH_max", "numer": "298596646632999177", "denom": "144115188075855872"}, {"symbol": "coeff_1_HL_max", "numer": "347337518334381", "denom": "140737488355328"}, {"symbol": "coeff_1_HH_min", "numer": "-71271368369452791", "denom": "144115188075855872"}, {"symbol": null, "numer": "2212224071497999", "denom": "140737488355328"}, {"symbol": "coeff_1_HL_min", "numer": "-53591756816241", "denom": "140737488355328"}, {"symbol": "coeff_1_LH_min", "numer": "-100303576678257", "denom": "70368744177664"}, {"symbol": "coeff_0_LL_min", "numer": "-116676445621", "denom": "68719476736"}, {"symbol": "coeff_1_LH_max", "numer": "23941237260431", "denom": "70368744177664"}, {"symbol": "coeff_0_LL_max", "numer": "18002361881", "denom": "68719476736"}], "level": 1, "array_name": "DC'", "phase": [1, 1]}, {"lower_bound": [{"symbol": "coeff_0_LL_min", "numer": "28532984785", "denom": "34359738368"}, {"symbol": "coeff_1_LH_max", "numer": "-42165877710441", "denom": "70368744177664"}, {"symbol": null, "numer": "-6247887566471", "denom": "2199023255552"}, {"symbol": "coeff_0_LL_max", "numer": "-5826753583", "denom": "34359738368"}, {"symbol": "coeff_1_LH_min", "numer": "6969835676055", "denom": "70368744177664"}, {"symbol": "coeff_1_HL_max", "numer": "-42165877710441", "denom": "70368744177664"}, {"symbol": "coeff_1_HH_min", "numer": "249643842546021445", "denom": "576460752303423488"}, {"symbol": "coeff_1_HL_min", "numer": "6969835676055", "denom": "70368744177664"}, {"symbol": "coeff_1_HH_max", "numer": "-31419802833582653", "denom": "576460752303423488"}], "upper_bound": [{"symbol": "coeff_0_LL_max", "numer": "28532984785", "denom": "34359738368"}, {"symbol": "coeff_1_LH_min", "numer": "-42165877710441", "denom": "70368744177664"}, {"symbol": null, "numer": "6247887566471", "denom": "2199023255552"}, {"symbol": "coeff_0_LL_min", "numer": "-5826753583", "denom": "34359738368"}, {"symbol": "coeff_1_LH_max", "numer": "6969835676055", "denom": "70368744177664"}, {"symbol": "coeff_1_HL_min", "numer": "-42165877710441", "denom": "70368744177664"}, {"symbol": "coeff_1_HH_max", "numer": "249643842546021445", "denom": "576460752303423488"}, {"symbol": "coeff_1_HL_max", "numer": "6969835676055", "denom": "70368744177664"}, {"symbol": "coeff_1_HH_min", "numer": "-31419802833582653", "denom": "576460752303423488"}], "level": 1, "array_name": "DC", "phase": [0, 0]}, {"lower_bound": [{"symbol": "coeff_1_LH_min", "numer": "108059733981772087", "denom": "144115188075855872"}, {"symbol": "coeff_0_LL_min", "numer": "62315139277617", "denom": "70368744177664"}, {"symbol": "coeff_1_LH_max", "numer": "-36055454094083785", "denom": "144115188075855872"}, {"symbol": null, "numer": "-3846688286362589769", "denom": "576460752303423488"}, {"symbol": "coeff_0_LL_max", "numer": "-15793801682127", "denom": "70368744177664"}, {"symbol": "coeff_1_HH_max", "numer": "-158850570409644496735", "denom": "295147905179352825856"}, {"symbol": "coeff_1_HL_max", "numer": "-367619241281937901", "denom": "576460752303423488"}, {"symbol": "coeff_1_HH_min", "numer": "47239548790189222049", "denom": "295147905179352825856"}, {"symbol": "coeff_1_HL_min", "numer": "79175608529267621", "denom": "576460752303423488"}], "upper_bound": [{"symbol": "coeff_1_LH_max", "numer": "108059733981772087", "denom": "144115188075855872"}, {"symbol": "coeff_0_LL_max", "numer": "62315139277617", "denom": "70368744177664"}, {"symbol": "coeff_1_LH_min", "numer": "-36055454094083785", "denom": "144115188075855872"}, {"symbol": null, "numer": "3846688286362589769", "denom": "576460752303423488"}, {"symbol": "coeff_0_LL_min", "numer": "-15793801682127", "denom": "70368744177664"}, {"symbol": "coeff_1_HH_min", "numer": "-158850570409644496735", "denom": "295147905179352825856"}, {"symbol": "coeff_1_HL_min", "numer": "-367619241281937901", "denom": "576460752303423488"}, {"symbol": "coeff_1_HH_max", "numer": "47239548790189222049", "denom": "295147905179352825856"}, {"symbol": "coeff_1_HL_max", "numer": "79175608529267621", "denom": "576460752303423488"}], "level": 1, "array_name": "DC", "phase": [0, 1]}, {"lower_bound": [{"symbol": "coeff_1_HL_min", "numer": "108059733981772087", "denom": "144115188075855872"}, {"symbol": "coeff_1_HH_max", "numer": "-158850570409644496735", "denom": "295147905179352825856"}, {"symbol": null, "numer": "-12162853370175", "denom": "2199023255552"}, {"symbol": "coeff_1_HL_max", "numer": "-36055454094083785", "denom": "144115188075855872"}, {"symbol": "coeff_1_HH_min", "numer": "47239548790189222049", "denom": "295147905179352825856"}, {"symbol": "coeff_0_LL_min", "numer": "62315139277617", "denom": "70368744177664"}, {"symbol": "coeff_1_LH_max", "numer": "-367619241281937901", "denom": "576460752303423488"}, {"symbol": "coeff_0_LL_max", "numer": "-15793801682127", "denom": "70368744177664"}, {"symbol": "coeff_1_LH_min", "numer": "79175608529267621", "denom": "576460752303423488"}], "upper_bound": [{"symbol": "coeff_1_HL_max", "numer": "108059733981772087", "denom": "144115188075855872"}, {"symbol": "coeff_1_HH_min", "numer": "-158850570409644496735", "denom": "295147905179352825856"}, {"symbol": null, "numer": "12162853370175", "denom": "2199023255552"}, {"symbol": "coeff_1_HL_min", "numer": "-36055454094083785", "denom": "144115188075855872"}, {"symbol": "coeff_1_HH_max", "numer": "47239548790189222049", "denom": "295147905179352825856"}, {"symbol": "coeff_0_LL_max", "numer": "62315139277617", "denom": "70368744177664"}, {"symbol": "coeff_1_LH_min", "numer": "-367619241281937901", "denom": "576460752303423488"}, {"symbol": "coeff_0_LL_min", "numer": "-15793801682127", "denom": "70368744177664"}, {"symbol": "coeff_1_LH_max", "numer": "79175608529267621", "denom": "576460752303423488"}], "level": 1, "array_name": "DC", "phase": [1, 0]}, {"lower_bound": [{"symbol": "coeff_1_HH_min", "numer": "416398713133809664351745", "denom": "604462909807314587353088"}, {"symbol": "coeff_1_HL_min", "numer": "237568792131991866583", "denom": "295147905179352825856"}, {"symbol": "coeff_1_HH_max", "numer": "-188064196673504923001343", "denom": "604462909807314587353088"}, {"symbol": null, "numer": "-5932783226023284241", "denom": "576460752303423488"}, {"symbol": "coeff_1_HL_max", "numer": "-90043851371226231593", "denom": "295147905179352825856"}, {"symbol": "coeff_1_LH_min", "numer": "237568792131991866583", "denom": "295147905179352825856"}, {"symbol": "coeff_0_LL_min", "numer": "545754483359881429", "denom": "576460752303423488"}, {"symbol": "coeff_1_LH_max", "numer": "-90043851371226231593", "denom": "295147905179352825856"}, {"symbol": "coeff_0_LL_max", "numer": "-164496170182321229", "denom": "576460752303423488"}], "upper_bound": [{"symbol": "coeff_1_HH_max", "numer": "416398713133809664351745", "denom": "604462909807314587353088"}, {"symbol": "coeff_1_HL_max", "numer": "237568792131991866583", "denom": "295147905179352825856"}, {"symbol": "coeff_1_HH_min", "numer": "-188064196673504923001343", "denom": "604462909807314587353088"}, {"symbol": null, "numer": "5932783226023284241", "denom": "576460752303423488"}, {"symbol": "coeff_1_HL_min", "numer": "-90043851371226231593", "denom": "295147905179352825856"}, {"symbol": "coeff_1_LH_max", "numer": "237568792131991866583", "denom": "295147905179352825856"}, {"symbol": "coeff_0_LL_max", "numer": "545754483359881429", "denom": "576460752303423488"}, {"symbol": "coeff_1_LH_min", "numer": "-90043851371226231593", "denom": "295147905179352825856"}, {"symbol": "coeff_0_LL_min", "numer": "-164496170182321229", "denom": "576460752303423488"}], "level": 1, "array_name": "DC", "phase": [1, 1]}, {"lower_bound": [{"symbol": "coeff_0_LL_min", "numer": "28532984785", "denom": "68719476736"}, {"symbol": "coeff_1_LH_max", "numer": "-42165877710441", "denom": "140737488355328"}, {"symbol": null, "numer": "-8446910822023", "denom": "4398046511104"}, {"symbol": "coeff_0_LL_max", "numer": "-5826753583", "denom": "68719476736"}, {"symbol": "coeff_1_LH_min", "numer": "6969835676055", "denom": "140737488355328"}, {"symbol": "coeff_1_HL_max", "numer": "-42165877710441", "denom": "140737488355328"}, {"symbol": "coeff_1_HH_min", "numer": "249643842546021445", "denom": "1152921504606846976"}, {"symbol": "coeff_1_HL_min", "numer": "6969835676055", "denom": "140737488355328"}, {"symbol": "coeff_1_HH_max", "numer": "-31419802833582653", "denom": "1152921504606846976"}], "upper_bound": [{"symbol": "coeff_0_LL_max", "numer": "28532984785", "denom": "68719476736"}, {"symbol": "coeff_1_LH_min", "numer": "-42165877710441", "denom": "140737488355328"}, {"symbol": null, "numer": "8446910822023", "denom": "4398046511104"}, {"symbol": "coeff_0_LL_min", "numer": "-5826753583", "denom": "68719476736"}, {"symbol": "coeff_1_LH_max", "numer": "6969835676055", "denom": "140737488355328"}, {"symbol": "coeff_1_HL_min", "numer": "-42165877710441", "denom": "140737488355328"}, {"symbol": "coeff_1_HH_max", "numer": "249643842546021445", "denom": "1152921504606846976"}, {"symbol": "coeff_1_HL_max", "numer": "6969835676055", "denom": "140737488355328"}, {"symbol": "coeff_1_HH_min", "numer": "-31419802833582653", "denom": "1152921504606846976"}], "level": 1, "array_name": "Output", "phase": [0, 0]}, {"lower_bound": [{"symbol": "coeff_1_LH_min", "numer": "108059733981772087", "denom": "288230376151711744"}, {"symbol": "coeff_0_LL_min", "numer": "62315139277617", "denom": "140737488355328"}, {"symbol": "coeff_1_LH_max", "numer": "-36055454094083785", "denom": "288230376151711744"}, {"symbol": null, "numer": "-4423149038666013257", "denom": "1152921504606846976"}, {"symbol": "coeff_0_LL_max", "numer": "-15793801682127", "denom": "140737488355328"}, {"symbol": "coeff_1_HH_max", "numer": "-158850570409644496735", "denom": "590295810358705651712"}, {"symbol": "coeff_1_HL_max", "numer": "-367619241281937901", "denom": "1152921504606846976"}, {"symbol": "coeff_1_HH_min", "numer": "47239548790189222049", "denom": "590295810358705651712"}, {"symbol": "coeff_1_HL_min", "numer": "79175608529267621", "denom": "1152921504606846976"}], "upper_bound": [{"symbol": "coeff_1_LH_max", "numer": "108059733981772087", "denom": "288230376151711744"}, {"symbol": "coeff_0_LL_max", "numer": "62315139277617", "denom": "140737488355328"}, {"symbol": "coeff_1_LH_min", "numer": "-36055454094083785", "denom": "288230376151711744"}, {"symbol": null, "numer": "4423149038666013257", "denom": "1152921504606846976"}, {"symbol": "coeff_0_LL_min", "numer": "-15793801682127", "denom": "140737488355328"}, {"symbol": "coeff_1_HH_min", "numer": "-158850570409644496735", "denom": "590295810358705651712"}, {"symbol": "coeff_1_HL_min", "numer": "-367619241281937901", "denom": "1152921504606846976"}, {"symbol": "coeff_1_HH_max", "numer": "47239548790189222049", "denom": "590295810358705651712"}, {"symbol": "coeff_1_HL_max", "numer": "79175608529267621", "denom": "1152921504606846976"}], "level": 1, "array_name": "Output", "phase": [0, 1]}, {"lower_bound": [{"symbol": "coeff_1_HL_min", "numer": "108059733981772087", "denom": "288230376151711744"}, {"symbol": "coeff_1_HH_max", "numer": "-158850570409644496735", "denom": "590295810358705651712"}, {"symbol": null, "numer": "-14361876625727", "denom": "4398046511104"}, {"symbol": "coeff_1_HL_max", "numer": "-36055454094083785", "denom": "288230376151711744"}, {"symbol": "coeff_1_HH_min", "numer": "47239548790189222049", "denom": "590295810358705651712"}, {"symbol": "coeff_0_LL_min", "numer": "62315139277617", "denom": "140737488355328"}, {"symbol": "coeff_1_LH_max", "numer": "-367619241281937901", "denom": "1152921504606846976"}, {"symbol": "coeff_0_LL_max", "numer": "-15793801682127", "denom": "140737488355328"}, {"symbol": "coeff_1_LH_min", "numer": "79175608529267621", "denom": "1152921504606846976"}], "upper_bound": [{"symbol": "coeff_1_HL_max", "numer": "108059733981772087", "denom": "288230376151711744"}, {"symbol": "coeff_1_HH_min", "numer": "-158850570409644496735", "denom": "590295810358705651712"}, {"symbol": null, "numer": "14361876625727", "denom": "4398046511104"}, {"symbol": "coeff_1_HL_min", "numer": "-36055454094083785", "denom": "288230376151711744"}, {"symbol": "coeff_1_HH_max", "numer": "47239548790189222049", "denom": "590295810358705651712"}, {"symbol": "coeff_0_LL_max", "numer": "62315139277617", "denom": "140737488355328"}, {"symbol": "coeff_1_LH_min", "numer": "-367619241281937901", "denom": "1152921504606846976"}, {"symbol": "coeff_0_LL_min", "numer": "-15793801682127", "denom": "140737488355328"}, {"symbol": "coeff_1_LH_max", "numer": "79175608529267621", "denom": "1152921504606846976"}], "level": 1, "array_name": "Output", "phase": [1, 0]}, {"lower_bound": [{"symbol": "coeff_1_HH_min", "numer": "416398713133809664351745", "denom": "1208925819614629174706176"}, {"symbol": "coeff_1_HL_min", "numer": "237568792131991866583", "denom": "590295810358705651712"}, {"symbol": "coeff_1_HH_max", "numer": "-188064196673504923001343", "denom": "1208925819614629174706176"}, {"symbol": null, "numer": "-6509243978326707729", "denom": "1152921504606846976"}, {"symbol": "coeff_1_HL_max", "numer": "-90043851371226231593", "denom": "590295810358705651712"}, {"symbol": "coeff_1_LH_min", "numer": "237568792131991866583", "denom": "590295810358705651712"}, {"symbol": "coeff_0_LL_min", "numer": "545754483359881429", "denom": "1152921504606846976"}, {"symbol": "coeff_1_LH_max", "numer": "-90043851371226231593", "denom": "590295810358705651712"}, {"symbol": "coeff_0_LL_max", "numer": "-164496170182321229", "denom": "1152921504606846976"}], "upper_bound": [{"symbol": "coeff_1_HH_max", "numer": "416398713133809664351745", "denom": "1208925819614629174706176"}, {"symbol": "coeff_1_HL_max", "numer": "237568792131991866583", "denom": "590295810358705651712"}, {"symbol": "coeff_1_HH_min", "numer": "-188064196673504923001343", "denom": "1208925819614629174706176"}, {"symbol": null, "numer": "6509243978326707729", "denom": "1152921504606846976"}, {"symbol": "coeff_1_HL_min", "numer": "-90043851371226231593", "denom": "590295810358705651712"}, {"symbol": "coeff_1_LH_max", "numer": "237568792131991866583", "denom": "590295810358705651712"}, {"symbol": "coeff_0_LL_max", "numer": "545754483359881429", "denom": "1152921504606846976"}, {"symbol": "coeff_1_LH_min", "numer": "-90043851371226231593", "denom": "590295810358705651712"}, {"symbol": "coeff_0_LL_min", "numer": "-164496170182321229", "denom": "1152921504606846976"}], "level": 1, "array_name": "Output", "phase": [1, 1]}], "analysis_test_patterns": [{"target": [0, 0], "pattern": {"dx": 0, "dy": 0, "width": 1, "height": 1, "positive": "gA==", "mask": "gA=="}, "pattern_translation_multiple": [1, 1], "target_translation_multiple": [1, 1], "level": 1, "array_name": "Input", "phase": [0, 0]}, {"target": [0, 0], "pattern": {"dx": 0, "dy": 0, "width": 1, "height": 1, "positive": "gA==", "mask": "gA=="}, "pattern_translation_multiple": [1, 1], "target_translation_multiple": [1, 1], "level": 1, "array_name": "DC", "phase": [0, 0]}, {"target": [0, 0], "pattern": {"dx": 0, "dy": 0, "width": 1, "height": 1, "positive": "gA==", "mask": "gA=="}, "pattern_translation_multiple": [2, 1], "target_translation_multiple": [2, 1], "level": 1, "array_name": "DC'", "phase": [0, 0]}, {"target": [1, 0], "pattern": {"dx": 0, "dy": 0, "width": 3, "height": 1, "positive": "QA==", "mask": "4A=="}, "pattern_translation_multiple": [2, 1], "target_translation_multiple": [2, 1], "level": 1, "array_name": "DC'", "phase": [1, 0]}, {"target": [2, 0], "pattern": {"dx": 0, "dy": 0, "width": 5, "height": 1, "positive": "qA==", "mask": "+A=="}, "pattern_translation_multiple": [2, 1], "target_translation_multiple": [2, 1], "level": 1, "array_name": "DC''", "phase": [0, 0]}, {"target": [1, 0], "pattern": {"dx": 0, "dy": 0, "width": 3, "height": 1, "positive": "QA==", "mask": "4A=="}, "pattern_translation_multiple": [2, 1], "target_translation_multiple": [2, 1], "level": 1, "array_name": "DC''", "phase": [1, 0]}, {"target": [2, 0], "pattern": {"dx": 0, "dy": 0, "width": 5, "height": 1, "positive": "qA==", "mask": "+A=="}, "pattern_translation_multiple": [2, 1], "target_translation_multiple": [2, 1], "level": 1, "array_name": "DC'''", "phase": [0, 0]}, {"target": [3, 0], "pattern": {"dx": 0, "dy": 0, "width": 7, "height": 1, "positive": "kg==", "mask": "/g=="}, "pattern_translation_multiple": [2, 1], "target_translation_multiple": [2, 1], "level": 1, "array_name": "DC'''", "phase": [1, 0]}, {"target": [4, 0], "pattern": {"dx": 0, "dy": 0, "width": 9, "height": 1, "positive": "nIA=", "mask": "/4A="}, "pattern_translation_multiple": [2, 1], "target_translation_multiple": [2, 1], "level": 1, "array_name": "DC''''", "phase": [0, 0]}, {"target": [3, 0], "pattern": {"dx": 0, "dy": 0, "width": 7, "height": 1, "positive": "kg==", "mask": "/g=="}, "pattern_translation_multiple": [2, 1], "target_translation_multiple": [2, 1], "level": 1, "array_name": "DC''''", "phase": [1, 0]}, {"target": [2, 0], "pattern": {"dx": 0, "dy": 0, "width": 9, "height": 1, "positive": "nIA=", "mask": "/4A="}, "pattern_translation_multiple": [2, 2], "target_translation_multiple": [1, 2], "level": 1, "array_name": "L'", "phase": [0, 0]}, {"target": [2, 1], "pattern": {"dx": 0, "dy": 0, "width": 9, "height": 3, "positive": "Y05YwA==", "mask": "////4A=="}, "pattern_translation_multiple": [2, 2], "target_translation_multiple": [1, 2], "level": 1, "array_name": "L'", "phase": [0, 1]}, {"target": [1, 0], "pattern": {"dx": 0, "dy": 0, "width": 7, "height": 1, "positive": "kg==", "mask": "/g=="}, "pattern_translation_multiple": [2, 2], "target_translation_multiple": [1, 2], "level": 1, "array_name": "H'", "phase": [0, 0]}, {"target": [1, 1], "pattern": {"dx": 0, "dy": 0, "width": 7, "height": 3, "positive": "bSWw", "mask": "///4"}, "pattern_translation_multiple": [2, 2], "target_translation_multiple": [1, 2], "level": 1, "array_name": "H'", "phase": [0, 1]}, {"target": [2, 2], "pattern": {"dx": 0, "dy": 0, "width": 9, "height": 5, "positive": "nLGnLGnI", "mask": "///////4"}, "pattern_translation_multiple": [2, 2], "target_translation_multiple": [1, 2], "level": 1, "array_name": "L''", "phase": [0, 0]}, {"target": [2, 1], "pattern": {"dx": 0, "dy": 0, "width": 9, "height": 3, "positive": "Y05YwA==", "mask": "////4A=="}, "pattern_translation_multiple": [2, 2], "target_translation_multiple": [1, 2], "level": 1, "array_name": "L''", "phase": [0, 1]}, {"target": [1, 2], "pattern": {"dx": 0, "dy": 0, "width": 7, "height": 5, "positive": "ktpLaSA=", "mask": "/////+A="}, "pattern_translation_multiple": [2, 2], "target_translation_multiple": [1, 2], "level": 1, "array_name": "H''", "phase": [0, 0]}, {"target": [1, 1], "pattern": {"dx": 0, "dy": 0, "width": 7, "height": 3, "positive": "bSWw", "mask": "///4"}, "pattern_translation_multiple": [2, 2], "target_translation_multiple": [1, 2], "level": 1, "array_name": "H''", "phase": [0, 1]}, {"target": [2, 2], "pattern": {"dx": 0, "dy": 0, "width": 9, "height": 5, "positive": "nLGnLGnI", "mask": "///////4"}, "pattern_translation_multiple": [2, 2], "target_translation_multiple": [1, 2], "level": 1, "array_name": "L'''", "phase": [0, 0]}, {"target": [2, 3], "pattern": {"dx": 0, "dy": 0, "width": 9, "height": 7, "positive": "nLGY05YzGnI=", "mask": "//////////4="}, "pattern_translation_multiple": [2, 2], "target_translation_multiple": [1, 2], "level": 1, "array_name": "L'''", "phase": [0, 1]}, {"target": [1, 2], "pattern": {"dx": 0, "dy": 0, "width": 7, "height": 5, "positive": "ktpLaSA=", "mask": "/////+A="}, "pattern_translation_multiple": [2, 2], "target_translation_multiple": [1, 2], "level": 1, "array_name": "H'''", "phase": [0, 0]}, {"target": [1, 3], "pattern": {"dx": 0, "dy": 0, "width": 7, "height": 7, "positive": "ktm0ls2kgA==", "mask": "////////gA=="}, "pattern_translation_multiple": [2, 2], "target_translation_multiple": [1, 2], "level": 1, "array_name": "H'''", "phase": [0, 1]}, {"target": [2, 4], "pattern": {"dx": 0, "dy": 0, "width": 9, "height": 9, "positive": "nLGY05nM5YzGnIA=", "mask": "/////////////4A="}, "pattern_translation_multiple": [2, 2], "target_translation_multiple": [1, 2], "level": 1, "array_name": "L''''", "phase": [0, 0]}, {"target": [2, 3], "pattern": {"dx": 0, "dy": 0, "width": 9, "height": 7, "positive": "nLGY05YzGnI=", "mask": "//////////4="}, "pattern_translation_multiple": [2, 2], "target_translation_multiple": [1, 2], "level": 1, "array_name": "L''''", "phase": [0, 1]}, {"target": [1, 4], "pattern": {"dx": 0, "dy": 0, "width": 7, "height": 9, "positive": "ktm0mTJbNpI=", "mask": "//////////4="}, "pattern_translation_multiple": [2, 2], "target_translation_multiple": [1, 2], "level": 1, "array_name": "H''''", "phase": [0, 0]}, {"target": [1, 3], "pattern": {"dx": 0, "dy": 0, "width": 7, "height": 7, "positive": "ktm0ls2kgA==", "mask": "////////gA=="}, "pattern_translation_multiple": [2, 2], "target_translation_multiple": [1, 2], "level": 1, "array_name": "H''''", "phase": [0, 1]}], "synthesis_test_patterns": [{"target": [2, 2], "pattern": {"dx": 0, "dy": 0, "width": 9, "height": 9, "positive": "nLGY05nM5YzGnIA=", "mask": "/////////////4A="}, "pattern_translation_multiple": [2, 2], "target_translation_multiple": [1, 1], "level": 1, "array_name": "LL", "phase": [0, 0]}, {"target": [2, 1], "pattern": {"dx": 0, "dy": 0, "width": 9, "height": 7, "positive": "nLGY05YzGnI=", "mask": "//////////4="}, "pattern_translation_multiple": [2, 2], "target_translation_multiple": [1, 1], "level": 1, "array_name": "LH", "phase": [0, 0]}, {"target": [1, 2], "pattern": {"dx": 0, "dy": 0, "width": 7, "height": 9, "positive": "ktm0mTJbNpI=", "mask": "//////////4="}, "pattern_translation_multiple": [2, 2], "target_translation_multiple": [1, 1], "level": 1, "array_name": "HL", "phase": [0, 0]}, {"target": [1, 1], "pattern": {"dx": 0, "dy": 0, "width": 7, "height": 7, "positive": "ktm0ls2kgA==", "mask": "////////gA=="}, "pattern_translation_multiple": [2, 2], "target_translation_multiple": [1, 1], "level": 1, "array_name": "HH", "phase": [0, 0]}, {"target": [2, 4], "pattern": {"dx": 0, "dy": 0, "width": 9, "height": 9, "positive": "nLGnLGnLGnLGnIA=", "mask": "/////////////4A="}, "pattern_translation_multiple": [2, 2], "target_translation_multiple": [1, 2], "level": 1, "array_name": "L'''", "phase": [0, 0]}, {"target": [2, 3], "pattern": {"dx": 0, "dy": 0, "width": 9, "height": 7, "positive": "nLGY05YzGnI=", "mask": "//////////4="}, "pattern_translation_multiple": [2, 2], "target_translation_multiple": [1, 2], "level": 1, "array_name": "L'''", "phase": [0, 1]}, {"target": [1, 4], "pattern": {"dx": 0, "dy": 0, "width": 7, "height": 9, "positive": "ktpLaS2ktpI=", "mask": "//////////4="}, "pattern_translation_multiple": [2, 2], "target_translation_multiple": [1, 2], "level": 1, "array_name": "H'''", "phase": [0, 0]}, {"target": [1, 3], "pattern": {"dx": 0, "dy": 0, "width": 7, "height": 7, "positive": "ktm0ls2kgA==", "mask": "////////gA=="}, "pattern_translation_multiple": [2, 2], "target_translation_multiple": [1, 2], "level": 1, "array_name": "H'''", "phase": [0, 1]}, {"target": [2, 4], "pattern": {"dx": 0, "dy": 0, "width": 9, "height": 9, "positive": "nLGnLGnLGnLGnIA=", "mask": "/////////////4A="}, "pattern_translation_multiple": [2, 2], "target_translation_multiple": [1, 2], "level": 1, "array_name": "L''", "phase": [0, 0]}, {"target": [2, 5], "pattern": {"dx": 0, "dy": 0, "width": 9, "height": 11, "positive": "Y05nLGY05YzGnM5YwA==", "mask": "////////////////4A=="}, "pattern_translation_multiple": [2, 2], "target_translation_multiple": [1, 2], "level": 1, "array_name": "L''", "phase": [0, 1]}, {"target": [1, 4], "pattern": {"dx": 0, "dy": 0, "width": 7, "height": 9, "positive": "ktpLaS2ktpI=", "mask": "//////////4="}, "pattern_translation_multiple": [2, 2], "target_translation_multiple": [1, 2], "level": 1, "array_name": "H''", "phase": [0, 0]}, {"target": [1, 5], "pattern": {"dx": 0, "dy": 0, "width": 7, "height": 11, "positive": "bSZLZtJbNpMlsA==", "mask": "////////////+A=="}, "pattern_translation_multiple": [2, 2], "target_translation_multiple": [1, 2], "level": 1, "array_name": "H''", "phase": [0, 1]}, {"target": [2, 6], "pattern": {"dx": 0, "dy": 0, "width": 9, "height": 13, "positive": "Y05nLGY05nM5YzGnM5Yw", "mask": "///////////////////4"}, "pattern_translation_multiple": [2, 2], "target_translation_multiple": [1, 2], "level": 1, "array_name": "L'", "phase": [0, 0]}, {"target": [2, 5], "pattern": {"dx": 0, "dy": 0, "width": 9, "height": 11, "positive": "Y05nLGY05YzGnM5YwA==", "mask": "////////////////4A=="}, "pattern_translation_multiple": [2, 2], "target_translation_multiple": [1, 2], "level": 1, "array_name": "L'", "phase": [0, 1]}, {"target": [1, 6], "pattern": {"dx": 0, "dy": 0, "width": 7, "height": 13, "positive": "bSZLZtJkyWzaTJbA", "mask": "///////////////g"}, "pattern_translation_multiple": [2, 2], "target_translation_multiple": [1, 2], "level": 1, "array_name": "H'", "phase": [0, 0]}, {"target": [1, 5], "pattern": {"dx": 0, "dy": 0, "width": 7, "height": 11, "positive": "bSZLZtJbNpMlsA==", "mask": "////////////+A=="}, "pattern_translation_multiple": [2, 2], "target_translation_multiple": [1, 2], "level": 1, "array_name": "H'", "phase": [0, 1]}, {"target": [2, 6], "pattern": {"dx": 0, "dy": 0, "width": 9, "height": 13, "positive": "Y05nLGY05nM5YzGnM5Yw", "mask": "///////////////////4"}, "pattern_translation_multiple": [2, 2], "target_translation_multiple": [1, 2], "level": 1, "array_name": "L", "phase": [0, 0]}, {"target": [2, 7], "pattern": {"dx": 0, "dy": 0, "width": 9, "height": 15, "positive": "Y05nLGnLGY05YzGnLGnM5Yw=", "mask": "//////////////////////4="}, "pattern_translation_multiple": [2, 2], "target_translation_multiple": [1, 2], "level": 1, "array_name": "L", "phase": [0, 1]}, {"target": [1, 6], "pattern": {"dx": 0, "dy": 0, "width": 7, "height": 13, "positive": "bSZLZtJkyWzaTJbA", "mask": "///////////////g"}, "pattern_translation_multiple": [2, 2], "target_translation_multiple": [1, 2], "level": 1, "array_name": "H", "phase": [0, 0]}, {"target": [1, 7], "pattern": {"dx": 0, "dy": 0, "width": 7, "height": 15, "positive": "bSZLaS2bSWzaS2kyWwA=", "mask": "/////////////////4A="}, "pattern_translation_multiple": [2, 2], "target_translation_multiple": [1, 2], "level": 1, "array_name": "H", "phase": [0, 1]}, {"target": [4, 6], "pattern": {"dx": 0, "dy": 0, "width": 9, "height": 13, "positive": "Y05nLGY05qs5YzGnM5Yw", "mask": "///////////////////4"}, "pattern_translation_multiple": [2, 2], "target_translation_multiple": [2, 2], "level": 1, "array_name": "DC'''", "phase": [0, 0]}, {"target": [4, 7], "pattern": {"dx": 0, "dy": 0, "width": 9, "height": 15, "positive": "Y05nLGnLGY1VYzGnLGnM5Yw=", "mask": "//////////////////////4="}, "pattern_translation_multiple": [2, 2], "target_translation_multiple": [2, 2], "level": 1, "array_name": "DC'''", "phase": [0, 1]}, {"target": [3, 6], "pattern": {"dx": 0, "dy": 0, "width": 7, "height": 13, "positive": "bSZLZtJkyWzaTJbA", "mask": "///////////////g"}, "pattern_translation_multiple": [2, 2], "target_translation_multiple": [2, 2], "level": 1, "array_name": "DC'''", "phase": [1, 0]}, {"target": [3, 7], "pattern": {"dx": 0, "dy": 0, "width": 7, "height": 15, "positive": "bSZLaS2bSWzaS2kyWwA=", "mask": "/////////////////4A="}, "pattern_translation_multiple": [2, 2], "target_translation_multiple": [2, 2], "level": 1, "array_name": "DC'''", "phase": [1, 1]}, {"target": [4, 6], "pattern": {"dx": 0, "dy": 0, "width": 9, "height": 13, "positive": "Y05nLGY05qs5YzGnM5Yw", "mask": "///////////////////4"}, "pattern_translation_multiple": [2, 2], "target_translation_multiple": [2, 2], "level": 1, "array_name": "DC''", "phase": [0, 0]}, {"target": [4, 7], "pattern": {"dx": 0, "dy": 0, "width": 9, "height": 15, "positive": "Y05nLGnLGY1VYzGnLGnM5Yw=", "mask": "//////////////////////4="}, "pattern_translation_multiple": [2, 2], "target_translation_multiple": [2, 2], "level": 1, "array_name": "DC''", "phase": [0, 1]}, {"target": [5, 6], "pattern": {"dx": 0, "dy": 0, "width": 11, "height": 13, "positive": "myyZk02ZssmZMyabM2WTMmmy", "mask": "///////////////////////+"}, "pattern_translation_multiple": [2, 2], "target_translation_multiple": [2, 2], "level": 1, "array_name": "DC''", "phase": [1, 0]}, {"target": [5, 7], "pattern": {"dx": 0, "dy": 0, "width": 11, "height": 15, "positive": "myyZk02WTTZmyyabM2WTTZZMyabI", "mask": "///////////////////////////4"}, "pattern_translation_multiple": [2, 2], "target_translation_multiple": [2, 2], "level": 1, "array_name": "DC''", "phase": [1, 1]}, {"target": [6, 6], "pattern": {"dx": 0, "dy": 0, "width": 13, "height": 13, "positive": "mMs5mc0xmYyzmZzM5pjMxlnMzmmMgA==", "mask": "////////////////////////////gA=="}, "pattern_translation_multiple": [2, 2], "target_translation_multiple": [2, 2], "level": 1, "array_name": "DC'", "phase": [0, 0]}, {"target": [6, 7], "pattern": {"dx": 0, "dy": 0, "width": 13, "height": 15, "positive": "mMs5mc0xlnNMZmMs5pjMxlnNMZZzM5pjIA==", "mask": "////////////////////////////////4A=="}, "pattern_translation_multiple": [2, 2], "target_translation_multiple": [2, 2], "level": 1, "array_name": "DC'", "phase": [0, 1]}, {"target": [5, 6], "pattern": {"dx": 0, "dy": 0, "width": 11, "height": 13, "positive": "myyZk02ZssmZMyabM2WTMmmy", "mask": "///////////////////////+"}, "pattern_translation_multiple": [2, 2], "target_translation_multiple": [2, 2], "level": 1, "array_name": "DC'", "phase": [1, 0]}, {"target": [5, 7], "pattern": {"dx": 0, "dy": 0, "width": 11, "height": 15, "positive": "myyZk02WTTZmyyabM2WTTZZMyabI", "mask": "///////////////////////////4"}, "pattern_translation_multiple": [2, 2], "target_translation_multiple": [2, 2], "level": 1, "array_name": "DC'", "phase": [1, 1]}, {"target": [6, 6], "pattern": {"dx": 0, "dy": 0, "width": 13, "height": 13, "positive": "mMs5mc0xmYyzmZzM5pjMxlnMzmmMgA==", "mask": "////////////////////////////gA=="}, "pattern_translation_multiple": [2, 2], "target_translation_multiple": [2, 2], "level": 1, "array_name": "DC", "phase": [0, 0]}, {"target": [6, 7], "pattern": {"dx": 0, "dy": 0, "width": 13, "height": 15, "positive": "mMs5mc0xlnNMZmMs5pjMxlnNMZZzM5pjIA==", "mask": "////////////////////////////////4A=="}, "pattern_translation_multiple": [2, 2], "target_translation_multiple": [2, 2], "level": 1, "array_name": "DC", "phase": [0, 1]}, {"target": [7, 6], "pattern": {"dx": 0, "dy": 0, "width": 15, "height": 13, "positive": "ltLSWaS0tpltLSWaSzSWltMtpaSzSWltIA==", "mask": "////////////////////////////////4A=="}, "pattern_translation_multiple": [2, 2], "target_translation_multiple": [2, 2], "level": 1, "array_name": "DC", "phase": [1, 0]}, {"target": [7, 7], "pattern": {"dx": 0, "dy": 0, "width": 15, "height": 15, "positive": "ltLSWaS0tpaS0tpltLSWltMtpaS0tpaSzSWltIA=", "mask": "/////////////////////////////////////4A="}, "pattern_translation_multiple": [2, 2], "target_translation_multiple": [2, 2], "level": 1, "array_name": "DC", "phase": [1, 1]}, {"target": [6, 6], "pattern": {"dx": 0, "dy": 0, "width": 13, "height": 13, "positive": "mMs5mc0xmYyzmZzM5pjMxlnMzmmMgA==", "mask": "////////////////////////////gA=="}, "pattern_translation_multiple": [2, 2], "target_translation_multiple": [2, 2], "level": 1, "array_name": "Output", "phase": [0, 0]}, {"target": [6, 7], "pattern": {"dx": 0, "dy": 0, "width": 13, "height": 15, "positive": "mMs5mc0xlnNMZmMs5pjMxlnNMZZzM5pjIA==", "mask": "////////////////////////////////4A=="}, "pattern_translation_multiple": [2, 2], "target_translation_multiple": [2, 2], "level": 1, "array_name": "Output", "phase": [0, 1]}, {"target": [7, 6], "pattern": {"dx": 0, "dy": 0, "width": 15, "height": 13, "positive": "ltLSWaS0tpltLSWaSzSWltMtpaSzSWltIA==", "mask": "////////////////////////////////4A=="}, "pattern_translation_multiple": [2, 2], "target_translation_multiple": [2, 2], "level": 1, "array_name": "Output", "phase": [1, 0]}, {"target": [7, 7], "pattern": {"dx": 0, "dy": 0, "width": 15, "height": 15, "positive": "ltLSWaS0tpaS0tpltLSWltMtpaS0tpaSzSWltIA=", "mask": "/////////////////////////////////////4A="}, "pattern_translation_multiple": [2, 2], "target_translation_multiple": [2, 2], "level": 1, "array_name": "Output", "phase": [1, 1]}]}