{"wavelet_index": 2, "wavelet_index_ho": 2, "dwt_depth": 1, "dwt_depth_ho": 1, "analysis_signal_bounds": [{"lower_bound": [{"symbol": "signal_min", "numer": "1", "denom": "1"}], "upper_bound": [{"symbol": "signal_max", "numer": "1", "denom": "1"}], "level": 2, "array_name": "Input", "phase": [0, 0]}, {"lower_bound": [{"symbol": "signal_min", "numer": "2", "denom": "1"}], "upper_bound": [{"symbol": "signal_max", "numer": "2", "denom": "1"}], "level": 2, "array_name": "DC", "phase": [0, 0]}, {"lower_bound": [{"symbol": "signal_min", "numer": "2", "denom": "1"}], "upper_bound": [{"symbol": "signal_max", "numer": "2", "denom": "1"}], "level": 2, "array_name": "DC'", "phase": [0, 0]}, {"lower_bound": [{"symbol": "signal_min", "numer": "9", "denom": "4"}, {"symbol": "signal_max", "numer": "-9", "denom": "4"}, {"symbol": null, "numer": "-1", "denom": "2"}], "upper_bound": [{"symbol": "signal_max", "numer": "9", "denom": "4"}, {"symbol": "signal_min", "numer": "-9", "denom": "4"}, {"symbol": null, "numer": "1", "denom": "2"}], "level": 2, "array_name": "DC'", "phase": [1, 0]}, {"lower_bound": [{"symbol": "signal_min", "numer": "21", "denom": "8"}, {"symbol": "signal_max", "numer": "-5", "denom": "8"}, {"symbol": null, "numer": "-13", "denom": "16"}], "upper_bound": [{"symbol": "signal_max", "numer": "21", "denom": "8"}, {"symbol": "signal_min", "numer": "-5", "denom": "8"}, {"symbol": null, "numer": "13", "denom": "16"}], "level": 2, "array_name": "DC''", "phase": [0, 0]}, {"lower_bound": [{"symbol": "signal_min", "numer": "9", "denom": "4"}, {"symbol": "signal_max", "numer": "-9", "denom": "4"}, {"symbol": null, "numer": "-1", "denom": "2"}], "upper_bound": [{"symbol": "signal_max", "numer": "9", "denom": "4"}, {"symbol": "signal_min", "numer": "-9", "denom": "4"}, {"symbol": null, "numer": "1", "denom": "2"}], "level": 2, "array_name": "DC''", "phase": [1, 0]}, {"lower_bound": [{"symbol": "signal_min", "numer": "21", "denom": "8"}, {"symbol": "signal_max", "numer": "-5", "denom": "8"}, {"symbol": null, "numer": "-13", "denom": "16"}], "upper_bound": [{"symbol": "signal_max", "numer": "21", "denom": "8"}, {"symbol": "signal_min", "numer": "-5", "denom": "8"}, {"symbol": null, "numer": "13", "denom": "16"}], "level": 2, "array_name": "L'", "phase": [0, 0]}, {"lower_bound": [{"symbol": "signal_min", "numer": "117", "denom": "32"}, {"symbol": "signal_max", "numer": "-117", "denom": "32"}, {"symbol": null, "numer": "-149", "denom": "64"}], "upper_bound": [{"symbol": "signal_max", "numer": "117", "denom": "32"}, {"symbol": "signal_min", "numer": "-117", "denom": "32"}, {"symbol": null, "numer": "149", "denom": "64"}], "level": 2, "array_name": "L'", "phase": [0, 1]}, {"lower_bound": [{"symbol": "signal_min", "numer": "9", "denom": "4"}, {"symbol": "signal_max", "numer": "-9", "denom": "4"}, {"symbol": null, "numer": "-1", "denom": "2"}], "upper_bound": [{"symbol": "signal_max", "numer": "9", "denom": "4"}, {"symbol": "signal_min", "numer": "-9", "denom": "4"}, {"symbol": null, "numer": "1", "denom": "2"}], "level": 2, "array_name": "H'", "phase": [0, 0]}, {"lower_bound": [{"symbol": "signal_min", "numer": "81", "denom": "16"}, {"symbol": "signal_max", "numer": "-81", "denom": "16"}, {"symbol": null, "numer": "-13", "denom": "8"}], "upper_bound": [{"symbol": "signal_max", "numer": "81", "denom": "16"}, {"symbol": "signal_min", "numer": "-81", "denom": "16"}, {"symbol": null, "numer": "13", "denom": "8"}], "level": 2, "array_name": "H'", "phase": [0, 1]}, {"lower_bound": [{"symbol": "signal_min", "numer": "233", "denom": "64"}, {"symbol": "signal_max", "numer": "-105", "denom": "64"}, {"symbol": null, "numer": "-273", "denom": "128"}], "upper_bound": [{"symbol": "signal_max", "numer": "233", "denom": "64"}, {"symbol": "signal_min", "numer": "-105", "denom": "64"}, {"symbol": null, "numer": "273", "denom": "128"}], "level": 2, "array_name": "L''", "phase": [0, 0]}, {"lower_bound": [{"symbol": "signal_min", "numer": "117", "denom": "32"}, {"symbol": "signal_max", "numer": "-117", "denom": "32"}, {"symbol": null, "numer": "-149", "denom": "64"}], "upper_bound": [{"symbol": "signal_max", "numer": "117", "denom": "32"}, {"symbol": "signal_min", "numer": "-117", "denom": "32"}, {"symbol": null, "numer": "149", "denom": "64"}], "level": 2, "array_name": "L''", "phase": [0, 1]}, {"lower_bound": [{"symbol": "signal_min", "numer": "117", "denom": "32"}, {"symbol": "signal_max", "numer": "-117", "denom": "32"}, {"symbol": null, "numer": "-13", "denom": "8"}], "upper_bound": [{"symbol": "signal_max", "numer": "117", "denom": "32"}, {"symbol": "signal_min", "numer": "-117", "denom": "32"}, {"symbol": null, "numer": "13", "denom": "8"}], "level": 2, "array_name": "H''", "phase": [0, 0]}, {"lower_bound": [{"symbol": "signal_min", "numer": "81", "denom": "16"}, {"symbol": "signal_max", "numer": "-81", "denom": "16"}, {"symbol": null, "numer": "-13", "denom": "8"}], "upper_bound": [{"symbol": "signal_max", "numer": "81", "denom": "16"}, {"symbol": "signal_min", "numer": "-81", "denom": "16"}, {"symbol": null, "numer": "13", "denom": "8"}], "level": 2, "array_name": "H''", "phase": [0, 1]}, {"lower_bound": [{"symbol": "signal_min", "numer": "233", "denom": "32"}, {"symbol": "signal_max", "numer": "-105", "denom": "32"}, {"symbol": null, "numer": "-273", "denom": "64"}], "upper_bound": [{"symbol": "signal_max", "numer": "233", "denom": "32"}, {"symbol": "signal_min", "numer": "-105", "denom": "32"}, {"symbol": null, "numer": "273", "denom": "64"}], "level": 1, "array_name": "DC", "phase": [0, 0]}, {"lower_bound": [{"symbol": "signal_min", "numer": "233", "denom": "32"}, {"symbol": "signal_max", "numer": "-105", "denom": "32"}, {"symbol": null, "numer": "-273", "denom": "64"}], "upper_bound": [{"symbol": "signal_max", "numer": "233", "denom": "32"}, {"symbol": "signal_min", "numer": "-105", "denom": "32"}, {"symbol": null, "numer": "273", "denom": "64"}], "level": 1, "array_name": "DC'", "phase": [0, 0]}, {"lower_bound": [{"symbol": "signal_min", "numer": "76999", "denom": "8192"}, {"symbol": "signal_max", "numer": "-76999", "denom": "8192"}, {"symbol": null, "numer": "-9287", "denom": "1024"}], "upper_bound": [{"symbol": "signal_max", "numer": "76999", "denom": "8192"}, {"symbol": "signal_min", "numer": "-76999", "denom": "8192"}, {"symbol": null, "numer": "9287", "denom": "1024"}], "level": 1, "array_name": "DC'", "phase": [1, 0]}, {"lower_bound": [{"symbol": "signal_min", "numer": "947465", "denom": "131072"}, {"symbol": "signal_max", "numer": "-423177", "denom": "131072"}, {"symbol": null, "numer": "-238121", "denom": "32768"}], "upper_bound": [{"symbol": "signal_max", "numer": "947465", "denom": "131072"}, {"symbol": "signal_min", "numer": "-423177", "denom": "131072"}, {"symbol": null, "numer": "238121", "denom": "32768"}], "level": 1, "array_name": "DC''", "phase": [0, 0]}, {"lower_bound": [{"symbol": "signal_min", "numer": "76999", "denom": "8192"}, {"symbol": "signal_max", "numer": "-76999", "denom": "8192"}, {"symbol": null, "numer": "-9287", "denom": "1024"}], "upper_bound": [{"symbol": "signal_max", "numer": "76999", "denom": "8192"}, {"symbol": "signal_min", "numer": "-76999", "denom": "8192"}, {"symbol": null, "numer": "9287", "denom": "1024"}], "level": 1, "array_name": "DC''", "phase": [1, 0]}], "synthesis_signal_bounds": [{"lower_bound": [{"symbol": "coeff_0_L_min", "numer": "1", "denom": "1"}], "upper_bound": [{"symbol": "coeff_0_L_max", "numer": "1", "denom": "1"}], "level": 1, "array_name": "L", "phase": [0, 0]}, {"lower_bound": [{"symbol": "coeff_1_H_min", "numer": "1", "denom": "1"}], "upper_bound": [{"symbol": "coeff_1_H_max", "numer": "1", "denom": "1"}], "level": 1, "array_name": "H", "phase": [0, 0]}, {"lower_bound": [{"symbol": "coeff_0_L_min", "numer": "1", "denom": "1"}, {"symbol": "coeff_1_H_min", "numer": "1", "denom": "16"}, {"symbol": "coeff_1_H_max", "numer": "-9", "denom": "16"}, {"symbol": null, "numer": "-1", "denom": "2"}], "upper_bound": [{"symbol": "coeff_0_L_max", "numer": "1", "denom": "1"}, {"symbol": "coeff_1_H_max", "numer": "1", "denom": "16"}, {"symbol": "coeff_1_H_min", "numer": "-9", "denom": "16"}, {"symbol": null, "numer": "1", "denom": "2"}], "level": 1, "array_name": "DC'", "phase": [0, 0]}, {"lower_bound": [{"symbol": "coeff_1_H_min", "numer": "1", "denom": "1"}], "upper_bound": [{"symbol": "coeff_1_H_max", "numer": "1", "denom": "1"}], "level": 1, "array_name": "DC'", "phase": [1, 0]}, {"lower_bound": [{"symbol": "coeff_0_L_min", "numer": "1", "denom": "1"}, {"symbol": "coeff_1_H_min", "numer": "1", "denom": "16"}, {"symbol": "coeff_1_H_max", "numer": "-9", "denom": "16"}, {"symbol": null, "numer": "-1", "denom": "2"}], "upper_bound": [{"symbol": "coeff_0_L_max", "numer": "1", "denom": "1"}, {"symbol": "coeff_1_H_max", "numer": "1", "denom": "16"}, {"symbol": "coeff_1_H_min", "numer": "-9", "denom": "16"}, {"symbol": null, "numer": "1", "denom": "2"}], "level": 1, "array_name": "DC", "phase": [0, 0]}, {"lower_bound": [{"symbol": "coeff_1_H_min", "numer": "3", "denom": "4"}, {"symbol": "coeff_0_L_max", "numer": "-1", "denom": "8"}, {"symbol": "coeff_1_H_max", "numer": "-1", "denom": "4"}, {"symbol": null, "numer": "-9", "denom": "8"}, {"symbol": "coeff_0_L_min", "numer": "9", "denom": "8"}], "upper_bound": [{"symbol": "coeff_1_H_max", "numer": "3", "denom": "4"}, {"symbol": "coeff_0_L_min", "numer": "-1", "denom": "8"}, {"symbol": "coeff_1_H_min", "numer": "-1", "denom": "4"}, {"symbol": null, "numer": "9", "denom": "8"}, {"symbol": "coeff_0_L_max", "numer": "9", "denom": "8"}], "level": 1, "array_name": "DC", "phase": [1, 0]}, {"lower_bound": [{"symbol": "coeff_0_L_min", "numer": "1", "denom": "2"}, {"symbol": "coeff_1_H_min", "numer": "1", "denom": "32"}, {"symbol": "coeff_1_H_max", "numer": "-9", "denom": "32"}, {"symbol": null, "numer": "-3", "denom": "4"}], "upper_bound": [{"symbol": "coeff_0_L_max", "numer": "1", "denom": "2"}, {"symbol": "coeff_1_H_max", "numer": "1", "denom": "32"}, {"symbol": "coeff_1_H_min", "numer": "-9", "denom": "32"}, {"symbol": null, "numer": "3", "denom": "4"}], "level": 1, "array_name": "Output", "phase": [0, 0]}, {"lower_bound": [{"symbol": "coeff_1_H_min", "numer": "3", "denom": "8"}, {"symbol": "coeff_0_L_max", "numer": "-1", "denom": "16"}, {"symbol": "coeff_1_H_max", "numer": "-1", "denom": "8"}, {"symbol": null, "numer": "-17", "denom": "16"}, {"symbol": "coeff_0_L_min", "numer": "9", "denom": "16"}], "upper_bound": [{"symbol": "coeff_1_H_max", "numer": "3", "denom": "8"}, {"symbol": "coeff_0_L_min", "numer": "-1", "denom": "16"}, {"symbol": "coeff_1_H_min", "numer": "-1", "denom": "8"}, {"symbol": null, "numer": "17", "denom": "16"}, {"symbol": "coeff_0_L_max", "numer": "9", "denom": "16"}], "level": 1, "array_name": "Output", "phase": [1, 0]}, {"lower_bound": [{"symbol": "coeff_0_L_min", "numer": "1", "denom": "2"}, {"symbol": "coeff_1_H_min", "numer": "1", "denom": "32"}, {"symbol": "coeff_1_H_max", "numer": "-9", "denom": "32"}, {"symbol": null, "numer": "-3", "denom": "4"}], "upper_bound": [{"symbol": "coeff_0_L_max", "numer": "1", "denom": "2"}, {"symbol": "coeff_1_H_max", "numer": "1", "denom": "32"}, {"symbol": "coeff_1_H_min", "numer": "-9", "denom": "32"}, {"symbol": null, "numer": "3", "denom": "4"}], "level": 2, "array_name": "LL", "phase": [0, 0]}, {"lower_bound": [{"symbol": "coeff_1_H_min", "numer": "3", "denom": "8"}, {"symbol": "coeff_0_L_max", "numer": "-1", "denom": "16"}, {"symbol": "coeff_1_H_max", "numer": "-1", "denom": "8"}, {"symbol": null, "numer": "-17", "denom": "16"}, {"symbol": "coeff_0_L_min", "numer": "9", "denom": "16"}], "upper_bound": [{"symbol": "coeff_1_H_max", "numer": "3", "denom": "8"}, {"symbol": "coeff_0_L_min", "numer": "-1", "denom": "16"}, {"symbol": "coeff_1_H_min", "numer": "-1", "denom": "8"}, {"symbol": null, "numer": "17", "denom": "16"}, {"symbol": "coeff_0_L_max", "numer": "9", "denom": "16"}], "level": 2, "array_name": "LL", "phase": [1, 0]}, {"lower_bound": [{"symbol": "coeff_2_LH_min", "numer": "1", "denom": "1"}], "upper_bound": [{"symbol": "coeff_2_LH_max", "numer": "1", "denom": "1"}], "level": 2, "array_name": "LH", "phase": [0, 0]}, {"lower_bound": [{"symbol": "coeff_2_HL_min", "numer": "1", "denom": "1"}], "upper_bound": [{"symbol": "coeff_2_HL_max", "numer": "1", "denom": "1"}], "level": 2, "array_name": "HL", "phase": [0, 0]}, {"lower_bound": [{"symbol": "coeff_2_HH_min", "numer": "1", "denom": "1"}], "upper_bound": [{"symbol": "coeff_2_HH_max", "numer": "1", "denom": "1"}], "level": 2, "array_name": "HH", "phase": [0, 0]}, {"lower_bound": [{"symbol": "coeff_0_L_min", "numer": "1", "denom": "2"}, {"symbol": "coeff_1_H_min", "numer": "1", "denom": "32"}, {"symbol": "coeff_1_H_max", "numer": "-9", "denom": "32"}, {"symbol": null, "numer": "-5", "denom": "4"}, {"symbol": "coeff_2_LH_min", "numer": "1", "denom": "16"}, {"symbol": "coeff_2_LH_max", "numer": "-9", "denom": "16"}], "upper_bound": [{"symbol": "coeff_0_L_max", "numer": "1", "denom": "2"}, {"symbol": "coeff_1_H_max", "numer": "1", "denom": "32"}, {"symbol": "coeff_1_H_min", "numer": "-9", "denom": "32"}, {"symbol": null, "numer": "5", "denom": "4"}, {"symbol": "coeff_2_LH_max", "numer": "1", "denom": "16"}, {"symbol": "coeff_2_LH_min", "numer": "-9", "denom": "16"}], "level": 2, "array_name": "L'", "phase": [0, 0]}, {"lower_bound": [{"symbol": "coeff_2_LH_min", "numer": "1", "denom": "1"}], "upper_bound": [{"symbol": "coeff_2_LH_max", "numer": "1", "denom": "1"}], "level": 2, "array_name": "L'", "phase": [0, 1]}, {"lower_bound": [{"symbol": "coeff_1_H_min", "numer": "3", "denom": "8"}, {"symbol": "coeff_0_L_max", "numer": "-1", "denom": "16"}, {"symbol": "coeff_1_H_max", "numer": "-1", "denom": "8"}, {"symbol": null, "numer": "-25", "denom": "16"}, {"symbol": "coeff_0_L_min", "numer": "9", "denom": "16"}, {"symbol": "coeff_2_LH_min", "numer": "1", "denom": "16"}, {"symbol": "coeff_2_LH_max", "numer": "-9", "denom": "16"}], "upper_bound": [{"symbol": "coeff_1_H_max", "numer": "3", "denom": "8"}, {"symbol": "coeff_0_L_min", "numer": "-1", "denom": "16"}, {"symbol": "coeff_1_H_min", "numer": "-1", "denom": "8"}, {"symbol": null, "numer": "25", "denom": "16"}, {"symbol": "coeff_0_L_max", "numer": "9", "denom": "16"}, {"symbol": "coeff_2_LH_max", "numer": "1", "denom": "16"}, {"symbol": "coeff_2_LH_min", "numer": "-9", "denom": "16"}], "level": 2, "array_name": "L'", "phase": [1, 0]}, {"lower_bound": [{"symbol": "coeff_2_LH_min", "numer": "1", "denom": "1"}], "upper_bound": [{"symbol": "coeff_2_LH_max", "numer": "1", "denom": "1"}], "level": 2, "array_name": "L'", "phase": [1, 1]}, {"lower_bound": [{"symbol": "coeff_2_HL_min", "numer": "1", "denom": "1"}, {"symbol": "coeff_2_HH_min", "numer": "1", "denom": "16"}, {"symbol": "coeff_2_HH_max", "numer": "-9", "denom": "16"}, {"symbol": null, "numer": "-1", "denom": "2"}], "upper_bound": [{"symbol": "coeff_2_HL_max", "numer": "1", "denom": "1"}, {"symbol": "coeff_2_HH_max", "numer": "1", "denom": "16"}, {"symbol": "coeff_2_HH_min", "numer": "-9", "denom": "16"}, {"symbol": null, "numer": "1", "denom": "2"}], "level": 2, "array_name": "H'", "phase": [0, 0]}, {"lower_bound": [{"symbol": "coeff_2_HH_min", "numer": "1", "denom": "1"}], "upper_bound": [{"symbol": "coeff_2_HH_max", "numer": "1", "denom": "1"}], "level": 2, "array_name": "H'", "phase": [0, 1]}, {"lower_bound": [{"symbol": "coeff_0_L_min", "numer": "1", "denom": "2"}, {"symbol": "coeff_1_H_min", "numer": "1", "denom": "32"}, {"symbol": "coeff_1_H_max", "numer": "-9", "denom": "32"}, {"symbol": null, "numer": "-5", "denom": "4"}, {"symbol": "coeff_2_LH_min", "numer": "1", "denom": "16"}, {"symbol": "coeff_2_LH_max", "numer": "-9", "denom": "16"}], "upper_bound": [{"symbol": "coeff_0_L_max", "numer": "1", "denom": "2"}, {"symbol": "coeff_1_H_max", "numer": "1", "denom": "32"}, {"symbol": "coeff_1_H_min", "numer": "-9", "denom": "32"}, {"symbol": null, "numer": "5", "denom": "4"}, {"symbol": "coeff_2_LH_max", "numer": "1", "denom": "16"}, {"symbol": "coeff_2_LH_min", "numer": "-9", "denom": "16"}], "level": 2, "array_name": "L", "phase": [0, 0]}, {"lower_bound": [{"symbol": "coeff_2_LH_min", "numer": "3", "denom": "4"}, {"symbol": "coeff_0_L_max", "numer": "-1", "denom": "16"}, {"symbol": "coeff_1_H_max", "numer": "-41", "denom": "128"}, {"symbol": "coeff_1_H_min", "numer": "9", "denom": "128"}, {"symbol": null, "numer": "-33", "denom": "16"}, {"symbol": "coeff_2_LH_max", "numer": "-1", "denom": "4"}, {"symbol": "coeff_0_L_min", "numer": "9", "denom": "16"}], "upper_bound": [{"symbol": "coeff_2_LH_max", "numer": "3", "denom": "4"}, {"symbol": "coeff_0_L_min", "numer": "-1", "denom": "16"}, {"symbol": "coeff_1_H_min", "numer": "-41", "denom": "128"}, {"symbol": "coeff_1_H_max", "numer": "9", "denom": "128"}, {"symbol": null, "numer": "33", "denom": "16"}, {"symbol": "coeff_2_LH_min", "numer": "-1", "denom": "4"}, {"symbol": "coeff_0_L_max", "numer": "9", "denom": "16"}], "level": 2, "array_name": "L", "phase": [0, 1]}, {"lower_bound": [{"symbol": "coeff_1_H_min", "numer": "3", "denom": "8"}, {"symbol": "coeff_0_L_max", "numer": "-1", "denom": "16"}, {"symbol": "coeff_1_H_max", "numer": "-1", "denom": "8"}, {"symbol": null, "numer": "-25", "denom": "16"}, {"symbol": "coeff_0_L_min", "numer": "9", "denom": "16"}, {"symbol": "coeff_2_LH_min", "numer": "1", "denom": "16"}, {"symbol": "coeff_2_LH_max", "numer": "-9", "denom": "16"}], "upper_bound": [{"symbol": "coeff_1_H_max", "numer": "3", "denom": "8"}, {"symbol": "coeff_0_L_min", "numer": "-1", "denom": "16"}, {"symbol": "coeff_1_H_min", "numer": "-1", "denom": "8"}, {"symbol": null, "numer": "25", "denom": "16"}, {"symbol": "coeff_0_L_max", "numer": "9", "denom": "16"}, {"symbol": "coeff_2_LH_max", "numer": "1", "denom": "16"}, {"symbol": "coeff_2_LH_min", "numer": "-9", "denom": "16"}], "level": 2, "array_name": "L", "phase": [1, 0]}, {"lower_bound": [{"symbol": "coeff_2_LH_min", "numer": "3", "denom": "4"}, {"symbol": "coeff_1_H_max", "numer": "-3", "denom": "16"}, {"symbol": "coeff_0_L_min", "numer": "41", "denom": "64"}, {"symbol": "coeff_1_H_min", "numer": "7", "denom": "16"}, {"symbol": null, "numer": "-157", "denom": "64"}, {"symbol": "coeff_0_L_max", "numer": "-9", "denom": "64"}, {"symbol": "coeff_2_LH_max", "numer": "-1", "denom": "4"}], "upper_bound": [{"symbol": "coeff_2_LH_max", "numer": "3", "denom": "4"}, {"symbol": "coeff_1_H_min", "numer": "-3", "denom": "16"}, {"symbol": "coeff_0_L_max", "numer": "41", "denom": "64"}, {"symbol": "coeff_1_H_max", "numer": "7", "denom": "16"}, {"symbol": null, "numer": "157", "denom": "64"}, {"symbol": "coeff_0_L_min", "numer": "-9", "denom": "64"}, {"symbol": "coeff_2_LH_min", "numer": "-1", "denom": "4"}], "level": 2, "array_name": "L", "phase": [1, 1]}, {"lower_bound": [{"symbol": "coeff_2_HL_min", "numer": "1", "denom": "1"}, {"symbol": "coeff_2_HH_min", "numer": "1", "denom": "16"}, {"symbol": "coeff_2_HH_max", "numer": "-9", "denom": "16"}, {"symbol": null, "numer": "-1", "denom": "2"}], "upper_bound": [{"symbol": "coeff_2_HL_max", "numer": "1", "denom": "1"}, {"symbol": "coeff_2_HH_max", "numer": "1", "denom": "16"}, {"symbol": "coeff_2_HH_min", "numer": "-9", "denom": "16"}, {"symbol": null, "numer": "1", "denom": "2"}], "level": 2, "array_name": "H", "phase": [0, 0]}, {"lower_bound": [{"symbol": "coeff_2_HH_min", "numer": "3", "denom": "4"}, {"symbol": "coeff_2_HL_max", "numer": "-1", "denom": "8"}, {"symbol": "coeff_2_HH_max", "numer": "-1", "denom": "4"}, {"symbol": null, "numer": "-9", "denom": "8"}, {"symbol": "coeff_2_HL_min", "numer": "9", "denom": "8"}], "upper_bound": [{"symbol": "coeff_2_HH_max", "numer": "3", "denom": "4"}, {"symbol": "coeff_2_HL_min", "numer": "-1", "denom": "8"}, {"symbol": "coeff_2_HH_min", "numer": "-1", "denom": "4"}, {"symbol": null, "numer": "9", "denom": "8"}, {"symbol": "coeff_2_HL_max", "numer": "9", "denom": "8"}], "level": 2, "array_name": "H", "phase": [0, 1]}, {"lower_bound": [{"symbol": "coeff_0_L_min", "numer": "1", "denom": "2"}, {"symbol": "coeff_1_H_min", "numer": "1", "denom": "32"}, {"symbol": "coeff_1_H_max", "numer": "-9", "denom": "32"}, {"symbol": null, "numer": "-33", "denom": "16"}, {"symbol": "coeff_2_LH_min", "numer": "1", "denom": "16"}, {"symbol": "coeff_2_LH_max", "numer": "-9", "denom": "16"}, {"symbol": "coeff_2_HL_min", "numer": "1", "denom": "16"}, {"symbol": "coeff_2_HH_min", "numer": "41", "denom": "128"}, {"symbol": "coeff_2_HH_max", "numer": "-9", "denom": "128"}, {"symbol": "coeff_2_HL_max", "numer": "-9", "denom": "16"}], "upper_bound": [{"symbol": "coeff_0_L_max", "numer": "1", "denom": "2"}, {"symbol": "coeff_1_H_max", "numer": "1", "denom": "32"}, {"symbol": "coeff_1_H_min", "numer": "-9", "denom": "32"}, {"symbol": null, "numer": "33", "denom": "16"}, {"symbol": "coeff_2_LH_max", "numer": "1", "denom": "16"}, {"symbol": "coeff_2_LH_min", "numer": "-9", "denom": "16"}, {"symbol": "coeff_2_HL_max", "numer": "1", "denom": "16"}, {"symbol": "coeff_2_HH_max", "numer": "41", "denom": "128"}, {"symbol": "coeff_2_HH_min", "numer": "-9", "denom": "128"}, {"symbol": "coeff_2_HL_min", "numer": "-9", "denom": "16"}], "level": 2, "array_name": "DC'", "phase": [0, 0]}, {"lower_bound": [{"symbol": "coeff_2_LH_min", "numer": "3", "denom": "4"}, {"symbol": "coeff_0_L_max", "numer": "-1", "denom": "16"}, {"symbol": "coeff_1_H_max", "numer": "-41", "denom": "128"}, {"symbol": "coeff_1_H_min", "numer": "9", "denom": "128"}, {"symbol": null, "numer": "-209", "denom": "64"}, {"symbol": "coeff_2_LH_max", "numer": "-1", "denom": "4"}, {"symbol": "coeff_0_L_min", "numer": "9", "denom": "16"}, {"symbol": "coeff_2_HH_min", "numer": "3", "denom": "16"}, {"symbol": "coeff_2_HL_max", "numer": "-41", "denom": "64"}, {"symbol": "coeff_2_HH_max", "numer": "-7", "denom": "16"}, {"symbol": "coeff_2_HL_min", "numer": "9", "denom": "64"}], "upper_bound": [{"symbol": "coeff_2_LH_max", "numer": "3", "denom": "4"}, {"symbol": "coeff_0_L_min", "numer": "-1", "denom": "16"}, {"symbol": "coeff_1_H_min", "numer": "-41", "denom": "128"}, {"symbol": "coeff_1_H_max", "numer": "9", "denom": "128"}, {"symbol": null, "numer": "209", "denom": "64"}, {"symbol": "coeff_2_LH_min", "numer": "-1", "denom": "4"}, {"symbol": "coeff_0_L_max", "numer": "9", "denom": "16"}, {"symbol": "coeff_2_HH_max", "numer": "3", "denom": "16"}, {"symbol": "coeff_2_HL_min", "numer": "-41", "denom": "64"}, {"symbol": "coeff_2_HH_min", "numer": "-7", "denom": "16"}, {"symbol": "coeff_2_HL_max", "numer": "9", "denom": "64"}], "level": 2, "array_name": "DC'", "phase": [0, 1]}, {"lower_bound": [{"symbol": "coeff_2_HL_min", "numer": "1", "denom": "1"}, {"symbol": "coeff_2_HH_min", "numer": "1", "denom": "16"}, {"symbol": "coeff_2_HH_max", "numer": "-9", "denom": "16"}, {"symbol": null, "numer": "-1", "denom": "2"}], "upper_bound": [{"symbol": "coeff_2_HL_max", "numer": "1", "denom": "1"}, {"symbol": "coeff_2_HH_max", "numer": "1", "denom": "16"}, {"symbol": "coeff_2_HH_min", "numer": "-9", "denom": "16"}, {"symbol": null, "numer": "1", "denom": "2"}], "level": 2, "array_name": "DC'", "phase": [1, 0]}, {"lower_bound": [{"symbol": "coeff_2_HH_min", "numer": "3", "denom": "4"}, {"symbol": "coeff_2_HL_max", "numer": "-1", "denom": "8"}, {"symbol": "coeff_2_HH_max", "numer": "-1", "denom": "4"}, {"symbol": null, "numer": "-9", "denom": "8"}, {"symbol": "coeff_2_HL_min", "numer": "9", "denom": "8"}], "upper_bound": [{"symbol": "coeff_2_HH_max", "numer": "3", "denom": "4"}, {"symbol": "coeff_2_HL_min", "numer": "-1", "denom": "8"}, {"symbol": "coeff_2_HH_min", "numer": "-1", "denom": "4"}, {"symbol": null, "numer": "9", "denom": "8"}, {"symbol": "coeff_2_HL_max", "numer": "9", "denom": "8"}], "level": 2, "array_name": "DC'", "phase": [1, 1]}, {"lower_bound": [{"symbol": "coeff_1_H_min", "numer": "3", "denom": "8"}, {"symbol": "coeff_0_L_max", "numer": "-1", "denom": "16"}, {"symbol": "coeff_1_H_max", "numer": "-1", "denom": "8"}, {"symbol": null, "numer": "-19", "denom": "8"}, {"symbol": "coeff_0_L_min", "numer": "9", "denom": "16"}, {"symbol": "coeff_2_LH_min", "numer": "1", "denom": "16"}, {"symbol": "coeff_2_LH_max", "numer": "-9", "denom": "16"}, {"symbol": "coeff_2_HL_min", "numer": "1", "denom": "16"}, {"symbol": "coeff_2_HH_min", "numer": "41", "denom": "128"}, {"symbol": "coeff_2_HH_max", "numer": "-9", "denom": "128"}, {"symbol": "coeff_2_HL_max", "numer": "-9", "denom": "16"}], "upper_bound": [{"symbol": "coeff_1_H_max", "numer": "3", "denom": "8"}, {"symbol": "coeff_0_L_min", "numer": "-1", "denom": "16"}, {"symbol": "coeff_1_H_min", "numer": "-1", "denom": "8"}, {"symbol": null, "numer": "19", "denom": "8"}, {"symbol": "coeff_0_L_max", "numer": "9", "denom": "16"}, {"symbol": "coeff_2_LH_max", "numer": "1", "denom": "16"}, {"symbol": "coeff_2_LH_min", "numer": "-9", "denom": "16"}, {"symbol": "coeff_2_HL_max", "numer": "1", "denom": "16"}, {"symbol": "coeff_2_HH_max", "numer": "41", "denom": "128"}, {"symbol": "coeff_2_HH_min", "numer": "-9", "denom": "128"}, {"symbol": "coeff_2_HL_min", "numer": "-9", "denom": "16"}], "level": 2, "array_name": "DC'", "phase": [2, 0]}, {"lower_bound": [{"symbol": "coeff_2_LH_min", "numer": "3", "denom": "4"}, {"symbol": "coeff_1_H_max", "numer": "-3", "denom": "16"}, {"symbol": "coeff_0_L_min", "numer": "41", "denom": "64"}, {"symbol": "coeff_1_H_min", "numer": "7", "denom": "16"}, {"symbol": null, "numer": "-117", "denom": "32"}, {"symbol": "coeff_0_L_max", "numer": "-9", "denom": "64"}, {"symbol": "coeff_2_LH_max", "numer": "-1", "denom": "4"}, {"symbol": "coeff_2_HH_min", "numer": "3", "denom": "16"}, {"symbol": "coeff_2_HL_max", "numer": "-41", "denom": "64"}, {"symbol": "coeff_2_HH_max", "numer": "-7", "denom": "16"}, {"symbol": "coeff_2_HL_min", "numer": "9", "denom": "64"}], "upper_bound": [{"symbol": "coeff_2_LH_max", "numer": "3", "denom": "4"}, {"symbol": "coeff_1_H_min", "numer": "-3", "denom": "16"}, {"symbol": "coeff_0_L_max", "numer": "41", "denom": "64"}, {"symbol": "coeff_1_H_max", "numer": "7", "denom": "16"}, {"symbol": null, "numer": "117", "denom": "32"}, {"symbol": "coeff_0_L_min", "numer": "-9", "denom": "64"}, {"symbol": "coeff_2_LH_min", "numer": "-1", "denom": "4"}, {"symbol": "coeff_2_HH_max", "numer": "3", "denom": "16"}, {"symbol": "coeff_2_HL_min", "numer": "-41", "denom": "64"}, {"symbol": "coeff_2_HH_min", "numer": "-7", "denom": "16"}, {"symbol": "coeff_2_HL_max", "numer": "9", "denom": "64"}], "level": 2, "array_name": "DC'", "phase": [2, 1]}, {"lower_bound": [{"symbol": "coeff_2_HL_min", "numer": "1", "denom": "1"}, {"symbol": "coeff_2_HH_min", "numer": "1", "denom": "16"}, {"symbol": "coeff_2_HH_max", "numer": "-9", "denom": "16"}, {"symbol": null, "numer": "-1", "denom": "2"}], "upper_bound": [{"symbol": "coeff_2_HL_max", "numer": "1", "denom": "1"}, {"symbol": "coeff_2_HH_max", "numer": "1", "denom": "16"}, {"symbol": "coeff_2_HH_min", "numer": "-9", "denom": "16"}, {"symbol": null, "numer": "1", "denom": "2"}], "level": 2, "array_name": "DC'", "phase": [3, 0]}, {"lower_bound": [{"symbol": "coeff_2_HH_min", "numer": "3", "denom": "4"}, {"symbol": "coeff_2_HL_max", "numer": "-1", "denom": "8"}, {"symbol": "coeff_2_HH_max", "numer": "-1", "denom": "4"}, {"symbol": null, "numer": "-9", "denom": "8"}, {"symbol": "coeff_2_HL_min", "numer": "9", "denom": "8"}], "upper_bound": [{"symbol": "coeff_2_HH_max", "numer": "3", "denom": "4"}, {"symbol": "coeff_2_HL_min", "numer": "-1", "denom": "8"}, {"symbol": "coeff_2_HH_min", "numer": "-1", "denom": "4"}, {"symbol": null, "numer": "9", "denom": "8"}, {"symbol": "coeff_2_HL_max", "numer": "9", "denom": "8"}], "level": 2, "array_name": "DC'", "phase": [3, 1]}, {"lower_bound": [{"symbol": "coeff_0_L_min", "numer": "1", "denom": "2"}, {"symbol": "coeff_1_H_min", "numer": "1", "denom": "32"}, {"symbol": "coeff_1_H_max", "numer": "-9", "denom": "32"}, {"symbol": null, "numer": "-33", "denom": "16"}, {"symbol": "coeff_2_LH_min", "numer": "1", "denom": "16"}, {"symbol": "coeff_2_LH_max", "numer": "-9", "denom": "16"}, {"symbol": "coeff_2_HL_min", "numer": "1", "denom": "16"}, {"symbol": "coeff_2_HH_min", "numer": "41", "denom": "128"}, {"symbol": "coeff_2_HH_max", "numer": "-9", "denom": "128"}, {"symbol": "coeff_2_HL_max", "numer": "-9", "denom": "16"}], "upper_bound": [{"symbol": "coeff_0_L_max", "numer": "1", "denom": "2"}, {"symbol": "coeff_1_H_max", "numer": "1", "denom": "32"}, {"symbol": "coeff_1_H_min", "numer": "-9", "denom": "32"}, {"symbol": null, "numer": "33", "denom": "16"}, {"symbol": "coeff_2_LH_max", "numer": "1", "denom": "16"}, {"symbol": "coeff_2_LH_min", "numer": "-9", "denom": "16"}, {"symbol": "coeff_2_HL_max", "numer": "1", "denom": "16"}, {"symbol": "coeff_2_HH_max", "numer": "41", "denom": "128"}, {"symbol": "coeff_2_HH_min", "numer": "-9", "denom": "128"}, {"symbol": "coeff_2_HL_min", "numer": "-9", "denom": "16"}], "level": 2, "array_name": "DC", "phase": [0, 0]}, {"lower_bound": [{"symbol": "coeff_2_LH_min", "numer": "3", "denom": "4"}, {"symbol": "coeff_0_L_max", "numer": "-1", "denom": "16"}, {"symbol": "coeff_1_H_max", "numer": "-41", "denom": "128"}, {"symbol": "coeff_1_H_min", "numer": "9", "denom": "128"}, {"symbol": null, "numer": "-209", "denom": "64"}, {"symbol": "coeff_2_LH_max", "numer": "-1", "denom": "4"}, {"symbol": "coeff_0_L_min", "numer": "9", "denom": "16"}, {"symbol": "coeff_2_HH_min", "numer": "3", "denom": "16"}, {"symbol": "coeff_2_HL_max", "numer": "-41", "denom": "64"}, {"symbol": "coeff_2_HH_max", "numer": "-7", "denom": "16"}, {"symbol": "coeff_2_HL_min", "numer": "9", "denom": "64"}], "upper_bound": [{"symbol": "coeff_2_LH_max", "numer": "3", "denom": "4"}, {"symbol": "coeff_0_L_min", "numer": "-1", "denom": "16"}, {"symbol": "coeff_1_H_min", "numer": "-41", "denom": "128"}, {"symbol": "coeff_1_H_max", "numer": "9", "denom": "128"}, {"symbol": null, "numer": "209", "denom": "64"}, {"symbol": "coeff_2_LH_min", "numer": "-1", "denom": "4"}, {"symbol": "coeff_0_L_max", "numer": "9", "denom": "16"}, {"symbol": "coeff_2_HH_max", "numer": "3", "denom": "16"}, {"symbol": "coeff_2_HL_min", "numer": "-41", "denom": "64"}, {"symbol": "coeff_2_HH_min", "numer": "-7", "denom": "16"}, {"symbol": "coeff_2_HL_max", "numer": "9", "denom": "64"}], "level": 2, "array_name": "DC", "phase": [0, 1]}, {"lower_bound": [{"symbol": "coeff_2_HL_min", "numer": "3", "denom": "4"}, {"symbol": "coeff_2_HH_min", "numer": "3", "denom": "16"}, {"symbol": "coeff_2_HH_max", "numer": "-7", "denom": "16"}, {"symbol": null, "numer": "-1707", "denom": "512"}, {"symbol": "coeff_1_H_max", "numer": "-5", "denom": "32"}, {"symbol": "coeff_0_L_min", "numer": "283", "denom": "512"}, {"symbol": "coeff_1_H_min", "numer": "5", "denom": "32"}, {"symbol": "coeff_0_L_max", "numer": "-27", "denom": "512"}, {"symbol": "coeff_2_LH_max", "numer": "-41", "denom": "64"}, {"symbol": "coeff_2_LH_min", "numer": "9", "denom": "64"}, {"symbol": "coeff_2_HL_max", "numer": "-1", "denom": "4"}], "upper_bound": [{"symbol": "coeff_2_HL_max", "numer": "3", "denom": "4"}, {"symbol": "coeff_2_HH_max", "numer": "3", "denom": "16"}, {"symbol": "coeff_2_HH_min", "numer": "-7", "denom": "16"}, {"symbol": null, "numer": "1707", "denom": "512"}, {"symbol": "coeff_1_H_min", "numer": "-5", "denom": "32"}, {"symbol": "coeff_0_L_max", "numer": "283", "denom": "512"}, {"symbol": "coeff_1_H_max", "numer": "5", "denom": "32"}, {"symbol": "coeff_0_L_min", "numer": "-27", "denom": "512"}, {"symbol": "coeff_2_LH_min", "numer": "-41", "denom": "64"}, {"symbol": "coeff_2_LH_max", "numer": "9", "denom": "64"}, {"symbol": "coeff_2_HL_min", "numer": "-1", "denom": "4"}], "level": 2, "array_name": "DC", "phase": [1, 0]}, {"lower_bound": [{"symbol": "coeff_2_HH_min", "numer": "5", "denom": "8"}, {"symbol": "coeff_2_HL_max", "numer": "-3", "denom": "8"}, {"symbol": "coeff_2_HH_max", "numer": "-3", "denom": "8"}, {"symbol": null, "numer": "-10263", "denom": "2048"}, {"symbol": "coeff_2_HL_min", "numer": "7", "denom": "8"}, {"symbol": "coeff_2_LH_max", "numer": "-3", "denom": "8"}, {"symbol": "coeff_1_H_min", "numer": "25", "denom": "128"}, {"symbol": "coeff_0_L_max", "numer": "-263", "denom": "2048"}, {"symbol": "coeff_1_H_max", "numer": "-25", "denom": "128"}, {"symbol": "coeff_0_L_min", "numer": "1287", "denom": "2048"}, {"symbol": "coeff_2_LH_min", "numer": "7", "denom": "8"}], "upper_bound": [{"symbol": "coeff_2_HH_max", "numer": "5", "denom": "8"}, {"symbol": "coeff_2_HL_min", "numer": "-3", "denom": "8"}, {"symbol": "coeff_2_HH_min", "numer": "-3", "denom": "8"}, {"symbol": null, "numer": "10263", "denom": "2048"}, {"symbol": "coeff_2_HL_max", "numer": "7", "denom": "8"}, {"symbol": "coeff_2_LH_min", "numer": "-3", "denom": "8"}, {"symbol": "coeff_1_H_max", "numer": "25", "denom": "128"}, {"symbol": "coeff_0_L_min", "numer": "-263", "denom": "2048"}, {"symbol": "coeff_1_H_min", "numer": "-25", "denom": "128"}, {"symbol": "coeff_0_L_max", "numer": "1287", "denom": "2048"}, {"symbol": "coeff_2_LH_max", "numer": "7", "denom": "8"}], "level": 2, "array_name": "DC", "phase": [1, 1]}, {"lower_bound": [{"symbol": "coeff_1_H_min", "numer": "3", "denom": "8"}, {"symbol": "coeff_0_L_max", "numer": "-1", "denom": "16"}, {"symbol": "coeff_1_H_max", "numer": "-1", "denom": "8"}, {"symbol": null, "numer": "-19", "denom": "8"}, {"symbol": "coeff_0_L_min", "numer": "9", "denom": "16"}, {"symbol": "coeff_2_LH_min", "numer": "1", "denom": "16"}, {"symbol": "coeff_2_LH_max", "numer": "-9", "denom": "16"}, {"symbol": "coeff_2_HL_min", "numer": "1", "denom": "16"}, {"symbol": "coeff_2_HH_min", "numer": "41", "denom": "128"}, {"symbol": "coeff_2_HH_max", "numer": "-9", "denom": "128"}, {"symbol": "coeff_2_HL_max", "numer": "-9", "denom": "16"}], "upper_bound": [{"symbol": "coeff_1_H_max", "numer": "3", "denom": "8"}, {"symbol": "coeff_0_L_min", "numer": "-1", "denom": "16"}, {"symbol": "coeff_1_H_min", "numer": "-1", "denom": "8"}, {"symbol": null, "numer": "19", "denom": "8"}, {"symbol": "coeff_0_L_max", "numer": "9", "denom": "16"}, {"symbol": "coeff_2_LH_max", "numer": "1", "denom": "16"}, {"symbol": "coeff_2_LH_min", "numer": "-9", "denom": "16"}, {"symbol": "coeff_2_HL_max", "numer": "1", "denom": "16"}, {"symbol": "coeff_2_HH_max", "numer": "41", "denom": "128"}, {"symbol": "coeff_2_HH_min", "numer": "-9", "denom": "128"}, {"symbol": "coeff_2_HL_min", "numer": "-9", "denom": "16"}], "level": 2, "array_name": "DC", "phase": [2, 0]}, {"lower_bound": [{"symbol": "coeff_2_LH_min", "numer": "3", "denom": "4"}, {"symbol": "coeff_1_H_max", "numer": "-3", "denom": "16"}, {"symbol": "coeff_0_L_min", "numer": "41", "denom": "64"}, {"symbol": "coeff_1_H_min", "numer": "7", "denom": "16"}, {"symbol": null, "numer": "-117", "denom": "32"}, {"symbol": "coeff_0_L_max", "numer": "-9", "denom": "64"}, {"symbol": "coeff_2_LH_max", "numer": "-1", "denom": "4"}, {"symbol": "coeff_2_HH_min", "numer": "3", "denom": "16"}, {"symbol": "coeff_2_HL_max", "numer": "-41", "denom": "64"}, {"symbol": "coeff_2_HH_max", "numer": "-7", "denom": "16"}, {"symbol": "coeff_2_HL_min", "numer": "9", "denom": "64"}], "upper_bound": [{"symbol": "coeff_2_LH_max", "numer": "3", "denom": "4"}, {"symbol": "coeff_1_H_min", "numer": "-3", "denom": "16"}, {"symbol": "coeff_0_L_max", "numer": "41", "denom": "64"}, {"symbol": "coeff_1_H_max", "numer": "7", "denom": "16"}, {"symbol": null, "numer": "117", "denom": "32"}, {"symbol": "coeff_0_L_min", "numer": "-9", "denom": "64"}, {"symbol": "coeff_2_LH_min", "numer": "-1", "denom": "4"}, {"symbol": "coeff_2_HH_max", "numer": "3", "denom": "16"}, {"symbol": "coeff_2_HL_min", "numer": "-41", "denom": "64"}, {"symbol": "coeff_2_HH_min", "numer": "-7", "denom": "16"}, {"symbol": "coeff_2_HL_max", "numer": "9", "denom": "64"}], "level": 2, "array_name": "DC", "phase": [2, 1]}, {"lower_bound": [{"symbol": "coeff_2_HL_min", "numer": "3", "denom": "4"}, {"symbol": "coeff_2_HH_min", "numer": "3", "denom": "16"}, {"symbol": "coeff_2_HH_max", "numer": "-7", "denom": "16"}, {"symbol": null, "numer": "-1707", "denom": "512"}, {"symbol": "coeff_0_L_min", "numer": "283", "denom": "512"}, {"symbol": "coeff_1_H_min", "numer": "5", "denom": "32"}, {"symbol": "coeff_1_H_max", "numer": "-5", "denom": "32"}, {"symbol": "coeff_2_LH_max", "numer": "-41", "denom": "64"}, {"symbol": "coeff_2_LH_min", "numer": "9", "denom": "64"}, {"symbol": "coeff_2_HL_max", "numer": "-1", "denom": "4"}, {"symbol": "coeff_0_L_max", "numer": "-27", "denom": "512"}], "upper_bound": [{"symbol": "coeff_2_HL_max", "numer": "3", "denom": "4"}, {"symbol": "coeff_2_HH_max", "numer": "3", "denom": "16"}, {"symbol": "coeff_2_HH_min", "numer": "-7", "denom": "16"}, {"symbol": null, "numer": "1707", "denom": "512"}, {"symbol": "coeff_0_L_max", "numer": "283", "denom": "512"}, {"symbol": "coeff_1_H_max", "numer": "5", "denom": "32"}, {"symbol": "coeff_1_H_min", "numer": "-5", "denom": "32"}, {"symbol": "coeff_2_LH_min", "numer": "-41", "denom": "64"}, {"symbol": "coeff_2_LH_max", "numer": "9", "denom": "64"}, {"symbol": "coeff_2_HL_min", "numer": "-1", "denom": "4"}, {"symbol": "coeff_0_L_min", "numer": "-27", "denom": "512"}], "level": 2, "array_name": "DC", "phase": [3, 0]}, {"lower_bound": [{"symbol": "coeff_2_HH_min", "numer": "5", "denom": "8"}, {"symbol": "coeff_2_HL_max", "numer": "-3", "denom": "8"}, {"symbol": "coeff_2_HH_max", "numer": "-3", "denom": "8"}, {"symbol": null, "numer": "-10263", "denom": "2048"}, {"symbol": "coeff_2_HL_min", "numer": "7", "denom": "8"}, {"symbol": "coeff_2_LH_max", "numer": "-3", "denom": "8"}, {"symbol": "coeff_0_L_max", "numer": "-263", "denom": "2048"}, {"symbol": "coeff_1_H_max", "numer": "-25", "denom": "128"}, {"symbol": "coeff_1_H_min", "numer": "25", "denom": "128"}, {"symbol": "coeff_2_LH_min", "numer": "7", "denom": "8"}, {"symbol": "coeff_0_L_min", "numer": "1287", "denom": "2048"}], "upper_bound": [{"symbol": "coeff_2_HH_max", "numer": "5", "denom": "8"}, {"symbol": "coeff_2_HL_min", "numer": "-3", "denom": "8"}, {"symbol": "coeff_2_HH_min", "numer": "-3", "denom": "8"}, {"symbol": null, "numer": "10263", "denom": "2048"}, {"symbol": "coeff_2_HL_max", "numer": "7", "denom": "8"}, {"symbol": "coeff_2_LH_min", "numer": "-3", "denom": "8"}, {"symbol": "coeff_0_L_min", "numer": "-263", "denom": "2048"}, {"symbol": "coeff_1_H_min", "numer": "-25", "denom": "128"}, {"symbol": "coeff_1_H_max", "numer": "25", "denom": "128"}, {"symbol": "coeff_2_LH_max", "numer": "7", "denom": "8"}, {"symbol": "coeff_0_L_max", "numer": "1287", "denom": "2048"}], "level": 2, "array_name": "DC", "phase": [3, 1]}, {"lower_bound": [{"symbol": "coeff_0_L_min", "numer": "1", "denom": "4"}, {"symbol": "coeff_1_H_min", "numer": "1", "denom": "64"}, {"symbol": "coeff_1_H_max", "numer": "-9", "denom": "64"}, {"symbol": null, "numer": "-49", "denom": "32"}, {"symbol": "coeff_2_LH_min", "numer": "1", "denom": "32"}, {"symbol": "coeff_2_LH_max", "numer": "-9", "denom": "32"}, {"symbol": "coeff_2_HL_min", "numer": "1", "denom": "32"}, {"symbol": "coeff_2_HH_min", "numer": "41", "denom": "256"}, {"symbol": "coeff_2_HH_max", "numer": "-9", "denom": "256"}, {"symbol": "coeff_2_HL_max", "numer": "-9", "denom": "32"}], "upper_bound": [{"symbol": "coeff_0_L_max", "numer": "1", "denom": "4"}, {"symbol": "coeff_1_H_max", "numer": "1", "denom": "64"}, {"symbol": "coeff_1_H_min", "numer": "-9", "denom": "64"}, {"symbol": null, "numer": "49", "denom": "32"}, {"symbol": "coeff_2_LH_max", "numer": "1", "denom": "32"}, {"symbol": "coeff_2_LH_min", "numer": "-9", "denom": "32"}, {"symbol": "coeff_2_HL_max", "numer": "1", "denom": "32"}, {"symbol": "coeff_2_HH_max", "numer": "41", "denom": "256"}, {"symbol": "coeff_2_HH_min", "numer": "-9", "denom": "256"}, {"symbol": "coeff_2_HL_min", "numer": "-9", "denom": "32"}], "level": 2, "array_name": "Output", "phase": [0, 0]}, {"lower_bound": [{"symbol": "coeff_2_LH_min", "numer": "3", "denom": "8"}, {"symbol": "coeff_0_L_max", "numer": "-1", "denom": "32"}, {"symbol": "coeff_1_H_max", "numer": "-41", "denom": "256"}, {"symbol": "coeff_1_H_min", "numer": "9", "denom": "256"}, {"symbol": null, "numer": "-273", "denom": "128"}, {"symbol": "coeff_2_LH_max", "numer": "-1", "denom": "8"}, {"symbol": "coeff_0_L_min", "numer": "9", "denom": "32"}, {"symbol": "coeff_2_HH_min", "numer": "3", "denom": "32"}, {"symbol": "coeff_2_HL_max", "numer": "-41", "denom": "128"}, {"symbol": "coeff_2_HH_max", "numer": "-7", "denom": "32"}, {"symbol": "coeff_2_HL_min", "numer": "9", "denom": "128"}], "upper_bound": [{"symbol": "coeff_2_LH_max", "numer": "3", "denom": "8"}, {"symbol": "coeff_0_L_min", "numer": "-1", "denom": "32"}, {"symbol": "coeff_1_H_min", "numer": "-41", "denom": "256"}, {"symbol": "coeff_1_H_max", "numer": "9", "denom": "256"}, {"symbol": null, "numer": "273", "denom": "128"}, {"symbol": "coeff_2_LH_min", "numer": "-1", "denom": "8"}, {"symbol": "coeff_0_L_max", "numer": "9", "denom": "32"}, {"symbol": "coeff_2_HH_max", "numer": "3", "denom": "32"}, {"symbol": "coeff_2_HL_min", "numer": "-41", "denom": "128"}, {"symbol": "coeff_2_HH_min", "numer": "-7", "denom": "32"}, {"symbol": "coeff_2_HL_max", "numer": "9", "denom": "128"}], "level": 2, "array_name": "Output", "phase": [0, 1]}, {"lower_bound": [{"symbol": "coeff_2_HL_min", "numer": "3", "denom": "8"}, {"symbol": "coeff_2_HH_min", "numer": "3", "denom": "32"}, {"symbol": "coeff_2_HH_max", "numer": "-7", "denom": "32"}, {"symbol": null, "numer": "-2219", "denom": "1024"}, {"symbol": "coeff_1_H_max", "numer": "-5", "denom": "64"}, {"symbol": "coeff_0_L_min", "numer": "283", "denom": "1024"}, {"symbol": "coeff_1_H_min", "numer": "5", "denom": "64"}, {"symbol": "coeff_0_L_max", "numer": "-27", "denom": "1024"}, {"symbol": "coeff_2_LH_max", "numer": "-41", "denom": "128"}, {"symbol": "coeff_2_LH_min", "numer": "9", "denom": "128"}, {"symbol": "coeff_2_HL_max", "numer": "-1", "denom": "8"}], "upper_bound": [{"symbol": "coeff_2_HL_max", "numer": "3", "denom": "8"}, {"symbol": "coeff_2_HH_max", "numer": "3", "denom": "32"}, {"symbol": "coeff_2_HH_min", "numer": "-7", "denom": "32"}, {"symbol": null, "numer": "2219", "denom": "1024"}, {"symbol": "coeff_1_H_min", "numer": "-5", "denom": "64"}, {"symbol": "coeff_0_L_max", "numer": "283", "denom": "1024"}, {"symbol": "coeff_1_H_max", "numer": "5", "denom": "64"}, {"symbol": "coeff_0_L_min", "numer": "-27", "denom": "1024"}, {"symbol": "coeff_2_LH_min", "numer": "-41", "denom": "128"}, {"symbol": "coeff_2_LH_max", "numer": "9", "denom": "128"}, {"symbol": "coeff_2_HL_min", "numer": "-1", "denom": "8"}], "level": 2, "array_name": "Output", "phase": [1, 0]}, {"lower_bound": [{"symbol": "coeff_2_HH_min", "numer": "5", "denom": "16"}, {"symbol": "coeff_2_HL_max", "numer": "-3", "denom": "16"}, {"symbol": "coeff_2_HH_max", "numer": "-3", "denom": "16"}, {"symbol": null, "numer": "-12311", "denom": "4096"}, {"symbol": "coeff_2_HL_min", "numer": "7", "denom": "16"}, {"symbol": "coeff_2_LH_max", "numer": "-3", "denom": "16"}, {"symbol": "coeff_1_H_min", "numer": "25", "denom": "256"}, {"symbol": "coeff_0_L_max", "numer": "-263", "denom": "4096"}, {"symbol": "coeff_1_H_max", "numer": "-25", "denom": "256"}, {"symbol": "coeff_0_L_min", "numer": "1287", "denom": "4096"}, {"symbol": "coeff_2_LH_min", "numer": "7", "denom": "16"}], "upper_bound": [{"symbol": "coeff_2_HH_max", "numer": "5", "denom": "16"}, {"symbol": "coeff_2_HL_min", "numer": "-3", "denom": "16"}, {"symbol": "coeff_2_HH_min", "numer": "-3", "denom": "16"}, {"symbol": null, "numer": "12311", "denom": "4096"}, {"symbol": "coeff_2_HL_max", "numer": "7", "denom": "16"}, {"symbol": "coeff_2_LH_min", "numer": "-3", "denom": "16"}, {"symbol": "coeff_1_H_max", "numer": "25", "denom": "256"}, {"symbol": "coeff_0_L_min", "numer": "-263", "denom": "4096"}, {"symbol": "coeff_1_H_min", "numer": "-25", "denom": "256"}, {"symbol": "coeff_0_L_max", "numer": "1287", "denom": "4096"}, {"symbol": "coeff_2_LH_max", "numer": "7", "denom": "16"}], "level": 2, "array_name": "Output", "phase": [1, 1]}, {"lower_bound": [{"symbol": "coeff_1_H_min", "numer": "3", "denom": "16"}, {"symbol": "coeff_0_L_max", "numer": "-1", "denom": "32"}, {"symbol": "coeff_1_H_max", "numer": "-1", "denom": "16"}, {"symbol": null, "numer": "-27", "denom": "16"}, {"symbol": "coeff_0_L_min", "numer": "9", "denom": "32"}, {"symbol": "coeff_2_LH_min", "numer": "1", "denom": "32"}, {"symbol": "coeff_2_LH_max", "numer": "-9", "denom": "32"}, {"symbol": "coeff_2_HL_min", "numer": "1", "denom": "32"}, {"symbol": "coeff_2_HH_min", "numer": "41", "denom": "256"}, {"symbol": "coeff_2_HH_max", "numer": "-9", "denom": "256"}, {"symbol": "coeff_2_HL_max", "numer": "-9", "denom": "32"}], "upper_bound": [{"symbol": "coeff_1_H_max", "numer": "3", "denom": "16"}, {"symbol": "coeff_0_L_min", "numer": "-1", "denom": "32"}, {"symbol": "coeff_1_H_min", "numer": "-1", "denom": "16"}, {"symbol": null, "numer": "27", "denom": "16"}, {"symbol": "coeff_0_L_max", "numer": "9", "denom": "32"}, {"symbol": "coeff_2_LH_max", "numer": "1", "denom": "32"}, {"symbol": "coeff_2_LH_min", "numer": "-9", "denom": "32"}, {"symbol": "coeff_2_HL_max", "numer": "1", "denom": "32"}, {"symbol": "coeff_2_HH_max", "numer": "41", "denom": "256"}, {"symbol": "coeff_2_HH_min", "numer": "-9", "denom": "256"}, {"symbol": "coeff_2_HL_min", "numer": "-9", "denom": "32"}], "level": 2, "array_name": "Output", "phase": [2, 0]}, {"lower_bound": [{"symbol": "coeff_2_LH_min", "numer": "3", "denom": "8"}, {"symbol": "coeff_1_H_max", "numer": "-3", "denom": "32"}, {"symbol": "coeff_0_L_min", "numer": "41", "denom": "128"}, {"symbol": "coeff_1_H_min", "numer": "7", "denom": "32"}, {"symbol": null, "numer": "-149", "denom": "64"}, {"symbol": "coeff_0_L_max", "numer": "-9", "denom": "128"}, {"symbol": "coeff_2_LH_max", "numer": "-1", "denom": "8"}, {"symbol": "coeff_2_HH_min", "numer": "3", "denom": "32"}, {"symbol": "coeff_2_HL_max", "numer": "-41", "denom": "128"}, {"symbol": "coeff_2_HH_max", "numer": "-7", "denom": "32"}, {"symbol": "coeff_2_HL_min", "numer": "9", "denom": "128"}], "upper_bound": [{"symbol": "coeff_2_LH_max", "numer": "3", "denom": "8"}, {"symbol": "coeff_1_H_min", "numer": "-3", "denom": "32"}, {"symbol": "coeff_0_L_max", "numer": "41", "denom": "128"}, {"symbol": "coeff_1_H_max", "numer": "7", "denom": "32"}, {"symbol": null, "numer": "149", "denom": "64"}, {"symbol": "coeff_0_L_min", "numer": "-9", "denom": "128"}, {"symbol": "coeff_2_LH_min", "numer": "-1", "denom": "8"}, {"symbol": "coeff_2_HH_max", "numer": "3", "denom": "32"}, {"symbol": "coeff_2_HL_min", "numer": "-41", "denom": "128"}, {"symbol": "coeff_2_HH_min", "numer": "-7", "denom": "32"}, {"symbol": "coeff_2_HL_max", "numer": "9", "denom": "128"}], "level": 2, "array_name": "Output", "phase": [2, 1]}, {"lower_bound": [{"symbol": "coeff_2_HL_min", "numer": "3", "denom": "8"}, {"symbol": "coeff_2_HH_min", "numer": "3", "denom": "32"}, {"symbol": "coeff_2_HH_max", "numer": "-7", "denom": "32"}, {"symbol": null, "numer": "-2219", "denom": "1024"}, {"symbol": "coeff_0_L_min", "numer": "283", "denom": "1024"}, {"symbol": "coeff_1_H_min", "numer": "5", "denom": "64"}, {"symbol": "coeff_1_H_max", "numer": "-5", "denom": "64"}, {"symbol": "coeff_2_LH_max", "numer": "-41", "denom": "128"}, {"symbol": "coeff_2_LH_min", "numer": "9", "denom": "128"}, {"symbol": "coeff_2_HL_max", "numer": "-1", "denom": "8"}, {"symbol": "coeff_0_L_max", "numer": "-27", "denom": "1024"}], "upper_bound": [{"symbol": "coeff_2_HL_max", "numer": "3", "denom": "8"}, {"symbol": "coeff_2_HH_max", "numer": "3", "denom": "32"}, {"symbol": "coeff_2_HH_min", "numer": "-7", "denom": "32"}, {"symbol": null, "numer": "2219", "denom": "1024"}, {"symbol": "coeff_0_L_max", "numer": "283", "denom": "1024"}, {"symbol": "coeff_1_H_max", "numer": "5", "denom": "64"}, {"symbol": "coeff_1_H_min", "numer": "-5", "denom": "64"}, {"symbol": "coeff_2_LH_min", "numer": "-41", "denom": "128"}, {"symbol": "coeff_2_LH_max", "numer": "9", "denom": "128"}, {"symbol": "coeff_2_HL_min", "numer": "-1", "denom": "8"}, {"symbol": "coeff_0_L_min", "numer": "-27", "denom": "1024"}], "level": 2, "array_name": "Output", "phase": [3, 0]}, {"lower_bound": [{"symbol": "coeff_2_HH_min", "numer": "5", "denom": "16"}, {"symbol": "coeff_2_HL_max", "numer": "-3", "denom": "16"}, {"symbol": "coeff_2_HH_max", "numer": "-3", "denom": "16"}, {"symbol": null, "numer": "-12311", "denom": "4096"}, {"symbol": "coeff_2_HL_min", "numer": "7", "denom": "16"}, {"symbol": "coeff_2_LH_max", "numer": "-3", "denom": "16"}, {"symbol": "coeff_0_L_max", "numer": "-263", "denom": "4096"}, {"symbol": "coeff_1_H_max", "numer": "-25", "denom": "256"}, {"symbol": "coeff_1_H_min", "numer": "25", "denom": "256"}, {"symbol": "coeff_2_LH_min", "numer": "7", "denom": "16"}, {"symbol": "coeff_0_L_min", "numer": "1287", "denom": "4096"}], "upper_bound": [{"symbol": "coeff_2_HH_max", "numer": "5", "denom": "16"}, {"symbol": "coeff_2_HL_min", "numer": "-3", "denom": "16"}, {"symbol": "coeff_2_HH_min", "numer": "-3", "denom": "16"}, {"symbol": null, "numer": "12311", "denom": "4096"}, {"symbol": "coeff_2_HL_max", "numer": "7", "denom": "16"}, {"symbol": "coeff_2_LH_min", "numer": "-3", "denom": "16"}, {"symbol": "coeff_0_L_min", "numer": "-263", "denom": "4096"}, {"symbol": "coeff_1_H_min", "numer": "-25", "denom": "256"}, {"symbol": "coeff_1_H_max", "numer": "25", "denom": "256"}, {"symbol": "coeff_2_LH_max", "numer": "7", "denom": "16"}, {"symbol": "coeff_0_L_max", "numer": "1287", "denom": "4096"}], "level": 2, "array_name": "Output", "phase": [3, 1]}], "analysis_test_patterns": [{"target": [0, 0], "pattern": {"dx": 0, "dy": 0, "width": 1, "height": 1, "positive": "gA==", "mask": "gA=="}, "pattern_translation_multiple": [1, 1], "target_translation_multiple": [1, 1], "level": 2, "array_name": "Input", "phase": [0, 0]}, {"target": [0, 0], "pattern": {"dx": 0, "dy": 0, "width": 1, "height": 1, "positive": "gA==", "mask": "gA=="}, "pattern_translation_multiple": [1, 1], "target_translation_multiple": [1, 1], "level": 2, "array_name": "DC", "phase": [0, 0]}, {"target": [0, 0], "pattern": {"dx": 0, "dy": 0, "width": 1, "height": 1, "positive": "gA==", "mask": "gA=="}, "pattern_translation_multiple": [2, 1], "target_translation_multiple": [2, 1], "level": 2, "array_name": "DC'", "phase": [0, 0]}, {"target": [3, 0], "pattern": {"dx": 0, "dy": 0, "width": 7, "height": 1, "positive": "kg==", "mask": "ug=="}, "pattern_translation_multiple": [2, 1], "target_translation_multiple": [2, 1], "level": 2, "array_name": "DC'", "phase": [1, 0]}, {"target": [6, 0], "pattern": {"dx": 0, "dy": 0, "width": 13, "height": 1, "positive": "JyA=", "mask": "v+g="}, "pattern_translation_multiple": [2, 1], "target_translation_multiple": [2, 1], "level": 2, "array_name": "DC''", "phase": [0, 0]}, {"target": [3, 0], "pattern": {"dx": 0, "dy": 0, "width": 7, "height": 1, "positive": "kg==", "mask": "ug=="}, "pattern_translation_multiple": [2, 1], "target_translation_multiple": [2, 1], "level": 2, "array_name": "DC''", "phase": [1, 0]}, {"target": [3, 0], "pattern": {"dx": 0, "dy": 0, "width": 13, "height": 1, "positive": "JyA=", "mask": "v+g="}, "pattern_translation_multiple": [2, 2], "target_translation_multiple": [1, 2], "level": 2, "array_name": "L'", "phase": [0, 0]}, {"target": [3, 3], "pattern": {"dx": 0, "dy": 0, "width": 13, "height": 7, "positive": "JyAAJjJOSYyAAJyA", "mask": "v+gAL/t/2/6AAv+g"}, "pattern_translation_multiple": [2, 2], "target_translation_multiple": [1, 2], "level": 2, "array_name": "L'", "phase": [0, 1]}, {"target": [1, 0], "pattern": {"dx": 0, "dy": 0, "width": 7, "height": 1, "positive": "kg==", "mask": "ug=="}, "pattern_translation_multiple": [2, 2], "target_translation_multiple": [1, 2], "level": 2, "array_name": "H'", "phase": [0, 0]}, {"target": [1, 3], "pattern": {"dx": 0, "dy": 0, "width": 7, "height": 7, "positive": "kgCkkoAkgA==", "mask": "ugLt26AugA=="}, "pattern_translation_multiple": [2, 2], "target_translation_multiple": [1, 2], "level": 2, "array_name": "H'", "phase": [0, 1]}, {"target": [3, 6], "pattern": {"dx": 0, "dy": 0, "width": 13, "height": 13, "positive": "mMgACckxmYyTkJyE5JjMxknIAAmMgA==", "mask": "v+gAL/t/2/7f9v+3/b/t/2/6AAv+gA=="}, "pattern_translation_multiple": [2, 2], "target_translation_multiple": [1, 2], "level": 2, "array_name": "L''", "phase": [0, 0]}, {"target": [3, 3], "pattern": {"dx": 0, "dy": 0, "width": 13, "height": 7, "positive": "JyAAJjJOSYyAAJyA", "mask": "v+gAL/t/2/6AAv+g"}, "pattern_translation_multiple": [2, 2], "target_translation_multiple": [1, 2], "level": 2, "array_name": "L''", "phase": [0, 1]}, {"target": [1, 6], "pattern": {"dx": 0, "dy": 0, "width": 7, "height": 13, "positive": "KAJJQpJkyShSSAKA", "mask": "ugLt27du3bt26Aug"}, "pattern_translation_multiple": [2, 2], "target_translation_multiple": [1, 2], "level": 2, "array_name": "H''", "phase": [0, 0]}, {"target": [1, 3], "pattern": {"dx": 0, "dy": 0, "width": 7, "height": 7, "positive": "kgCkkoAkgA==", "mask": "ugLt26AugA=="}, "pattern_translation_multiple": [2, 2], "target_translation_multiple": [1, 2], "level": 2, "array_name": "H''", "phase": [0, 1]}, {"target": [3, 3], "pattern": {"dx": 0, "dy": 0, "width": 13, "height": 13, "positive": "mMgACckxmYyTkJyE5JjMxknIAAmMgA==", "mask": "v+gAL/t/2/7f9v+3/b/t/2/6AAv+gA=="}, "pattern_translation_multiple": [2, 2], "target_translation_multiple": [1, 1], "level": 1, "array_name": "DC", "phase": [0, 0]}, {"target": [4, 3], "pattern": {"dx": 2, "dy": 0, "width": 13, "height": 13, "positive": "mMgACckxmYyTkJyE5JjMxknIAAmMgA==", "mask": "v+gAL/t/2/7f9v+3/b/t/2/6AAv+gA=="}, "pattern_translation_multiple": [4, 2], "target_translation_multiple": [2, 1], "level": 1, "array_name": "DC'", "phase": [0, 0]}, {"target": [7, 3], "pattern": {"dx": 2, "dy": 0, "width": 25, "height": 13, "positive": "mGMMgAAACec8kwxhmYYwyTznkJ5zyE855JhjDMwxhknnPIAAAAmGMMg=", "mask": "v//+gAAAL///t///2///7f//9v//+3///b///t///2///6AAAAv//+g="}, "pattern_translation_multiple": [4, 2], "target_translation_multiple": [2, 1], "level": 1, "array_name": "DC'", "phase": [1, 0]}, {"target": [10, 3], "pattern": {"dx": 2, "dy": 0, "width": 37, "height": 13, "positive": "J44DjyAAAAAAJhx/HDJPHAceQnjgOPJMOP44ZmHH8cMzDj+OGSeOA48hPHAceSYcfxwyAAAAAAJ44DjyAA==", "mask": "v////+gAAAAAL/////t/////2/////7f////9v////+3/////b/////t/////2/////6AAAAAAv////+gA=="}, "pattern_translation_multiple": [4, 2], "target_translation_multiple": [2, 1], "level": 1, "array_name": "DC''", "phase": [0, 0]}, {"target": [7, 3], "pattern": {"dx": 2, "dy": 0, "width": 25, "height": 13, "positive": "mGMMgAAACec8kwxhmYYwyTznkJ5zyE855JhjDMwxhknnPIAAAAmGMMg=", "mask": "v//+gAAAL///t///2///7f//9v//+3///b///t///2///6AAAAv//+g="}, "pattern_translation_multiple": [4, 2], "target_translation_multiple": [2, 1], "level": 1, "array_name": "DC''", "phase": [1, 0]}], "synthesis_test_patterns": [{"target": [5, 3], "pattern": {"dx": 2, "dy": 0, "width": 37, "height": 13, "positive": "J44DjyAAAAAAJhx/HDJPHAceQnjgOPJMOP44ZmHH8cMzDj+OGSeOA48hPHAceSYcfxwyAAAAAAJ44DjyAA==", "mask": "v////+gAAAAAL/////t/////2/////7f////9v////+3/////b/////t/////2/////6AAAAAAv////+gA=="}, "pattern_translation_multiple": [4, 2], "target_translation_multiple": [1, 1], "level": 1, "array_name": "L", "phase": [0, 0]}, {"target": [3, 3], "pattern": {"dx": 2, "dy": 0, "width": 25, "height": 13, "positive": "mGMMgAAACec8kwxhmYYwyTznkJ5zyE855JhjDMwxhknnPIAAAAmGMMg=", "mask": "v//+gAAAL///t///2///7f//9v//+3///b///t///2///6AAAAv//+g="}, "pattern_translation_multiple": [4, 2], "target_translation_multiple": [1, 1], "level": 1, "array_name": "H", "phase": [0, 0]}, {"target": [10, 3], "pattern": {"dx": 2, "dy": 0, "width": 37, "height": 13, "positive": "J42NjyAAAAAAJhycnDJPGxseQnjY2PJMOTk4ZmHJycMzDk5OGSeNjY8hPGxseSYcnJwyAAAAAAJ42NjyAA==", "mask": "v////+gAAAAAL/////t/////2/////7f////9v////+3/////b/////t/////2/////6AAAAAAv////+gA=="}, "pattern_translation_multiple": [4, 2], "target_translation_multiple": [2, 1], "level": 1, "array_name": "DC'", "phase": [0, 0]}, {"target": [7, 3], "pattern": {"dx": 2, "dy": 0, "width": 25, "height": 13, "positive": "mGMMgAAACec8kwxhmYYwyTznkJ5zyE855JhjDMwxhknnPIAAAAmGMMg=", "mask": "v//+gAAAL///t///2///7f//9v//+3///b///t///2///6AAAAv//+g="}, "pattern_translation_multiple": [4, 2], "target_translation_multiple": [2, 1], "level": 1, "array_name": "DC'", "phase": [1, 0]}, {"target": [10, 3], "pattern": {"dx": 2, "dy": 0, "width": 37, "height": 13, "positive": "J42NjyAAAAAAJhycnDJPGxseQnjY2PJMOTk4ZmHJycMzDk5OGSeNjY8hPGxseSYcnJwyAAAAAAJ42NjyAA==", "mask": "v////+gAAAAAL/////t/////2/////7f////9v////+3/////b/////t/////2/////6AAAAAAv////+gA=="}, "pattern_translation_multiple": [4, 2], "target_translation_multiple": [2, 1], "level": 1, "array_name": "DC", "phase": [0, 0]}, {"target": [13, 3], "pattern": {"dx": 2, "dy": 0, "width": 49, "height": 13, "positive": "km2mMs8kgAAAAAAAC2SWc0w2kk20xlnkmSbaYyzySWySzmmG0LZJZzTDaFsks5phtJJtpjLPJMk20xlnkktklnNMNoAAAAAAAAkm2mMs8kg=", "mask": "v//////+gAAAAAAAL///////t///////2///////7f//////9v//////+3///////b///////t///////2///////6AAAAAAAAv//////+g="}, "pattern_translation_multiple": [4, 2], "target_translation_multiple": [2, 1], "level": 1, "array_name": "DC", "phase": [1, 0]}, {"target": [10, 3], "pattern": {"dx": 2, "dy": 0, "width": 37, "height": 13, "positive": "J42NjyAAAAAAJhycnDJPGxseQnjY2PJMOTk4ZmHJycMzDk5OGSeNjY8hPGxseSYcnJwyAAAAAAJ42NjyAA==", "mask": "v////+gAAAAAL/////t/////2/////7f////9v////+3/////b/////t/////2/////6AAAAAAv////+gA=="}, "pattern_translation_multiple": [4, 2], "target_translation_multiple": [2, 1], "level": 1, "array_name": "Output", "phase": [0, 0]}, {"target": [13, 3], "pattern": {"dx": 2, "dy": 0, "width": 49, "height": 13, "positive": "km2mMs8kgAAAAAAAC2SWc0w2kk20xlnkmSbaYyzySWySzmmG0LZJZzTDaFsks5phtJJtpjLPJMk20xlnkktklnNMNoAAAAAAAAkm2mMs8kg=", "mask": "v//////+gAAAAAAAL///////t///////2///////7f//////9v//////+3///////b///////t///////2///////6AAAAAAAAv//////+g="}, "pattern_translation_multiple": [4, 2], "target_translation_multiple": [2, 1], "level": 1, "array_name": "Output", "phase": [1, 0]}, {"target": [10, 3], "pattern": {"dx": 2, "dy": 0, "width": 37, "height": 13, "positive": "J42NjyAAAAAAJhycnDJPGxseQnjY2PJMOTk4ZmHJycMzDk5OGSeNjY8hPGxseSYcnJwyAAAAAAJ42NjyAA==", "mask": "v////+gAAAAAL/////t/////2/////7f////9v////+3/////b/////t/////2/////6AAAAAAv////+gA=="}, "pattern_translation_multiple": [4, 2], "target_translation_multiple": [2, 1], "level": 2, "array_name": "LL", "phase": [0, 0]}, {"target": [13, 3], "pattern": {"dx": 2, "dy": 0, "width": 49, "height": 13, "positive": "km2mMs8kgAAAAAAAC2SWc0w2kk20xlnkmSbaYyzySWySzmmG0LZJZzTDaFsks5phtJJtpjLPJMk20xlnkktklnNMNoAAAAAAAAkm2mMs8kg=", "mask": "v//////+gAAAAAAAL///////t///////2///////7f//////9v//////+3///////b///////t///////2///////6AAAAAAAAv//////+g="}, "pattern_translation_multiple": [4, 2], "target_translation_multiple": [2, 1], "level": 2, "array_name": "LL", "phase": [1, 0]}, {"target": [3, 1], "pattern": {"dx": 0, "dy": 0, "width": 13, "height": 7, "positive": "JyAAJjJOSYyAAJyA", "mask": "v+gAL/t/2/6AAv+g"}, "pattern_translation_multiple": [2, 2], "target_translation_multiple": [1, 1], "level": 2, "array_name": "LH", "phase": [0, 0]}, {"target": [1, 3], "pattern": {"dx": 0, "dy": 0, "width": 7, "height": 13, "positive": "KAJJQpJkyShSSAKA", "mask": "ugLt27du3bt26Aug"}, "pattern_translation_multiple": [2, 2], "target_translation_multiple": [1, 1], "level": 2, "array_name": "HL", "phase": [0, 0]}, {"target": [1, 1], "pattern": {"dx": 0, "dy": 0, "width": 7, "height": 7, "positive": "kgCkkoAkgA==", "mask": "ugLt26AugA=="}, "pattern_translation_multiple": [2, 2], "target_translation_multiple": [1, 1], "level": 2, "array_name": "HH", "phase": [0, 0]}, {"target": [10, 6], "pattern": {"dx": 2, "dy": 0, "width": 37, "height": 13, "positive": "J44DjyAAAAAAJhx/HDJPHAceQnjgOPJMOP44ZmHJycMzDj+OGSeOA48hPHAceSYcfxwyAAAAAAJ44DjyAA==", "mask": "v////+gAAAAAL/////t/////2/////7f////9v////+3/////b/////t/////2/////6AAAAAAv////+gA=="}, "pattern_translation_multiple": [4, 2], "target_translation_multiple": [2, 2], "level": 2, "array_name": "L'", "phase": [0, 0]}, {"target": [4, 3], "pattern": {"dx": 2, "dy": 0, "width": 13, "height": 7, "positive": "JyAAJjJOSYyAAJyA", "mask": "v+gAL/t/2/6AAv+g"}, "pattern_translation_multiple": [4, 2], "target_translation_multiple": [2, 2], "level": 2, "array_name": "L'", "phase": [0, 1]}, {"target": [13, 6], "pattern": {"dx": 2, "dy": 0, "width": 49, "height": 13, "positive": "km2GMM8kgAAAAAAAC2Sec8w2kk2wxhnkmSbYYwzySWyTznmG0LZJZzTDaFsk855htJJthjDPJMk2wxhnkktknnPMNoAAAAAAAAkm2GMM8kg=", "mask": "v//////+gAAAAAAAL///////t///////2///////7f//////9v//////+3///////b///////t///////2///////6AAAAAAAAv//////+g="}, "pattern_translation_multiple": [4, 2], "target_translation_multiple": [2, 2], "level": 2, "array_name": "L'", "phase": [1, 0]}, {"target": [3, 3], "pattern": {"dx": 0, "dy": 0, "width": 13, "height": 7, "positive": "JyAAJjJOSYyAAJyA", "mask": "v+gAL/t/2/6AAv+g"}, "pattern_translation_multiple": [4, 2], "target_translation_multiple": [2, 2], "level": 2, "array_name": "L'", "phase": [1, 1]}, {"target": [1, 6], "pattern": {"dx": 0, "dy": 0, "width": 7, "height": 13, "positive": "KAJJQpJkyShSSAKA", "mask": "ugLt27du3bt26Aug"}, "pattern_translation_multiple": [2, 2], "target_translation_multiple": [1, 2], "level": 2, "array_name": "H'", "phase": [0, 0]}, {"target": [1, 3], "pattern": {"dx": 0, "dy": 0, "width": 7, "height": 7, "positive": "kgCkkoAkgA==", "mask": "ugLt26AugA=="}, "pattern_translation_multiple": [2, 2], "target_translation_multiple": [1, 2], "level": 2, "array_name": "H'", "phase": [0, 1]}, {"target": [10, 6], "pattern": {"dx": 2, "dy": 0, "width": 37, "height": 13, "positive": "J44DjyAAAAAAJhx/HDJPHAceQnjgOPJMOP44ZmHJycMzDj+OGSeOA48hPHAceSYcfxwyAAAAAAJ44DjyAA==", "mask": "v////+gAAAAAL/////t/////2/////7f////9v////+3/////b/////t/////2/////6AAAAAAv////+gA=="}, "pattern_translation_multiple": [4, 2], "target_translation_multiple": [2, 2], "level": 2, "array_name": "L", "phase": [0, 0]}, {"target": [10, 9], "pattern": {"dx": 2, "dy": 0, "width": 37, "height": 19, "positive": "mHH8cMgAAAAACeOA48kw4/jhknjgOPITxwHHkmHJycMk8cBx5CeNjY8kw5OThmYeYzwzMOP44ZJ4ZzDyE8cBx5Jhx/HDMw4/jhknjgOPIAAAAAAmHH8cMg==", "mask": "v////+gAAAAAL/////t/////2/////7f////9v////+3/////b/////t/////2/////7f////9v////+3/////b/////t/////2/////6AAAAAAv////+g=="}, "pattern_translation_multiple": [4, 2], "target_translation_multiple": [2, 2], "level": 2, "array_name": "L", "phase": [0, 1]}, {"target": [13, 6], "pattern": {"dx": 2, "dy": 0, "width": 49, "height": 13, "positive": "km2GMM8kgAAAAAAAC2Sec8w2kk2wxhnkmSbYYwzySWyTznmG0LZJZzTDaFsk855htJJthjDPJMk2wxhnkktknnPMNoAAAAAAAAkm2GMM8kg=", "mask": "v//////+gAAAAAAAL///////t///////2///////7f//////9v//////+3///////b///////t///////2///////6AAAAAAAAv//////+g="}, "pattern_translation_multiple": [4, 2], "target_translation_multiple": [2, 2], "level": 2, "array_name": "L", "phase": [1, 0]}, {"target": [13, 9], "pattern": {"dx": 2, "dy": 0, "width": 49, "height": 19, "positive": "LZJ5zzDaAAAAAAAAJJthjDPJJbJPOeYbSSbYYwzyTJNsMYZ5JLZJZzTDaSTbDGGeSZJtpjLPJJbJLOaYbQtknY3MNoWyTznmG0km2JyM8kyTbDGGeSS2Sec8w2hbJPOeYbSSbYYwzySAAAAAAAALZJ5zzDaA", "mask": "v//////+gAAAAAAAL///////t///////2///////7f//////9v//////+3///////b///////t///////2///////7f//////9v//////+3///////b///////t///////2///////6AAAAAAAAv//////+g"}, "pattern_translation_multiple": [4, 2], "target_translation_multiple": [2, 2], "level": 2, "array_name": "L", "phase": [1, 1]}, {"target": [1, 6], "pattern": {"dx": 0, "dy": 0, "width": 7, "height": 13, "positive": "KAJJQpJkyShSSAKA", "mask": "ugLt27du3bt26Aug"}, "pattern_translation_multiple": [2, 2], "target_translation_multiple": [1, 2], "level": 2, "array_name": "H", "phase": [0, 0]}, {"target": [1, 9], "pattern": {"dx": 0, "dy": 0, "width": 7, "height": 19, "positive": "kgCkkoUklCkkpJklJMkoAkg=", "mask": "ugLt27du3bt27du3bt26Aug="}, "pattern_translation_multiple": [2, 2], "target_translation_multiple": [1, 2], "level": 2, "array_name": "H", "phase": [0, 1]}, {"target": [20, 6], "pattern": {"dx": 2, "dy": 0, "width": 37, "height": 13, "positive": "J44DjyAAAAAAJhx/HDJPHAceQnjgOPJMOP44ZmHH8cMzDj+OGSeOA48hPHAceSYcfxwyAAAAAAJ44DjyAA==", "mask": "v////+gAAAAAL/////t/////2/////7f////9v////+3/////b/////t/////2/////6AAAAAAv////+gA=="}, "pattern_translation_multiple": [4, 2], "target_translation_multiple": [4, 2], "level": 2, "array_name": "DC'", "phase": [0, 0]}, {"target": [20, 9], "pattern": {"dx": 2, "dy": 0, "width": 37, "height": 19, "positive": "mHH8cMgAAAAACeOA48kw4/jhknjgOPITxwHHkmHJycMk8cBx5CeNjY8kw5OThmYeYzwzMOP44ZJ4ZzDyE8cBx5Jhx/HDMw4/jhknjgOPIAAAAAAmHH8cMg==", "mask": "v////+gAAAAAL/////t/////2/////7f////9v////+3/////b/////t/////2/////7f////9v////+3/////b/////t/////2/////6AAAAAAv////+g=="}, "pattern_translation_multiple": [4, 2], "target_translation_multiple": [4, 2], "level": 2, "array_name": "DC'", "phase": [0, 1]}, {"target": [5, 6], "pattern": {"dx": 2, "dy": 0, "width": 7, "height": 13, "positive": "KAJJQpJkyShSSAKA", "mask": "ugLt27du3bt26Aug"}, "pattern_translation_multiple": [4, 2], "target_translation_multiple": [4, 2], "level": 2, "array_name": "DC'", "phase": [1, 0]}, {"target": [5, 9], "pattern": {"dx": 2, "dy": 0, "width": 7, "height": 19, "positive": "kgCkkoUklCkkpJklJMkoAkg=", "mask": "ugLt27du3bt27du3bt26Aug="}, "pattern_translation_multiple": [4, 2], "target_translation_multiple": [4, 2], "level": 2, "array_name": "DC'", "phase": [1, 1]}, {"target": [26, 6], "pattern": {"dx": 2, "dy": 0, "width": 49, "height": 13, "positive": "km2GMM8kgAAAAAAAC2Sec8w2kk2wxhnkmSbYYwzySWyTznmG0LZJ5zzDaFsk855htJJthjDPJMk2wxhnkktknnPMNoAAAAAAAAkm2GMM8kg=", "mask": "v//////+gAAAAAAAL///////t///////2///////7f//////9v//////+3///////b///////t///////2///////6AAAAAAAAv//////+g="}, "pattern_translation_multiple": [4, 2], "target_translation_multiple": [4, 2], "level": 2, "array_name": "DC'", "phase": [2, 0]}, {"target": [26, 9], "pattern": {"dx": 2, "dy": 0, "width": 49, "height": 19, "positive": "LZJ5zzDaAAAAAAAAJJthjDPJJbJPOeYbSSbYYwzyTJNsMYZ5JLZJZzTDaSTbDGGeSZJtpjLPJJbJLOaYbQtknY3MNoWyTznmG0km2JyM8kyTbDGGeSS2Sec8w2hbJPOeYbSSbYYwzySAAAAAAAALZJ5zzDaA", "mask": "v//////+gAAAAAAAL///////t///////2///////7f//////9v//////+3///////b///////t///////2///////7f//////9v//////+3///////b///////t///////2///////6AAAAAAAAv//////+g"}, "pattern_translation_multiple": [4, 2], "target_translation_multiple": [4, 2], "level": 2, "array_name": "DC'", "phase": [2, 1]}, {"target": [3, 6], "pattern": {"dx": 0, "dy": 0, "width": 7, "height": 13, "positive": "KAJJQpJkyShSSAKA", "mask": "ugLt27du3bt26Aug"}, "pattern_translation_multiple": [4, 2], "target_translation_multiple": [4, 2], "level": 2, "array_name": "DC'", "phase": [3, 0]}, {"target": [3, 9], "pattern": {"dx": 0, "dy": 0, "width": 7, "height": 19, "positive": "kgCkkoUklCkkpJklJMkoAkg=", "mask": "ugLt27du3bt27du3bt26Aug="}, "pattern_translation_multiple": [4, 2], "target_translation_multiple": [4, 2], "level": 2, "array_name": "DC'", "phase": [3, 1]}, {"target": [20, 6], "pattern": {"dx": 2, "dy": 0, "width": 37, "height": 13, "positive": "J44DjyAAAAAAJhx/HDJPHAceQnjgOPJMOP44ZmHH8cMzDj+OGSeOA48hPHAceSYcfxwyAAAAAAJ44DjyAA==", "mask": "v////+gAAAAAL/////t/////2/////7f////9v////+3/////b/////t/////2/////6AAAAAAv////+gA=="}, "pattern_translation_multiple": [4, 2], "target_translation_multiple": [4, 2], "level": 2, "array_name": "DC", "phase": [0, 0]}, {"target": [20, 9], "pattern": {"dx": 2, "dy": 0, "width": 37, "height": 19, "positive": "mHH8cMgAAAAACeOA48kw4/jhknjgOPITxwHHkmHJycMk8cBx5CeNjY8kw5OThmYeYzwzMOP44ZJ4ZzDyE8cBx5Jhx/HDMw4/jhknjgOPIAAAAAAmHH8cMg==", "mask": "v////+gAAAAAL/////t/////2/////7f////9v////+3/////b/////t/////2/////7f////9v////+3/////b/////t/////2/////6AAAAAAv////+g=="}, "pattern_translation_multiple": [4, 2], "target_translation_multiple": [4, 2], "level": 2, "array_name": "DC", "phase": [0, 1]}, {"target": [29, 6], "pattern": {"dx": 2, "dy": 0, "width": 53, "height": 13, "positive": "LSeOKY8ySAAAAAAAACS2HHWcM2haTxxTHmSS0njimPMkyWw46zhm0kthx1nDNpJbDjrOGbQtJ44pjzJJaTxxTHmSZLYcdZwzaAAAAAAAAALSeOKY8ySA", "mask": "v///////6AAAAAAAAC////////t////////b///////+3///////9v///////7f///////2////////t////////b///////+gAAAAAAAAv///////6A"}, "pattern_translation_multiple": [4, 2], "target_translation_multiple": [4, 2], "level": 2, "array_name": "DC", "phase": [1, 0]}, {"target": [29, 9], "pattern": {"dx": 2, "dy": 0, "width": 53, "height": 19, "positive": "kthx1nDNoAAAAAAAAAtJ44pjzJMlsOOs4ZtC0njimPMklpPHFMeZJkthwltDNoWk8cUx5kktJ49pLzJMlsOEtoZtJLYe2lwzaSWw46zhm0LSeElo8ySWk8cUx5kmS2HHWcM2klsOOs4ZtC0njimPMkgAAAAAAAAkthx1nDNo", "mask": "v///////6AAAAAAAAC////////t////////b///////+3///////9v///////7f///////2////////t////////b///////+3///////9v///////7f///////2////////t////////b///////+gAAAAAAAAv///////6"}, "pattern_translation_multiple": [4, 2], "target_translation_multiple": [4, 2], "level": 2, "array_name": "DC", "phase": [1, 1]}, {"target": [26, 6], "pattern": {"dx": 2, "dy": 0, "width": 49, "height": 13, "positive": "km2GMM8kgAAAAAAAC2Sec8w2kk2wxhnkmSbYYwzySWyTznmG0LZJ5zzDaFsk855htJJthjDPJMk2wxhnkktknnPMNoAAAAAAAAkm2GMM8kg=", "mask": "v//////+gAAAAAAAL///////t///////2///////7f//////9v//////+3///////b///////t///////2///////6AAAAAAAAv//////+g="}, "pattern_translation_multiple": [4, 2], "target_translation_multiple": [4, 2], "level": 2, "array_name": "DC", "phase": [2, 0]}, {"target": [26, 9], "pattern": {"dx": 2, "dy": 0, "width": 49, "height": 19, "positive": "LZJ5zzDaAAAAAAAAJJthjDPJJbJPOeYbSSbYYwzyTJNsMYZ5JLZJZzTDaSTbDGGeSZJtpjLPJJbJLOaYbQtknY3MNoWyTznmG0km2JyM8kyTbDGGeSS2Sec8w2hbJPOeYbSSbYYwzySAAAAAAAALZJ5zzDaA", "mask": "v//////+gAAAAAAAL///////t///////2///////7f//////9v//////+3///////b///////t///////2///////7f//////9v//////+3///////b///////t///////2///////6AAAAAAAAv//////+g"}, "pattern_translation_multiple": [4, 2], "target_translation_multiple": [4, 2], "level": 2, "array_name": "DC", "phase": [2, 1]}, {"target": [27, 6], "pattern": {"dx": 2, "dy": 0, "width": 53, "height": 13, "positive": "kmeMo48loAAAAAAAAAtmHNccNpMkzxlHHktJJnjKOPJaFsw5rjhtJLZhzXHDaSWzDmuOG0mSZ4yjjyWkkzxlHHktC2Yc1xw2kgAAAAAAAAkmeMo48loA", "mask": "v///////6AAAAAAAAC////////t////////b///////+3///////9v///////7f///////2////////t////////b///////+gAAAAAAAAv///////6A"}, "pattern_translation_multiple": [4, 2], "target_translation_multiple": [4, 2], "level": 2, "array_name": "DC", "phase": [3, 0]}, {"target": [27, 9], "pattern": {"dx": 2, "dy": 0, "width": 53, "height": 19, "positive": "LZhzXHDaSAAAAAAAACSZ4yjjyWhbMOa44bSZJnjKOPJaSTPGUceS0LZhSWnDaTJM8ZRx5LSSZ62ljyWhbMKS04bSS2YfaTw2klsw5rjhtJkmeCWw8lpJM8ZRx5LQtmHNccNpJbMOa44bSZJnjKOPJaAAAAAAAAALZhzXHDaS", "mask": "v///////6AAAAAAAAC////////t////////b///////+3///////9v///////7f///////2////////t////////b///////+3///////9v///////7f///////2////////t////////b///////+gAAAAAAAAv///////6"}, "pattern_translation_multiple": [4, 2], "target_translation_multiple": [4, 2], "level": 2, "array_name": "DC", "phase": [3, 1]}, {"target": [20, 6], "pattern": {"dx": 2, "dy": 0, "width": 37, "height": 13, "positive": "J44DjyAAAAAAJhx/HDJPHAceQnjgOPJMOP44ZmHH8cMzDj+OGSeOA48hPHAceSYcfxwyAAAAAAJ44DjyAA==", "mask": "v////+gAAAAAL/////t/////2/////7f////9v////+3/////b/////t/////2/////6AAAAAAv////+gA=="}, "pattern_translation_multiple": [4, 2], "target_translation_multiple": [4, 2], "level": 2, "array_name": "Output", "phase": [0, 0]}, {"target": [20, 9], "pattern": {"dx": 2, "dy": 0, "width": 37, "height": 19, "positive": "mHH8cMgAAAAACeOA48kw4/jhknjgOPITxwHHkmHJycMk8cBx5CeNjY8kw5OThmYeYzwzMOP44ZJ4ZzDyE8cBx5Jhx/HDMw4/jhknjgOPIAAAAAAmHH8cMg==", "mask": "v////+gAAAAAL/////t/////2/////7f////9v////+3/////b/////t/////2/////7f////9v////+3/////b/////t/////2/////6AAAAAAv////+g=="}, "pattern_translation_multiple": [4, 2], "target_translation_multiple": [4, 2], "level": 2, "array_name": "Output", "phase": [0, 1]}, {"target": [29, 6], "pattern": {"dx": 2, "dy": 0, "width": 53, "height": 13, "positive": "LSeOKY8ySAAAAAAAACS2HHWcM2haTxxTHmSS0njimPMkyWw46zhm0kthx1nDNpJbDjrOGbQtJ44pjzJJaTxxTHmSZLYcdZwzaAAAAAAAAALSeOKY8ySA", "mask": "v///////6AAAAAAAAC////////t////////b///////+3///////9v///////7f///////2////////t////////b///////+gAAAAAAAAv///////6A"}, "pattern_translation_multiple": [4, 2], "target_translation_multiple": [4, 2], "level": 2, "array_name": "Output", "phase": [1, 0]}, {"target": [29, 9], "pattern": {"dx": 2, "dy": 0, "width": 53, "height": 19, "positive": "kthx1nDNoAAAAAAAAAtJ44pjzJMlsOOs4ZtC0njimPMklpPHFMeZJkthwltDNoWk8cUx5kktJ49pLzJMlsOEtoZtJLYe2lwzaSWw46zhm0LSeElo8ySWk8cUx5kmS2HHWcM2klsOOs4ZtC0njimPMkgAAAAAAAAkthx1nDNo", "mask": "v///////6AAAAAAAAC////////t////////b///////+3///////9v///////7f///////2////////t////////b///////+3///////9v///////7f///////2////////t////////b///////+gAAAAAAAAv///////6"}, "pattern_translation_multiple": [4, 2], "target_translation_multiple": [4, 2], "level": 2, "array_name": "Output", "phase": [1, 1]}, {"target": [26, 6], "pattern": {"dx": 2, "dy": 0, "width": 49, "height": 13, "positive": "km2GMM8kgAAAAAAAC2Sec8w2kk2wxhnkmSbYYwzySWyTznmG0LZJ5zzDaFsk855htJJthjDPJMk2wxhnkktknnPMNoAAAAAAAAkm2GMM8kg=", "mask": "v//////+gAAAAAAAL///////t///////2///////7f//////9v//////+3///////b///////t///////2///////6AAAAAAAAv//////+g="}, "pattern_translation_multiple": [4, 2], "target_translation_multiple": [4, 2], "level": 2, "array_name": "Output", "phase": [2, 0]}, {"target": [26, 9], "pattern": {"dx": 2, "dy": 0, "width": 49, "height": 19, "positive": "LZJ5zzDaAAAAAAAAJJthjDPJJbJPOeYbSSbYYwzyTJNsMYZ5JLZJZzTDaSTbDGGeSZJtpjLPJJbJLOaYbQtknY3MNoWyTznmG0km2JyM8kyTbDGGeSS2Sec8w2hbJPOeYbSSbYYwzySAAAAAAAALZJ5zzDaA", "mask": "v//////+gAAAAAAAL///////t///////2///////7f//////9v//////+3///////b///////t///////2///////7f//////9v//////+3///////b///////t///////2///////6AAAAAAAAv//////+g"}, "pattern_translation_multiple": [4, 2], "target_translation_multiple": [4, 2], "level": 2, "array_name": "Output", "phase": [2, 1]}, {"target": [27, 6], "pattern": {"dx": 2, "dy": 0, "width": 53, "height": 13, "positive": "kmeMo48loAAAAAAAAAtmHNccNpMkzxlHHktJJnjKOPJaFsw5rjhtJLZhzXHDaSWzDmuOG0mSZ4yjjyWkkzxlHHktC2Yc1xw2kgAAAAAAAAkmeMo48loA", "mask": "v///////6AAAAAAAAC////////t////////b///////+3///////9v///////7f///////2////////t////////b///////+gAAAAAAAAv///////6A"}, "pattern_translation_multiple": [4, 2], "target_translation_multiple": [4, 2], "level": 2, "array_name": "Output", "phase": [3, 0]}, {"target": [27, 9], "pattern": {"dx": 2, "dy": 0, "width": 53, "height": 19, "positive": "LZhzXHDaSAAAAAAAACSZ4yjjyWhbMOa44bSZJnjKOPJaSTPGUceS0LZhSWnDaTJM8ZRx5LSSZ62ljyWhbMKS04bSS2YfaTw2klsw5rjhtJkmeCWw8lpJM8ZRx5LQtmHNccNpJbMOa44bSZJnjKOPJaAAAAAAAAALZhzXHDaS", "mask": "v///////6AAAAAAAAC////////t////////b///////+3///////9v///////7f///////2////////t////////b///////+3///////9v///////7f///////2////////t////////b///////+gAAAAAAAAv///////6"}, "pattern_translation_multiple": [4, 2], "target_translation_multiple": [4, 2], "level": 2, "array_name": "Output", "phase": [3, 1]}]}