{"wavelet_index": 5, "wavelet_index_ho": 5, "dwt_depth": 0, "dwt_depth_ho": 1, "analysis_signal_bounds": [{"lower_bound": [{"symbol": "signal_min", "numer": "1", "denom": "1"}], "upper_bound": [{"symbol": "signal_max", "numer": "1", "denom": "1"}], "level": 1, "array_name": "Input", "phase": [0, 0]}, {"lower_bound": [{"symbol": "signal_min", "numer": "155", "denom": "64"}, {"symbol": "signal_max", "numer": "-27", "denom": "64"}, {"symbol": null, "numer": "-1", "denom": "2"}], "upper_bound": [{"symbol": "signal_max", "numer": "155", "denom": "64"}, {"symbol": "signal_min", "numer": "-27", "denom": "64"}, {"symbol": null, "numer": "1", "denom": "2"}], "level": 1, "array_name": "DC'", "phase": [0, 0]}, {"lower_bound": [{"symbol": "signal_min", "numer": "1", "denom": "1"}], "upper_bound": [{"symbol": "signal_max", "numer": "1", "denom": "1"}], "level": 1, "array_name": "DC'", "phase": [1, 0]}, {"lower_bound": [{"symbol": "signal_min", "numer": "155", "denom": "64"}, {"symbol": "signal_max", "numer": "-27", "denom": "64"}, {"symbol": null, "numer": "-1", "denom": "2"}], "upper_bound": [{"symbol": "signal_max", "numer": "155", "denom": "64"}, {"symbol": "signal_min", "numer": "-27", "denom": "64"}, {"symbol": null, "numer": "1", "denom": "2"}], "level": 1, "array_name": "DC''", "phase": [0, 0]}, {"lower_bound": [{"symbol": "signal_min", "numer": "34067", "denom": "32768"}, {"symbol": "signal_max", "numer": "-28947", "denom": "32768"}, {"symbol": null, "numer": "-123", "denom": "128"}], "upper_bound": [{"symbol": "signal_max", "numer": "34067", "denom": "32768"}, {"symbol": "signal_min", "numer": "-28947", "denom": "32768"}, {"symbol": null, "numer": "123", "denom": "128"}], "level": 1, "array_name": "DC''", "phase": [1, 0]}], "synthesis_signal_bounds": [{"lower_bound": [{"symbol": "coeff_0_L_min", "numer": "1", "denom": "1"}], "upper_bound": [{"symbol": "coeff_0_L_max", "numer": "1", "denom": "1"}], "level": 1, "array_name": "L", "phase": [0, 0]}, {"lower_bound": [{"symbol": "coeff_1_H_min", "numer": "1", "denom": "1"}], "upper_bound": [{"symbol": "coeff_1_H_max", "numer": "1", "denom": "1"}], "level": 1, "array_name": "H", "phase": [0, 0]}, {"lower_bound": [{"symbol": "coeff_0_L_min", "numer": "1", "denom": "1"}], "upper_bound": [{"symbol": "coeff_0_L_max", "numer": "1", "denom": "1"}], "level": 1, "array_name": "DC'", "phase": [0, 0]}, {"lower_bound": [{"symbol": "coeff_1_H_min", "numer": "1", "denom": "1"}, {"symbol": "coeff_0_L_max", "numer": "-1", "denom": "4"}, {"symbol": "coeff_0_L_min", "numer": "43", "denom": "64"}, {"symbol": null, "numer": "-1", "denom": "2"}], "upper_bound": [{"symbol": "coeff_1_H_max", "numer": "1", "denom": "1"}, {"symbol": "coeff_0_L_min", "numer": "-1", "denom": "4"}, {"symbol": "coeff_0_L_max", "numer": "43", "denom": "64"}, {"symbol": null, "numer": "1", "denom": "2"}], "level": 1, "array_name": "DC'", "phase": [1, 0]}, {"lower_bound": [{"symbol": "coeff_0_L_min", "numer": "25875", "denom": "32768"}, {"symbol": "coeff_1_H_min", "numer": "27", "denom": "64"}, {"symbol": "coeff_0_L_max", "numer": "-6931", "denom": "32768"}, {"symbol": null, "numer": "-91", "denom": "64"}, {"symbol": "coeff_1_H_max", "numer": "-91", "denom": "64"}], "upper_bound": [{"symbol": "coeff_0_L_max", "numer": "25875", "denom": "32768"}, {"symbol": "coeff_1_H_max", "numer": "27", "denom": "64"}, {"symbol": "coeff_0_L_min", "numer": "-6931", "denom": "32768"}, {"symbol": null, "numer": "91", "denom": "64"}, {"symbol": "coeff_1_H_min", "numer": "-91", "denom": "64"}], "level": 1, "array_name": "DC", "phase": [0, 0]}, {"lower_bound": [{"symbol": "coeff_1_H_min", "numer": "1", "denom": "1"}, {"symbol": "coeff_0_L_max", "numer": "-1", "denom": "4"}, {"symbol": "coeff_0_L_min", "numer": "43", "denom": "64"}, {"symbol": null, "numer": "-1", "denom": "2"}], "upper_bound": [{"symbol": "coeff_1_H_max", "numer": "1", "denom": "1"}, {"symbol": "coeff_0_L_min", "numer": "-1", "denom": "4"}, {"symbol": "coeff_0_L_max", "numer": "43", "denom": "64"}, {"symbol": null, "numer": "1", "denom": "2"}], "level": 1, "array_name": "DC", "phase": [1, 0]}], "analysis_test_patterns": [{"target": [0, 0], "pattern": {"dx": 0, "dy": 0, "width": 1, "height": 1, "positive": "gA==", "mask": "gA=="}, "pattern_translation_multiple": [1, 1], "target_translation_multiple": [1, 1], "level": 1, "array_name": "Input", "phase": [0, 0]}, {"target": [8, 0], "pattern": {"dx": 1, "dy": 0, "width": 15, "height": 1, "positive": "I4g=", "mask": "q6o="}, "pattern_translation_multiple": [2, 1], "target_translation_multiple": [2, 1], "level": 1, "array_name": "DC'", "phase": [0, 0]}, {"target": [1, 0], "pattern": {"dx": 1, "dy": 0, "width": 1, "height": 1, "positive": "gA==", "mask": "gA=="}, "pattern_translation_multiple": [2, 1], "target_translation_multiple": [2, 1], "level": 1, "array_name": "DC'", "phase": [1, 0]}, {"target": [8, 0], "pattern": {"dx": 1, "dy": 0, "width": 15, "height": 1, "positive": "I4g=", "mask": "q6o="}, "pattern_translation_multiple": [2, 1], "target_translation_multiple": [2, 1], "level": 1, "array_name": "DC''", "phase": [0, 0]}, {"target": [15, 0], "pattern": {"dx": 1, "dy": 0, "width": 29, "height": 1, "positive": "A3JmIA==", "mask": "q//+qA=="}, "pattern_translation_multiple": [2, 1], "target_translation_multiple": [2, 1], "level": 1, "array_name": "DC''", "phase": [1, 0]}], "synthesis_test_patterns": [{"target": [4, 0], "pattern": {"dx": 1, "dy": 0, "width": 15, "height": 1, "positive": "I4g=", "mask": "q6o="}, "pattern_translation_multiple": [2, 1], "target_translation_multiple": [1, 1], "level": 1, "array_name": "L", "phase": [0, 0]}, {"target": [7, 0], "pattern": {"dx": 1, "dy": 0, "width": 29, "height": 1, "positive": "A3JmIA==", "mask": "q//+qA=="}, "pattern_translation_multiple": [2, 1], "target_translation_multiple": [1, 1], "level": 1, "array_name": "H", "phase": [0, 0]}, {"target": [8, 0], "pattern": {"dx": 1, "dy": 0, "width": 15, "height": 1, "positive": "I4g=", "mask": "q6o="}, "pattern_translation_multiple": [2, 1], "target_translation_multiple": [2, 1], "level": 1, "array_name": "DC'", "phase": [0, 0]}, {"target": [15, 0], "pattern": {"dx": 1, "dy": 0, "width": 29, "height": 1, "positive": "A3JmIA==", "mask": "q//+qA=="}, "pattern_translation_multiple": [2, 1], "target_translation_multiple": [2, 1], "level": 1, "array_name": "DC'", "phase": [1, 0]}, {"target": [22, 0], "pattern": {"dx": 1, "dy": 0, "width": 43, "height": 1, "positive": "I7iNmZiA", "mask": "q/////qg"}, "pattern_translation_multiple": [2, 1], "target_translation_multiple": [2, 1], "level": 1, "array_name": "DC", "phase": [0, 0]}, {"target": [15, 0], "pattern": {"dx": 1, "dy": 0, "width": 29, "height": 1, "positive": "A3JmIA==", "mask": "q//+qA=="}, "pattern_translation_multiple": [2, 1], "target_translation_multiple": [2, 1], "level": 1, "array_name": "DC", "phase": [1, 0]}]}