{"wavelet_index": 4, "wavelet_index_ho": 4, "dwt_depth": 0, "dwt_depth_ho": 1, "analysis_signal_bounds": [{"lower_bound": [{"symbol": "signal_min", "numer": "1", "denom": "1"}], "upper_bound": [{"symbol": "signal_max", "numer": "1", "denom": "1"}], "level": 1, "array_name": "Input", "phase": [0, 0]}, {"lower_bound": [{"symbol": "signal_min", "numer": "2", "denom": "1"}], "upper_bound": [{"symbol": "signal_max", "numer": "2", "denom": "1"}], "level": 1, "array_name": "DC", "phase": [0, 0]}, {"lower_bound": [{"symbol": "signal_min", "numer": "2", "denom": "1"}], "upper_bound": [{"symbol": "signal_max", "numer": "2", "denom": "1"}], "level": 1, "array_name": "DC'", "phase": [0, 0]}, {"lower_bound": [{"symbol": "signal_min", "numer": "2", "denom": "1"}, {"symbol": "signal_max", "numer": "-2", "denom": "1"}], "upper_bound": [{"symbol": "signal_max", "numer": "2", "denom": "1"}, {"symbol": "signal_min", "numer": "-2", "denom": "1"}, {"symbol": null, "numer": "1", "denom": "1"}], "level": 1, "array_name": "DC'", "phase": [1, 0]}, {"lower_bound": [{"symbol": "signal_min", "numer": "2", "denom": "1"}, {"symbol": null, "numer": "-1", "denom": "2"}], "upper_bound": [{"symbol": "signal_max", "numer": "2", "denom": "1"}, {"symbol": null, "numer": "1", "denom": "1"}], "level": 1, "array_name": "DC''", "phase": [0, 0]}, {"lower_bound": [{"symbol": "signal_min", "numer": "2", "denom": "1"}, {"symbol": "signal_max", "numer": "-2", "denom": "1"}], "upper_bound": [{"symbol": "signal_max", "numer": "2", "denom": "1"}, {"symbol": "signal_min", "numer": "-2", "denom": "1"}, {"symbol": null, "numer": "1", "denom": "1"}], "level": 1, "array_name": "DC''", "phase": [1, 0]}], "synthesis_signal_bounds": [{"lower_bound": [{"symbol": "coeff_0_L_min", "numer": "1", "denom": "1"}], "upper_bound": [{"symbol": "coeff_0_L_max", "numer": "1", "denom": "1"}], "level": 1, "array_name": "L", "phase": [0, 0]}, {"lower_bound": [{"symbol": "coeff_1_H_min", "numer": "1", "denom": "1"}], "upper_bound": [{"symbol": "coeff_1_H_max", "numer": "1", "denom": "1"}], "level": 1, "array_name": "H", "phase": [0, 0]}, {"lower_bound": [{"symbol": "coeff_0_L_min", "numer": "1", "denom": "1"}, {"symbol": "coeff_1_H_max", "numer": "-1", "denom": "2"}, {"symbol": null, "numer": "-1", "denom": "2"}], "upper_bound": [{"symbol": "coeff_0_L_max", "numer": "1", "denom": "1"}, {"symbol": "coeff_1_H_min", "numer": "-1", "denom": "2"}, {"symbol": null, "numer": "1", "denom": "2"}], "level": 1, "array_name": "DC'", "phase": [0, 0]}, {"lower_bound": [{"symbol": "coeff_1_H_min", "numer": "1", "denom": "1"}], "upper_bound": [{"symbol": "coeff_1_H_max", "numer": "1", "denom": "1"}], "level": 1, "array_name": "DC'", "phase": [1, 0]}, {"lower_bound": [{"symbol": "coeff_0_L_min", "numer": "1", "denom": "1"}, {"symbol": "coeff_1_H_max", "numer": "-1", "denom": "2"}, {"symbol": null, "numer": "-1", "denom": "2"}], "upper_bound": [{"symbol": "coeff_0_L_max", "numer": "1", "denom": "1"}, {"symbol": "coeff_1_H_min", "numer": "-1", "denom": "2"}, {"symbol": null, "numer": "1", "denom": "2"}], "level": 1, "array_name": "DC", "phase": [0, 0]}, {"lower_bound": [{"symbol": "coeff_1_H_min", "numer": "1", "denom": "2"}, {"symbol": "coeff_0_L_min", "numer": "1", "denom": "1"}, {"symbol": null, "numer": "-3", "denom": "2"}], "upper_bound": [{"symbol": "coeff_1_H_max", "numer": "1", "denom": "2"}, {"symbol": "coeff_0_L_max", "numer": "1", "denom": "1"}, {"symbol": null, "numer": "1", "denom": "2"}], "level": 1, "array_name": "DC", "phase": [1, 0]}, {"lower_bound": [{"symbol": "coeff_0_L_min", "numer": "1", "denom": "2"}, {"symbol": "coeff_1_H_max", "numer": "-1", "denom": "4"}, {"symbol": null, "numer": "-3", "denom": "4"}], "upper_bound": [{"symbol": "coeff_0_L_max", "numer": "1", "denom": "2"}, {"symbol": "coeff_1_H_min", "numer": "-1", "denom": "4"}, {"symbol": null, "numer": "3", "denom": "4"}], "level": 1, "array_name": "Output", "phase": [0, 0]}, {"lower_bound": [{"symbol": "coeff_1_H_min", "numer": "1", "denom": "4"}, {"symbol": "coeff_0_L_min", "numer": "1", "denom": "2"}, {"symbol": null, "numer": "-5", "denom": "4"}], "upper_bound": [{"symbol": "coeff_1_H_max", "numer": "1", "denom": "4"}, {"symbol": "coeff_0_L_max", "numer": "1", "denom": "2"}, {"symbol": null, "numer": "3", "denom": "4"}], "level": 1, "array_name": "Output", "phase": [1, 0]}], "analysis_test_patterns": [{"target": [0, 0], "pattern": {"dx": 0, "dy": 0, "width": 1, "height": 1, "positive": "gA==", "mask": "gA=="}, "pattern_translation_multiple": [1, 1], "target_translation_multiple": [1, 1], "level": 1, "array_name": "Input", "phase": [0, 0]}, {"target": [0, 0], "pattern": {"dx": 0, "dy": 0, "width": 1, "height": 1, "positive": "gA==", "mask": "gA=="}, "pattern_translation_multiple": [1, 1], "target_translation_multiple": [1, 1], "level": 1, "array_name": "DC", "phase": [0, 0]}, {"target": [0, 0], "pattern": {"dx": 0, "dy": 0, "width": 1, "height": 1, "positive": "gA==", "mask": "gA=="}, "pattern_translation_multiple": [2, 1], "target_translation_multiple": [2, 1], "level": 1, "array_name": "DC'", "phase": [0, 0]}, {"target": [1, 0], "pattern": {"dx": 0, "dy": 0, "width": 2, "height": 1, "positive": "QA==", "mask": "wA=="}, "pattern_translation_multiple": [2, 1], "target_translation_multiple": [2, 1], "level": 1, "array_name": "DC'", "phase": [1, 0]}, {"target": [0, 0], "pattern": {"dx": 0, "dy": 0, "width": 2, "height": 1, "positive": "wA==", "mask": "wA=="}, "pattern_translation_multiple": [2, 1], "target_translation_multiple": [2, 1], "level": 1, "array_name": "DC''", "phase": [0, 0]}, {"target": [1, 0], "pattern": {"dx": 0, "dy": 0, "width": 2, "height": 1, "positive": "QA==", "mask": "wA=="}, "pattern_translation_multiple": [2, 1], "target_translation_multiple": [2, 1], "level": 1, "array_name": "DC''", "phase": [1, 0]}], "synthesis_test_patterns": [{"target": [0, 0], "pattern": {"dx": 0, "dy": 0, "width": 2, "height": 1, "positive": "wA==", "mask": "wA=="}, "pattern_translation_multiple": [2, 1], "target_translation_multiple": [1, 1], "level": 1, "array_name": "L", "phase": [0, 0]}, {"target": [0, 0], "pattern": {"dx": 0, "dy": 0, "width": 2, "height": 1, "positive": "QA==", "mask": "wA=="}, "pattern_translation_multiple": [2, 1], "target_translation_multiple": [1, 1], "level": 1, "array_name": "H", "phase": [0, 0]}, {"target": [0, 0], "pattern": {"dx": 0, "dy": 0, "width": 2, "height": 1, "positive": "wA==", "mask": "wA=="}, "pattern_translation_multiple": [2, 1], "target_translation_multiple": [2, 1], "level": 1, "array_name": "DC'", "phase": [0, 0]}, {"target": [1, 0], "pattern": {"dx": 0, "dy": 0, "width": 2, "height": 1, "positive": "QA==", "mask": "wA=="}, "pattern_translation_multiple": [2, 1], "target_translation_multiple": [2, 1], "level": 1, "array_name": "DC'", "phase": [1, 0]}, {"target": [0, 0], "pattern": {"dx": 0, "dy": 0, "width": 2, "height": 1, "positive": "wA==", "mask": "wA=="}, "pattern_translation_multiple": [2, 1], "target_translation_multiple": [2, 1], "level": 1, "array_name": "DC", "phase": [0, 0]}, {"target": [1, 0], "pattern": {"dx": 0, "dy": 0, "width": 2, "height": 1, "positive": "wA==", "mask": "wA=="}, "pattern_translation_multiple": [2, 1], "target_translation_multiple": [2, 1], "level": 1, "array_name": "DC", "phase": [1, 0]}, {"target": [0, 0], "pattern": {"dx": 0, "dy": 0, "width": 2, "height": 1, "positive": "wA==", "mask": "wA=="}, "pattern_translation_multiple": [2, 1], "target_translation_multiple": [2, 1], "level": 1, "array_name": "Output", "phase": [0, 0]}, {"target": [1, 0], "pattern": {"dx": 0, "dy": 0, "width": 2, "height": 1, "positive": "wA==", "mask": "wA=="}, "pattern_translation_multiple": [2, 1], "target_translation_multiple": [2, 1], "level": 1, "array_name": "Output", "phase": [1, 0]}]}