{"wavelet_index": 5, "wavelet_index_ho": 5, "dwt_depth": 0, "dwt_depth_ho": 2, "analysis_signal_bounds": [{"lower_bound": [{"symbol": "signal_min", "numer": "1", "denom": "1"}], "upper_bound": [{"symbol": "signal_max", "numer": "1", "denom": "1"}], "level": 2, "array_name": "Input", "phase": [0, 0]}, {"lower_bound": [{"symbol": "signal_min", "numer": "155", "denom": "64"}, {"symbol": "signal_max", "numer": "-27", "denom": "64"}, {"symbol": null, "numer": "-1", "denom": "2"}], "upper_bound": [{"symbol": "signal_max", "numer": "155", "denom": "64"}, {"symbol": "signal_min", "numer": "-27", "denom": "64"}, {"symbol": null, "numer": "1", "denom": "2"}], "level": 2, "array_name": "DC'", "phase": [0, 0]}, {"lower_bound": [{"symbol": "signal_min", "numer": "1", "denom": "1"}], "upper_bound": [{"symbol": "signal_max", "numer": "1", "denom": "1"}], "level": 2, "array_name": "DC'", "phase": [1, 0]}, {"lower_bound": [{"symbol": "signal_min", "numer": "155", "denom": "64"}, {"symbol": "signal_max", "numer": "-27", "denom": "64"}, {"symbol": null, "numer": "-1", "denom": "2"}], "upper_bound": [{"symbol": "signal_max", "numer": "155", "denom": "64"}, {"symbol": "signal_min", "numer": "-27", "denom": "64"}, {"symbol": null, "numer": "1", "denom": "2"}], "level": 2, "array_name": "DC''", "phase": [0, 0]}, {"lower_bound": [{"symbol": "signal_min", "numer": "34067", "denom": "32768"}, {"symbol": "signal_max", "numer": "-28947", "denom": "32768"}, {"symbol": null, "numer": "-123", "denom": "128"}], "upper_bound": [{"symbol": "signal_max", "numer": "34067", "denom": "32768"}, {"symbol": "signal_min", "numer": "-28947", "denom": "32768"}, {"symbol": null, "numer": "123", "denom": "128"}], "level": 2, "array_name": "DC''", "phase": [1, 0]}, {"lower_bound": [{"symbol": "signal_min", "numer": "165055", "denom": "32768"}, {"symbol": "signal_max", "numer": "-33983", "denom": "32768"}, {"symbol": null, "numer": "-123", "denom": "64"}], "upper_bound": [{"symbol": "signal_max", "numer": "165055", "denom": "32768"}, {"symbol": "signal_min", "numer": "-33983", "denom": "32768"}, {"symbol": null, "numer": "123", "denom": "64"}], "level": 1, "array_name": "DC'", "phase": [0, 0]}, {"lower_bound": [{"symbol": "signal_min", "numer": "155", "denom": "64"}, {"symbol": "signal_max", "numer": "-27", "denom": "64"}, {"symbol": null, "numer": "-1", "denom": "2"}], "upper_bound": [{"symbol": "signal_max", "numer": "155", "denom": "64"}, {"symbol": "signal_min", "numer": "-27", "denom": "64"}, {"symbol": null, "numer": "1", "denom": "2"}], "level": 1, "array_name": "DC'", "phase": [1, 0]}, {"lower_bound": [{"symbol": "signal_min", "numer": "165055", "denom": "32768"}, {"symbol": "signal_max", "numer": "-33983", "denom": "32768"}, {"symbol": null, "numer": "-123", "denom": "64"}], "upper_bound": [{"symbol": "signal_max", "numer": "165055", "denom": "32768"}, {"symbol": "signal_min", "numer": "-33983", "denom": "32768"}, {"symbol": null, "numer": "123", "denom": "64"}], "level": 1, "array_name": "DC''", "phase": [0, 0]}, {"lower_bound": [{"symbol": "signal_min", "numer": "34485953", "denom": "16777216"}, {"symbol": "signal_max", "numer": "-29243073", "denom": "16777216"}, {"symbol": null, "numer": "-62995", "denom": "32768"}], "upper_bound": [{"symbol": "signal_max", "numer": "34485953", "denom": "16777216"}, {"symbol": "signal_min", "numer": "-29243073", "denom": "16777216"}, {"symbol": null, "numer": "62995", "denom": "32768"}], "level": 1, "array_name": "DC''", "phase": [1, 0]}], "synthesis_signal_bounds": [{"lower_bound": [{"symbol": "coeff_0_L_min", "numer": "1", "denom": "1"}], "upper_bound": [{"symbol": "coeff_0_L_max", "numer": "1", "denom": "1"}], "level": 1, "array_name": "L", "phase": [0, 0]}, {"lower_bound": [{"symbol": "coeff_1_H_min", "numer": "1", "denom": "1"}], "upper_bound": [{"symbol": "coeff_1_H_max", "numer": "1", "denom": "1"}], "level": 1, "array_name": "H", "phase": [0, 0]}, {"lower_bound": [{"symbol": "coeff_0_L_min", "numer": "1", "denom": "1"}], "upper_bound": [{"symbol": "coeff_0_L_max", "numer": "1", "denom": "1"}], "level": 1, "array_name": "DC'", "phase": [0, 0]}, {"lower_bound": [{"symbol": "coeff_1_H_min", "numer": "1", "denom": "1"}, {"symbol": "coeff_0_L_max", "numer": "-1", "denom": "4"}, {"symbol": "coeff_0_L_min", "numer": "43", "denom": "64"}, {"symbol": null, "numer": "-1", "denom": "2"}], "upper_bound": [{"symbol": "coeff_1_H_max", "numer": "1", "denom": "1"}, {"symbol": "coeff_0_L_min", "numer": "-1", "denom": "4"}, {"symbol": "coeff_0_L_max", "numer": "43", "denom": "64"}, {"symbol": null, "numer": "1", "denom": "2"}], "level": 1, "array_name": "DC'", "phase": [1, 0]}, {"lower_bound": [{"symbol": "coeff_0_L_min", "numer": "25875", "denom": "32768"}, {"symbol": "coeff_1_H_min", "numer": "27", "denom": "64"}, {"symbol": "coeff_0_L_max", "numer": "-6931", "denom": "32768"}, {"symbol": null, "numer": "-91", "denom": "64"}, {"symbol": "coeff_1_H_max", "numer": "-91", "denom": "64"}], "upper_bound": [{"symbol": "coeff_0_L_max", "numer": "25875", "denom": "32768"}, {"symbol": "coeff_1_H_max", "numer": "27", "denom": "64"}, {"symbol": "coeff_0_L_min", "numer": "-6931", "denom": "32768"}, {"symbol": null, "numer": "91", "denom": "64"}, {"symbol": "coeff_1_H_min", "numer": "-91", "denom": "64"}], "level": 1, "array_name": "DC", "phase": [0, 0]}, {"lower_bound": [{"symbol": "coeff_1_H_min", "numer": "1", "denom": "1"}, {"symbol": "coeff_0_L_max", "numer": "-1", "denom": "4"}, {"symbol": "coeff_0_L_min", "numer": "43", "denom": "64"}, {"symbol": null, "numer": "-1", "denom": "2"}], "upper_bound": [{"symbol": "coeff_1_H_max", "numer": "1", "denom": "1"}, {"symbol": "coeff_0_L_min", "numer": "-1", "denom": "4"}, {"symbol": "coeff_0_L_max", "numer": "43", "denom": "64"}, {"symbol": null, "numer": "1", "denom": "2"}], "level": 1, "array_name": "DC", "phase": [1, 0]}, {"lower_bound": [{"symbol": "coeff_2_H_min", "numer": "1", "denom": "1"}], "upper_bound": [{"symbol": "coeff_2_H_max", "numer": "1", "denom": "1"}], "level": 2, "array_name": "H", "phase": [0, 0]}, {"lower_bound": [{"symbol": "coeff_0_L_min", "numer": "25875", "denom": "32768"}, {"symbol": "coeff_1_H_min", "numer": "27", "denom": "64"}, {"symbol": "coeff_0_L_max", "numer": "-6931", "denom": "32768"}, {"symbol": null, "numer": "-91", "denom": "64"}, {"symbol": "coeff_1_H_max", "numer": "-91", "denom": "64"}], "upper_bound": [{"symbol": "coeff_0_L_max", "numer": "25875", "denom": "32768"}, {"symbol": "coeff_1_H_max", "numer": "27", "denom": "64"}, {"symbol": "coeff_0_L_min", "numer": "-6931", "denom": "32768"}, {"symbol": null, "numer": "91", "denom": "64"}, {"symbol": "coeff_1_H_min", "numer": "-91", "denom": "64"}], "level": 2, "array_name": "DC'", "phase": [0, 0]}, {"lower_bound": [{"symbol": "coeff_2_H_min", "numer": "1", "denom": "1"}, {"symbol": "coeff_1_H_min", "numer": "29283", "denom": "65536"}, {"symbol": "coeff_0_L_max", "numer": "-2509279", "denom": "16777216"}, {"symbol": "coeff_0_L_min", "numer": "5945823", "denom": "16777216"}, {"symbol": null, "numer": "-74595", "denom": "65536"}, {"symbol": "coeff_1_H_max", "numer": "-24163", "denom": "65536"}], "upper_bound": [{"symbol": "coeff_2_H_max", "numer": "1", "denom": "1"}, {"symbol": "coeff_1_H_max", "numer": "29283", "denom": "65536"}, {"symbol": "coeff_0_L_min", "numer": "-2509279", "denom": "16777216"}, {"symbol": "coeff_0_L_max", "numer": "5945823", "denom": "16777216"}, {"symbol": null, "numer": "74595", "denom": "65536"}, {"symbol": "coeff_1_H_min", "numer": "-24163", "denom": "65536"}], "level": 2, "array_name": "DC'", "phase": [1, 0]}, {"lower_bound": [{"symbol": "coeff_1_H_min", "numer": "1", "denom": "1"}, {"symbol": "coeff_0_L_max", "numer": "-1", "denom": "4"}, {"symbol": "coeff_0_L_min", "numer": "43", "denom": "64"}, {"symbol": null, "numer": "-1", "denom": "2"}], "upper_bound": [{"symbol": "coeff_1_H_max", "numer": "1", "denom": "1"}, {"symbol": "coeff_0_L_min", "numer": "-1", "denom": "4"}, {"symbol": "coeff_0_L_max", "numer": "43", "denom": "64"}, {"symbol": null, "numer": "1", "denom": "2"}], "level": 2, "array_name": "DC'", "phase": [2, 0]}, {"lower_bound": [{"symbol": "coeff_2_H_min", "numer": "1", "denom": "1"}, {"symbol": "coeff_0_L_max", "numer": "-973233", "denom": "8388608"}, {"symbol": "coeff_1_H_max", "numer": "-26223", "denom": "65536"}, {"symbol": "coeff_0_L_min", "numer": "2793905", "denom": "8388608"}, {"symbol": null, "numer": "-71535", "denom": "65536"}, {"symbol": "coeff_1_H_min", "numer": "21103", "denom": "65536"}], "upper_bound": [{"symbol": "coeff_2_H_max", "numer": "1", "denom": "1"}, {"symbol": "coeff_0_L_min", "numer": "-973233", "denom": "8388608"}, {"symbol": "coeff_1_H_min", "numer": "-26223", "denom": "65536"}, {"symbol": "coeff_0_L_max", "numer": "2793905", "denom": "8388608"}, {"symbol": null, "numer": "71535", "denom": "65536"}, {"symbol": "coeff_1_H_max", "numer": "21103", "denom": "65536"}], "level": 2, "array_name": "DC'", "phase": [3, 0]}, {"lower_bound": [{"symbol": "coeff_0_L_min", "numer": "1811331423", "denom": "4294967296"}, {"symbol": "coeff_1_H_min", "numer": "369335", "denom": "8388608"}, {"symbol": "coeff_0_L_max", "numer": "-234273119", "denom": "4294967296"}, {"symbol": null, "numer": "-19805623", "denom": "8388608"}, {"symbol": "coeff_1_H_max", "numer": "-8757943", "denom": "8388608"}, {"symbol": "coeff_2_H_min", "numer": "27", "denom": "64"}, {"symbol": "coeff_2_H_max", "numer": "-91", "denom": "64"}], "upper_bound": [{"symbol": "coeff_0_L_max", "numer": "1811331423", "denom": "4294967296"}, {"symbol": "coeff_1_H_max", "numer": "369335", "denom": "8388608"}, {"symbol": "coeff_0_L_min", "numer": "-234273119", "denom": "4294967296"}, {"symbol": null, "numer": "19805623", "denom": "8388608"}, {"symbol": "coeff_1_H_min", "numer": "-8757943", "denom": "8388608"}, {"symbol": "coeff_2_H_max", "numer": "27", "denom": "64"}, {"symbol": "coeff_2_H_min", "numer": "-91", "denom": "64"}], "level": 2, "array_name": "DC", "phase": [0, 0]}, {"lower_bound": [{"symbol": "coeff_2_H_min", "numer": "1", "denom": "1"}, {"symbol": "coeff_1_H_min", "numer": "29283", "denom": "65536"}, {"symbol": "coeff_0_L_max", "numer": "-2509279", "denom": "16777216"}, {"symbol": "coeff_0_L_min", "numer": "5945823", "denom": "16777216"}, {"symbol": null, "numer": "-74595", "denom": "65536"}, {"symbol": "coeff_1_H_max", "numer": "-24163", "denom": "65536"}], "upper_bound": [{"symbol": "coeff_2_H_max", "numer": "1", "denom": "1"}, {"symbol": "coeff_1_H_max", "numer": "29283", "denom": "65536"}, {"symbol": "coeff_0_L_min", "numer": "-2509279", "denom": "16777216"}, {"symbol": "coeff_0_L_max", "numer": "5945823", "denom": "16777216"}, {"symbol": null, "numer": "74595", "denom": "65536"}, {"symbol": "coeff_1_H_min", "numer": "-24163", "denom": "65536"}], "level": 2, "array_name": "DC", "phase": [1, 0]}, {"lower_bound": [{"symbol": "coeff_1_H_min", "numer": "16837105", "denom": "16777216"}, {"symbol": "coeff_0_L_max", "numer": "-569570387", "denom": "4294967296"}, {"symbol": "coeff_0_L_min", "numer": "1475540051", "denom": "4294967296"}, {"symbol": null, "numer": "-34073073", "denom": "16777216"}, {"symbol": "coeff_2_H_min", "numer": "27", "denom": "64"}, {"symbol": "coeff_1_H_max", "numer": "-59889", "denom": "16777216"}, {"symbol": "coeff_2_H_max", "numer": "-91", "denom": "64"}], "upper_bound": [{"symbol": "coeff_1_H_max", "numer": "16837105", "denom": "16777216"}, {"symbol": "coeff_0_L_min", "numer": "-569570387", "denom": "4294967296"}, {"symbol": "coeff_0_L_max", "numer": "1475540051", "denom": "4294967296"}, {"symbol": null, "numer": "34073073", "denom": "16777216"}, {"symbol": "coeff_2_H_max", "numer": "27", "denom": "64"}, {"symbol": "coeff_1_H_min", "numer": "-59889", "denom": "16777216"}, {"symbol": "coeff_2_H_min", "numer": "-91", "denom": "64"}], "level": 2, "array_name": "DC", "phase": [2, 0]}, {"lower_bound": [{"symbol": "coeff_2_H_min", "numer": "1", "denom": "1"}, {"symbol": "coeff_0_L_max", "numer": "-973233", "denom": "8388608"}, {"symbol": "coeff_1_H_max", "numer": "-26223", "denom": "65536"}, {"symbol": "coeff_0_L_min", "numer": "2793905", "denom": "8388608"}, {"symbol": null, "numer": "-71535", "denom": "65536"}, {"symbol": "coeff_1_H_min", "numer": "21103", "denom": "65536"}], "upper_bound": [{"symbol": "coeff_2_H_max", "numer": "1", "denom": "1"}, {"symbol": "coeff_0_L_min", "numer": "-973233", "denom": "8388608"}, {"symbol": "coeff_1_H_min", "numer": "-26223", "denom": "65536"}, {"symbol": "coeff_0_L_max", "numer": "2793905", "denom": "8388608"}, {"symbol": null, "numer": "71535", "denom": "65536"}, {"symbol": "coeff_1_H_max", "numer": "21103", "denom": "65536"}], "level": 2, "array_name": "DC", "phase": [3, 0]}], "analysis_test_patterns": [{"target": [0, 0], "pattern": {"dx": 0, "dy": 0, "width": 1, "height": 1, "positive": "gA==", "mask": "gA=="}, "pattern_translation_multiple": [1, 1], "target_translation_multiple": [1, 1], "level": 2, "array_name": "Input", "phase": [0, 0]}, {"target": [8, 0], "pattern": {"dx": 1, "dy": 0, "width": 15, "height": 1, "positive": "I4g=", "mask": "q6o="}, "pattern_translation_multiple": [2, 1], "target_translation_multiple": [2, 1], "level": 2, "array_name": "DC'", "phase": [0, 0]}, {"target": [1, 0], "pattern": {"dx": 1, "dy": 0, "width": 1, "height": 1, "positive": "gA==", "mask": "gA=="}, "pattern_translation_multiple": [2, 1], "target_translation_multiple": [2, 1], "level": 2, "array_name": "DC'", "phase": [1, 0]}, {"target": [8, 0], "pattern": {"dx": 1, "dy": 0, "width": 15, "height": 1, "positive": "I4g=", "mask": "q6o="}, "pattern_translation_multiple": [2, 1], "target_translation_multiple": [2, 1], "level": 2, "array_name": "DC''", "phase": [0, 0]}, {"target": [15, 0], "pattern": {"dx": 1, "dy": 0, "width": 29, "height": 1, "positive": "A3JmIA==", "mask": "q//+qA=="}, "pattern_translation_multiple": [2, 1], "target_translation_multiple": [2, 1], "level": 2, "array_name": "DC''", "phase": [1, 0]}, {"target": [12, 0], "pattern": {"dx": 3, "dy": 0, "width": 43, "height": 1, "positive": "iDg/g4Ig", "mask": "q7u/u7qg"}, "pattern_translation_multiple": [4, 1], "target_translation_multiple": [2, 1], "level": 1, "array_name": "DC'", "phase": [0, 0]}, {"target": [5, 0], "pattern": {"dx": 3, "dy": 0, "width": 15, "height": 1, "positive": "I4g=", "mask": "q6o="}, "pattern_translation_multiple": [4, 1], "target_translation_multiple": [2, 1], "level": 1, "array_name": "DC'", "phase": [1, 0]}, {"target": [12, 0], "pattern": {"dx": 3, "dy": 0, "width": 43, "height": 1, "positive": "iDg/g4Ig", "mask": "q7u/u7qg"}, "pattern_translation_multiple": [4, 1], "target_translation_multiple": [2, 1], "level": 1, "array_name": "DC''", "phase": [0, 0]}, {"target": [19, 0], "pattern": {"dx": 3, "dy": 0, "width": 71, "height": 1, "positive": "iAI8/jj4eDgC", "mask": "q7u/////+7uq"}, "pattern_translation_multiple": [4, 1], "target_translation_multiple": [2, 1], "level": 1, "array_name": "DC''", "phase": [1, 0]}], "synthesis_test_patterns": [{"target": [6, 0], "pattern": {"dx": 3, "dy": 0, "width": 43, "height": 1, "positive": "iDg/g4Ig", "mask": "q7u/u7qg"}, "pattern_translation_multiple": [4, 1], "target_translation_multiple": [1, 1], "level": 1, "array_name": "L", "phase": [0, 0]}, {"target": [9, 0], "pattern": {"dx": 3, "dy": 0, "width": 71, "height": 1, "positive": "iAI8/jj4eDgC", "mask": "q7u/////+7uq"}, "pattern_translation_multiple": [4, 1], "target_translation_multiple": [1, 1], "level": 1, "array_name": "H", "phase": [0, 0]}, {"target": [12, 0], "pattern": {"dx": 3, "dy": 0, "width": 43, "height": 1, "positive": "iDg/g4Ig", "mask": "q7u/u7qg"}, "pattern_translation_multiple": [4, 1], "target_translation_multiple": [2, 1], "level": 1, "array_name": "DC'", "phase": [0, 0]}, {"target": [19, 0], "pattern": {"dx": 3, "dy": 0, "width": 71, "height": 1, "positive": "iAI89jjYeDgC", "mask": "q7u/////+7uq"}, "pattern_translation_multiple": [4, 1], "target_translation_multiple": [2, 1], "level": 1, "array_name": "DC'", "phase": [1, 0]}, {"target": [26, 0], "pattern": {"dx": 3, "dy": 0, "width": 99, "height": 1, "positive": "gpI3vYMJ5weHh6koIA==", "mask": "q7u//////////7u6oA=="}, "pattern_translation_multiple": [4, 1], "target_translation_multiple": [2, 1], "level": 1, "array_name": "DC", "phase": [0, 0]}, {"target": [19, 0], "pattern": {"dx": 3, "dy": 0, "width": 71, "height": 1, "positive": "iAI89jjYeDgC", "mask": "q7u/////+7uq"}, "pattern_translation_multiple": [4, 1], "target_translation_multiple": [2, 1], "level": 1, "array_name": "DC", "phase": [1, 0]}, {"target": [7, 0], "pattern": {"dx": 1, "dy": 0, "width": 29, "height": 1, "positive": "A3JmIA==", "mask": "q//+qA=="}, "pattern_translation_multiple": [2, 1], "target_translation_multiple": [1, 1], "level": 2, "array_name": "H", "phase": [0, 0]}, {"target": [52, 0], "pattern": {"dx": 3, "dy": 0, "width": 99, "height": 1, "positive": "gpI3vYMJ5weHh6koIA==", "mask": "q7u//////////7u6oA=="}, "pattern_translation_multiple": [4, 1], "target_translation_multiple": [4, 1], "level": 2, "array_name": "DC'", "phase": [0, 0]}, {"target": [57, 0], "pattern": {"dx": 3, "dy": 0, "width": 111, "height": 1, "positive": "KSkj+cMDcmcnw+gyk4g=", "mask": "q7u////////////7u6o="}, "pattern_translation_multiple": [4, 1], "target_translation_multiple": [4, 1], "level": 2, "array_name": "DC'", "phase": [1, 0]}, {"target": [38, 0], "pattern": {"dx": 3, "dy": 0, "width": 71, "height": 1, "positive": "iAI89jjYeDgC", "mask": "q7u/////+7uq"}, "pattern_translation_multiple": [4, 1], "target_translation_multiple": [4, 1], "level": 2, "array_name": "DC'", "phase": [2, 0]}, {"target": [59, 0], "pattern": {"dx": 3, "dy": 0, "width": 111, "height": 1, "positive": "I5KYJ73B3JmNh4fpKCI=", "mask": "q7u////////////7u6o="}, "pattern_translation_multiple": [4, 1], "target_translation_multiple": [4, 1], "level": 2, "array_name": "DC'", "phase": [3, 0]}, {"target": [64, 0], "pattern": {"dx": 3, "dy": 0, "width": 123, "height": 1, "positive": "KYgjd/mDqI2Zi8P43pICIA==", "mask": "q7u//////////////7u6oA=="}, "pattern_translation_multiple": [4, 1], "target_translation_multiple": [4, 1], "level": 2, "array_name": "DC", "phase": [0, 0]}, {"target": [57, 0], "pattern": {"dx": 3, "dy": 0, "width": 111, "height": 1, "positive": "KSkj+cMDcmcnw+gyk4g=", "mask": "q7u////////////7u6o="}, "pattern_translation_multiple": [4, 1], "target_translation_multiple": [4, 1], "level": 2, "array_name": "DC", "phase": [1, 0]}, {"target": [66, 0], "pattern": {"dx": 3, "dy": 0, "width": 127, "height": 1, "positive": "IzOYiIRnz+OPh8eEIyO5iA==", "mask": "q7u///////////////u7qg=="}, "pattern_translation_multiple": [4, 1], "target_translation_multiple": [4, 1], "level": 2, "array_name": "DC", "phase": [2, 0]}, {"target": [59, 0], "pattern": {"dx": 3, "dy": 0, "width": 111, "height": 1, "positive": "I5KYJ73B3JmNh4fpKCI=", "mask": "q7u////////////7u6o="}, "pattern_translation_multiple": [4, 1], "target_translation_multiple": [4, 1], "level": 2, "array_name": "DC", "phase": [3, 0]}]}