{"wavelet_index": 3, "wavelet_index_ho": 3, "dwt_depth": 0, "dwt_depth_ho": 4, "analysis_signal_bounds": [{"lower_bound": [{"symbol": "signal_min", "numer": "1", "denom": "1"}], "upper_bound": [{"symbol": "signal_max", "numer": "1", "denom": "1"}], "level": 4, "array_name": "Input", "phase": [0, 0]}, {"lower_bound": [{"symbol": "signal_min", "numer": "1", "denom": "1"}], "upper_bound": [{"symbol": "signal_max", "numer": "1", "denom": "1"}], "level": 4, "array_name": "DC'", "phase": [0, 0]}, {"lower_bound": [{"symbol": "signal_min", "numer": "1", "denom": "1"}, {"symbol": "signal_max", "numer": "-1", "denom": "1"}], "upper_bound": [{"symbol": "signal_max", "numer": "1", "denom": "1"}, {"symbol": "signal_min", "numer": "-1", "denom": "1"}, {"symbol": null, "numer": "1", "denom": "1"}], "level": 4, "array_name": "DC'", "phase": [1, 0]}, {"lower_bound": [{"symbol": "signal_min", "numer": "1", "denom": "1"}, {"symbol": null, "numer": "-1", "denom": "2"}], "upper_bound": [{"symbol": "signal_max", "numer": "1", "denom": "1"}, {"symbol": null, "numer": "1", "denom": "1"}], "level": 4, "array_name": "DC''", "phase": [0, 0]}, {"lower_bound": [{"symbol": "signal_min", "numer": "1", "denom": "1"}, {"symbol": "signal_max", "numer": "-1", "denom": "1"}], "upper_bound": [{"symbol": "signal_max", "numer": "1", "denom": "1"}, {"symbol": "signal_min", "numer": "-1", "denom": "1"}, {"symbol": null, "numer": "1", "denom": "1"}], "level": 4, "array_name": "DC''", "phase": [1, 0]}, {"lower_bound": [{"symbol": "signal_min", "numer": "1", "denom": "1"}, {"symbol": null, "numer": "-1", "denom": "2"}], "upper_bound": [{"symbol": "signal_max", "numer": "1", "denom": "1"}, {"symbol": null, "numer": "1", "denom": "1"}], "level": 3, "array_name": "DC'", "phase": [0, 0]}, {"lower_bound": [{"symbol": "signal_min", "numer": "1", "denom": "1"}, {"symbol": null, "numer": "-3", "denom": "2"}, {"symbol": "signal_max", "numer": "-1", "denom": "1"}], "upper_bound": [{"symbol": "signal_max", "numer": "1", "denom": "1"}, {"symbol": null, "numer": "5", "denom": "2"}, {"symbol": "signal_min", "numer": "-1", "denom": "1"}], "level": 3, "array_name": "DC'", "phase": [1, 0]}, {"lower_bound": [{"symbol": "signal_min", "numer": "1", "denom": "1"}, {"symbol": null, "numer": "-1", "denom": "1"}], "upper_bound": [{"symbol": "signal_max", "numer": "1", "denom": "1"}, {"symbol": null, "numer": "2", "denom": "1"}], "level": 3, "array_name": "DC''", "phase": [0, 0]}, {"lower_bound": [{"symbol": "signal_min", "numer": "1", "denom": "1"}, {"symbol": null, "numer": "-3", "denom": "2"}, {"symbol": "signal_max", "numer": "-1", "denom": "1"}], "upper_bound": [{"symbol": "signal_max", "numer": "1", "denom": "1"}, {"symbol": null, "numer": "5", "denom": "2"}, {"symbol": "signal_min", "numer": "-1", "denom": "1"}], "level": 3, "array_name": "DC''", "phase": [1, 0]}, {"lower_bound": [{"symbol": "signal_min", "numer": "1", "denom": "1"}, {"symbol": null, "numer": "-1", "denom": "1"}], "upper_bound": [{"symbol": "signal_max", "numer": "1", "denom": "1"}, {"symbol": null, "numer": "2", "denom": "1"}], "level": 2, "array_name": "DC'", "phase": [0, 0]}, {"lower_bound": [{"symbol": "signal_min", "numer": "1", "denom": "1"}, {"symbol": null, "numer": "-3", "denom": "1"}, {"symbol": "signal_max", "numer": "-1", "denom": "1"}], "upper_bound": [{"symbol": "signal_max", "numer": "1", "denom": "1"}, {"symbol": null, "numer": "4", "denom": "1"}, {"symbol": "signal_min", "numer": "-1", "denom": "1"}], "level": 2, "array_name": "DC'", "phase": [1, 0]}, {"lower_bound": [{"symbol": "signal_min", "numer": "1", "denom": "1"}, {"symbol": null, "numer": "-3", "denom": "2"}], "upper_bound": [{"symbol": "signal_max", "numer": "1", "denom": "1"}, {"symbol": null, "numer": "3", "denom": "1"}], "level": 2, "array_name": "DC''", "phase": [0, 0]}, {"lower_bound": [{"symbol": "signal_min", "numer": "1", "denom": "1"}, {"symbol": null, "numer": "-3", "denom": "1"}, {"symbol": "signal_max", "numer": "-1", "denom": "1"}], "upper_bound": [{"symbol": "signal_max", "numer": "1", "denom": "1"}, {"symbol": null, "numer": "4", "denom": "1"}, {"symbol": "signal_min", "numer": "-1", "denom": "1"}], "level": 2, "array_name": "DC''", "phase": [1, 0]}, {"lower_bound": [{"symbol": "signal_min", "numer": "1", "denom": "1"}, {"symbol": null, "numer": "-3", "denom": "2"}], "upper_bound": [{"symbol": "signal_max", "numer": "1", "denom": "1"}, {"symbol": null, "numer": "3", "denom": "1"}], "level": 1, "array_name": "DC'", "phase": [0, 0]}, {"lower_bound": [{"symbol": "signal_min", "numer": "1", "denom": "1"}, {"symbol": null, "numer": "-9", "denom": "2"}, {"symbol": "signal_max", "numer": "-1", "denom": "1"}], "upper_bound": [{"symbol": "signal_max", "numer": "1", "denom": "1"}, {"symbol": null, "numer": "11", "denom": "2"}, {"symbol": "signal_min", "numer": "-1", "denom": "1"}], "level": 1, "array_name": "DC'", "phase": [1, 0]}, {"lower_bound": [{"symbol": "signal_min", "numer": "1", "denom": "1"}, {"symbol": null, "numer": "-2", "denom": "1"}], "upper_bound": [{"symbol": "signal_max", "numer": "1", "denom": "1"}, {"symbol": null, "numer": "4", "denom": "1"}], "level": 1, "array_name": "DC''", "phase": [0, 0]}, {"lower_bound": [{"symbol": "signal_min", "numer": "1", "denom": "1"}, {"symbol": null, "numer": "-9", "denom": "2"}, {"symbol": "signal_max", "numer": "-1", "denom": "1"}], "upper_bound": [{"symbol": "signal_max", "numer": "1", "denom": "1"}, {"symbol": null, "numer": "11", "denom": "2"}, {"symbol": "signal_min", "numer": "-1", "denom": "1"}], "level": 1, "array_name": "DC''", "phase": [1, 0]}], "synthesis_signal_bounds": [{"lower_bound": [{"symbol": "coeff_0_L_min", "numer": "1", "denom": "1"}], "upper_bound": [{"symbol": "coeff_0_L_max", "numer": "1", "denom": "1"}], "level": 1, "array_name": "L", "phase": [0, 0]}, {"lower_bound": [{"symbol": "coeff_1_H_min", "numer": "1", "denom": "1"}], "upper_bound": [{"symbol": "coeff_1_H_max", "numer": "1", "denom": "1"}], "level": 1, "array_name": "H", "phase": [0, 0]}, {"lower_bound": [{"symbol": "coeff_0_L_min", "numer": "1", "denom": "1"}, {"symbol": "coeff_1_H_max", "numer": "-1", "denom": "2"}, {"symbol": null, "numer": "-1", "denom": "2"}], "upper_bound": [{"symbol": "coeff_0_L_max", "numer": "1", "denom": "1"}, {"symbol": "coeff_1_H_min", "numer": "-1", "denom": "2"}, {"symbol": null, "numer": "1", "denom": "2"}], "level": 1, "array_name": "DC'", "phase": [0, 0]}, {"lower_bound": [{"symbol": "coeff_1_H_min", "numer": "1", "denom": "1"}], "upper_bound": [{"symbol": "coeff_1_H_max", "numer": "1", "denom": "1"}], "level": 1, "array_name": "DC'", "phase": [1, 0]}, {"lower_bound": [{"symbol": "coeff_0_L_min", "numer": "1", "denom": "1"}, {"symbol": "coeff_1_H_max", "numer": "-1", "denom": "2"}, {"symbol": null, "numer": "-1", "denom": "2"}], "upper_bound": [{"symbol": "coeff_0_L_max", "numer": "1", "denom": "1"}, {"symbol": "coeff_1_H_min", "numer": "-1", "denom": "2"}, {"symbol": null, "numer": "1", "denom": "2"}], "level": 1, "array_name": "DC", "phase": [0, 0]}, {"lower_bound": [{"symbol": "coeff_1_H_min", "numer": "1", "denom": "2"}, {"symbol": "coeff_0_L_min", "numer": "1", "denom": "1"}, {"symbol": null, "numer": "-3", "denom": "2"}], "upper_bound": [{"symbol": "coeff_1_H_max", "numer": "1", "denom": "2"}, {"symbol": "coeff_0_L_max", "numer": "1", "denom": "1"}, {"symbol": null, "numer": "1", "denom": "2"}], "level": 1, "array_name": "DC", "phase": [1, 0]}, {"lower_bound": [{"symbol": "coeff_2_H_min", "numer": "1", "denom": "1"}], "upper_bound": [{"symbol": "coeff_2_H_max", "numer": "1", "denom": "1"}], "level": 2, "array_name": "H", "phase": [0, 0]}, {"lower_bound": [{"symbol": "coeff_0_L_min", "numer": "1", "denom": "1"}, {"symbol": "coeff_1_H_max", "numer": "-1", "denom": "2"}, {"symbol": null, "numer": "-1", "denom": "1"}, {"symbol": "coeff_2_H_max", "numer": "-1", "denom": "2"}], "upper_bound": [{"symbol": "coeff_0_L_max", "numer": "1", "denom": "1"}, {"symbol": "coeff_1_H_min", "numer": "-1", "denom": "2"}, {"symbol": null, "numer": "1", "denom": "1"}, {"symbol": "coeff_2_H_min", "numer": "-1", "denom": "2"}], "level": 2, "array_name": "DC'", "phase": [0, 0]}, {"lower_bound": [{"symbol": "coeff_2_H_min", "numer": "1", "denom": "1"}], "upper_bound": [{"symbol": "coeff_2_H_max", "numer": "1", "denom": "1"}], "level": 2, "array_name": "DC'", "phase": [1, 0]}, {"lower_bound": [{"symbol": "coeff_1_H_min", "numer": "1", "denom": "2"}, {"symbol": "coeff_0_L_min", "numer": "1", "denom": "1"}, {"symbol": null, "numer": "-2", "denom": "1"}, {"symbol": "coeff_2_H_max", "numer": "-1", "denom": "2"}], "upper_bound": [{"symbol": "coeff_1_H_max", "numer": "1", "denom": "2"}, {"symbol": "coeff_0_L_max", "numer": "1", "denom": "1"}, {"symbol": null, "numer": "1", "denom": "1"}, {"symbol": "coeff_2_H_min", "numer": "-1", "denom": "2"}], "level": 2, "array_name": "DC'", "phase": [2, 0]}, {"lower_bound": [{"symbol": "coeff_2_H_min", "numer": "1", "denom": "1"}], "upper_bound": [{"symbol": "coeff_2_H_max", "numer": "1", "denom": "1"}], "level": 2, "array_name": "DC'", "phase": [3, 0]}, {"lower_bound": [{"symbol": "coeff_0_L_min", "numer": "1", "denom": "1"}, {"symbol": "coeff_1_H_max", "numer": "-1", "denom": "2"}, {"symbol": null, "numer": "-1", "denom": "1"}, {"symbol": "coeff_2_H_max", "numer": "-1", "denom": "2"}], "upper_bound": [{"symbol": "coeff_0_L_max", "numer": "1", "denom": "1"}, {"symbol": "coeff_1_H_min", "numer": "-1", "denom": "2"}, {"symbol": null, "numer": "1", "denom": "1"}, {"symbol": "coeff_2_H_min", "numer": "-1", "denom": "2"}], "level": 2, "array_name": "DC", "phase": [0, 0]}, {"lower_bound": [{"symbol": "coeff_2_H_min", "numer": "1", "denom": "2"}, {"symbol": "coeff_0_L_min", "numer": "1", "denom": "1"}, {"symbol": "coeff_1_H_max", "numer": "-1", "denom": "2"}, {"symbol": null, "numer": "-2", "denom": "1"}], "upper_bound": [{"symbol": "coeff_2_H_max", "numer": "1", "denom": "2"}, {"symbol": "coeff_0_L_max", "numer": "1", "denom": "1"}, {"symbol": "coeff_1_H_min", "numer": "-1", "denom": "2"}, {"symbol": null, "numer": "1", "denom": "1"}], "level": 2, "array_name": "DC", "phase": [1, 0]}, {"lower_bound": [{"symbol": "coeff_1_H_min", "numer": "1", "denom": "2"}, {"symbol": "coeff_0_L_min", "numer": "1", "denom": "1"}, {"symbol": null, "numer": "-2", "denom": "1"}, {"symbol": "coeff_2_H_max", "numer": "-1", "denom": "2"}], "upper_bound": [{"symbol": "coeff_1_H_max", "numer": "1", "denom": "2"}, {"symbol": "coeff_0_L_max", "numer": "1", "denom": "1"}, {"symbol": null, "numer": "1", "denom": "1"}, {"symbol": "coeff_2_H_min", "numer": "-1", "denom": "2"}], "level": 2, "array_name": "DC", "phase": [2, 0]}, {"lower_bound": [{"symbol": "coeff_2_H_min", "numer": "1", "denom": "2"}, {"symbol": "coeff_1_H_min", "numer": "1", "denom": "2"}, {"symbol": "coeff_0_L_min", "numer": "1", "denom": "1"}, {"symbol": null, "numer": "-3", "denom": "1"}], "upper_bound": [{"symbol": "coeff_2_H_max", "numer": "1", "denom": "2"}, {"symbol": "coeff_1_H_max", "numer": "1", "denom": "2"}, {"symbol": "coeff_0_L_max", "numer": "1", "denom": "1"}, {"symbol": null, "numer": "1", "denom": "1"}], "level": 2, "array_name": "DC", "phase": [3, 0]}, {"lower_bound": [{"symbol": "coeff_3_H_min", "numer": "1", "denom": "1"}], "upper_bound": [{"symbol": "coeff_3_H_max", "numer": "1", "denom": "1"}], "level": 3, "array_name": "H", "phase": [0, 0]}, {"lower_bound": [{"symbol": "coeff_0_L_min", "numer": "1", "denom": "1"}, {"symbol": "coeff_1_H_max", "numer": "-1", "denom": "2"}, {"symbol": null, "numer": "-3", "denom": "2"}, {"symbol": "coeff_2_H_max", "numer": "-1", "denom": "2"}, {"symbol": "coeff_3_H_max", "numer": "-1", "denom": "2"}], "upper_bound": [{"symbol": "coeff_0_L_max", "numer": "1", "denom": "1"}, {"symbol": "coeff_1_H_min", "numer": "-1", "denom": "2"}, {"symbol": null, "numer": "3", "denom": "2"}, {"symbol": "coeff_2_H_min", "numer": "-1", "denom": "2"}, {"symbol": "coeff_3_H_min", "numer": "-1", "denom": "2"}], "level": 3, "array_name": "DC'", "phase": [0, 0]}, {"lower_bound": [{"symbol": "coeff_3_H_min", "numer": "1", "denom": "1"}], "upper_bound": [{"symbol": "coeff_3_H_max", "numer": "1", "denom": "1"}], "level": 3, "array_name": "DC'", "phase": [1, 0]}, {"lower_bound": [{"symbol": "coeff_2_H_min", "numer": "1", "denom": "2"}, {"symbol": "coeff_0_L_min", "numer": "1", "denom": "1"}, {"symbol": "coeff_1_H_max", "numer": "-1", "denom": "2"}, {"symbol": null, "numer": "-5", "denom": "2"}, {"symbol": "coeff_3_H_max", "numer": "-1", "denom": "2"}], "upper_bound": [{"symbol": "coeff_2_H_max", "numer": "1", "denom": "2"}, {"symbol": "coeff_0_L_max", "numer": "1", "denom": "1"}, {"symbol": "coeff_1_H_min", "numer": "-1", "denom": "2"}, {"symbol": null, "numer": "3", "denom": "2"}, {"symbol": "coeff_3_H_min", "numer": "-1", "denom": "2"}], "level": 3, "array_name": "DC'", "phase": [2, 0]}, {"lower_bound": [{"symbol": "coeff_3_H_min", "numer": "1", "denom": "1"}], "upper_bound": [{"symbol": "coeff_3_H_max", "numer": "1", "denom": "1"}], "level": 3, "array_name": "DC'", "phase": [3, 0]}, {"lower_bound": [{"symbol": "coeff_1_H_min", "numer": "1", "denom": "2"}, {"symbol": "coeff_0_L_min", "numer": "1", "denom": "1"}, {"symbol": null, "numer": "-5", "denom": "2"}, {"symbol": "coeff_2_H_max", "numer": "-1", "denom": "2"}, {"symbol": "coeff_3_H_max", "numer": "-1", "denom": "2"}], "upper_bound": [{"symbol": "coeff_1_H_max", "numer": "1", "denom": "2"}, {"symbol": "coeff_0_L_max", "numer": "1", "denom": "1"}, {"symbol": null, "numer": "3", "denom": "2"}, {"symbol": "coeff_2_H_min", "numer": "-1", "denom": "2"}, {"symbol": "coeff_3_H_min", "numer": "-1", "denom": "2"}], "level": 3, "array_name": "DC'", "phase": [4, 0]}, {"lower_bound": [{"symbol": "coeff_3_H_min", "numer": "1", "denom": "1"}], "upper_bound": [{"symbol": "coeff_3_H_max", "numer": "1", "denom": "1"}], "level": 3, "array_name": "DC'", "phase": [5, 0]}, {"lower_bound": [{"symbol": "coeff_2_H_min", "numer": "1", "denom": "2"}, {"symbol": "coeff_1_H_min", "numer": "1", "denom": "2"}, {"symbol": "coeff_0_L_min", "numer": "1", "denom": "1"}, {"symbol": null, "numer": "-7", "denom": "2"}, {"symbol": "coeff_3_H_max", "numer": "-1", "denom": "2"}], "upper_bound": [{"symbol": "coeff_2_H_max", "numer": "1", "denom": "2"}, {"symbol": "coeff_1_H_max", "numer": "1", "denom": "2"}, {"symbol": "coeff_0_L_max", "numer": "1", "denom": "1"}, {"symbol": null, "numer": "3", "denom": "2"}, {"symbol": "coeff_3_H_min", "numer": "-1", "denom": "2"}], "level": 3, "array_name": "DC'", "phase": [6, 0]}, {"lower_bound": [{"symbol": "coeff_3_H_min", "numer": "1", "denom": "1"}], "upper_bound": [{"symbol": "coeff_3_H_max", "numer": "1", "denom": "1"}], "level": 3, "array_name": "DC'", "phase": [7, 0]}, {"lower_bound": [{"symbol": "coeff_0_L_min", "numer": "1", "denom": "1"}, {"symbol": "coeff_1_H_max", "numer": "-1", "denom": "2"}, {"symbol": null, "numer": "-3", "denom": "2"}, {"symbol": "coeff_2_H_max", "numer": "-1", "denom": "2"}, {"symbol": "coeff_3_H_max", "numer": "-1", "denom": "2"}], "upper_bound": [{"symbol": "coeff_0_L_max", "numer": "1", "denom": "1"}, {"symbol": "coeff_1_H_min", "numer": "-1", "denom": "2"}, {"symbol": null, "numer": "3", "denom": "2"}, {"symbol": "coeff_2_H_min", "numer": "-1", "denom": "2"}, {"symbol": "coeff_3_H_min", "numer": "-1", "denom": "2"}], "level": 3, "array_name": "DC", "phase": [0, 0]}, {"lower_bound": [{"symbol": "coeff_3_H_min", "numer": "1", "denom": "2"}, {"symbol": "coeff_0_L_min", "numer": "1", "denom": "1"}, {"symbol": "coeff_1_H_max", "numer": "-1", "denom": "2"}, {"symbol": null, "numer": "-5", "denom": "2"}, {"symbol": "coeff_2_H_max", "numer": "-1", "denom": "2"}], "upper_bound": [{"symbol": "coeff_3_H_max", "numer": "1", "denom": "2"}, {"symbol": "coeff_0_L_max", "numer": "1", "denom": "1"}, {"symbol": "coeff_1_H_min", "numer": "-1", "denom": "2"}, {"symbol": null, "numer": "3", "denom": "2"}, {"symbol": "coeff_2_H_min", "numer": "-1", "denom": "2"}], "level": 3, "array_name": "DC", "phase": [1, 0]}, {"lower_bound": [{"symbol": "coeff_2_H_min", "numer": "1", "denom": "2"}, {"symbol": "coeff_0_L_min", "numer": "1", "denom": "1"}, {"symbol": "coeff_1_H_max", "numer": "-1", "denom": "2"}, {"symbol": null, "numer": "-5", "denom": "2"}, {"symbol": "coeff_3_H_max", "numer": "-1", "denom": "2"}], "upper_bound": [{"symbol": "coeff_2_H_max", "numer": "1", "denom": "2"}, {"symbol": "coeff_0_L_max", "numer": "1", "denom": "1"}, {"symbol": "coeff_1_H_min", "numer": "-1", "denom": "2"}, {"symbol": null, "numer": "3", "denom": "2"}, {"symbol": "coeff_3_H_min", "numer": "-1", "denom": "2"}], "level": 3, "array_name": "DC", "phase": [2, 0]}, {"lower_bound": [{"symbol": "coeff_3_H_min", "numer": "1", "denom": "2"}, {"symbol": "coeff_2_H_min", "numer": "1", "denom": "2"}, {"symbol": "coeff_0_L_min", "numer": "1", "denom": "1"}, {"symbol": "coeff_1_H_max", "numer": "-1", "denom": "2"}, {"symbol": null, "numer": "-7", "denom": "2"}], "upper_bound": [{"symbol": "coeff_3_H_max", "numer": "1", "denom": "2"}, {"symbol": "coeff_2_H_max", "numer": "1", "denom": "2"}, {"symbol": "coeff_0_L_max", "numer": "1", "denom": "1"}, {"symbol": "coeff_1_H_min", "numer": "-1", "denom": "2"}, {"symbol": null, "numer": "3", "denom": "2"}], "level": 3, "array_name": "DC", "phase": [3, 0]}, {"lower_bound": [{"symbol": "coeff_1_H_min", "numer": "1", "denom": "2"}, {"symbol": "coeff_0_L_min", "numer": "1", "denom": "1"}, {"symbol": null, "numer": "-5", "denom": "2"}, {"symbol": "coeff_2_H_max", "numer": "-1", "denom": "2"}, {"symbol": "coeff_3_H_max", "numer": "-1", "denom": "2"}], "upper_bound": [{"symbol": "coeff_1_H_max", "numer": "1", "denom": "2"}, {"symbol": "coeff_0_L_max", "numer": "1", "denom": "1"}, {"symbol": null, "numer": "3", "denom": "2"}, {"symbol": "coeff_2_H_min", "numer": "-1", "denom": "2"}, {"symbol": "coeff_3_H_min", "numer": "-1", "denom": "2"}], "level": 3, "array_name": "DC", "phase": [4, 0]}, {"lower_bound": [{"symbol": "coeff_3_H_min", "numer": "1", "denom": "2"}, {"symbol": "coeff_1_H_min", "numer": "1", "denom": "2"}, {"symbol": "coeff_0_L_min", "numer": "1", "denom": "1"}, {"symbol": null, "numer": "-7", "denom": "2"}, {"symbol": "coeff_2_H_max", "numer": "-1", "denom": "2"}], "upper_bound": [{"symbol": "coeff_3_H_max", "numer": "1", "denom": "2"}, {"symbol": "coeff_1_H_max", "numer": "1", "denom": "2"}, {"symbol": "coeff_0_L_max", "numer": "1", "denom": "1"}, {"symbol": null, "numer": "3", "denom": "2"}, {"symbol": "coeff_2_H_min", "numer": "-1", "denom": "2"}], "level": 3, "array_name": "DC", "phase": [5, 0]}, {"lower_bound": [{"symbol": "coeff_2_H_min", "numer": "1", "denom": "2"}, {"symbol": "coeff_1_H_min", "numer": "1", "denom": "2"}, {"symbol": "coeff_0_L_min", "numer": "1", "denom": "1"}, {"symbol": null, "numer": "-7", "denom": "2"}, {"symbol": "coeff_3_H_max", "numer": "-1", "denom": "2"}], "upper_bound": [{"symbol": "coeff_2_H_max", "numer": "1", "denom": "2"}, {"symbol": "coeff_1_H_max", "numer": "1", "denom": "2"}, {"symbol": "coeff_0_L_max", "numer": "1", "denom": "1"}, {"symbol": null, "numer": "3", "denom": "2"}, {"symbol": "coeff_3_H_min", "numer": "-1", "denom": "2"}], "level": 3, "array_name": "DC", "phase": [6, 0]}, {"lower_bound": [{"symbol": "coeff_3_H_min", "numer": "1", "denom": "2"}, {"symbol": "coeff_2_H_min", "numer": "1", "denom": "2"}, {"symbol": "coeff_1_H_min", "numer": "1", "denom": "2"}, {"symbol": "coeff_0_L_min", "numer": "1", "denom": "1"}, {"symbol": null, "numer": "-9", "denom": "2"}], "upper_bound": [{"symbol": "coeff_3_H_max", "numer": "1", "denom": "2"}, {"symbol": "coeff_2_H_max", "numer": "1", "denom": "2"}, {"symbol": "coeff_1_H_max", "numer": "1", "denom": "2"}, {"symbol": "coeff_0_L_max", "numer": "1", "denom": "1"}, {"symbol": null, "numer": "3", "denom": "2"}], "level": 3, "array_name": "DC", "phase": [7, 0]}, {"lower_bound": [{"symbol": "coeff_4_H_min", "numer": "1", "denom": "1"}], "upper_bound": [{"symbol": "coeff_4_H_max", "numer": "1", "denom": "1"}], "level": 4, "array_name": "H", "phase": [0, 0]}, {"lower_bound": [{"symbol": "coeff_0_L_min", "numer": "1", "denom": "1"}, {"symbol": "coeff_1_H_max", "numer": "-1", "denom": "2"}, {"symbol": null, "numer": "-2", "denom": "1"}, {"symbol": "coeff_2_H_max", "numer": "-1", "denom": "2"}, {"symbol": "coeff_3_H_max", "numer": "-1", "denom": "2"}, {"symbol": "coeff_4_H_max", "numer": "-1", "denom": "2"}], "upper_bound": [{"symbol": "coeff_0_L_max", "numer": "1", "denom": "1"}, {"symbol": "coeff_1_H_min", "numer": "-1", "denom": "2"}, {"symbol": null, "numer": "2", "denom": "1"}, {"symbol": "coeff_2_H_min", "numer": "-1", "denom": "2"}, {"symbol": "coeff_3_H_min", "numer": "-1", "denom": "2"}, {"symbol": "coeff_4_H_min", "numer": "-1", "denom": "2"}], "level": 4, "array_name": "DC'", "phase": [0, 0]}, {"lower_bound": [{"symbol": "coeff_4_H_min", "numer": "1", "denom": "1"}], "upper_bound": [{"symbol": "coeff_4_H_max", "numer": "1", "denom": "1"}], "level": 4, "array_name": "DC'", "phase": [1, 0]}, {"lower_bound": [{"symbol": "coeff_3_H_min", "numer": "1", "denom": "2"}, {"symbol": "coeff_0_L_min", "numer": "1", "denom": "1"}, {"symbol": "coeff_1_H_max", "numer": "-1", "denom": "2"}, {"symbol": null, "numer": "-3", "denom": "1"}, {"symbol": "coeff_2_H_max", "numer": "-1", "denom": "2"}, {"symbol": "coeff_4_H_max", "numer": "-1", "denom": "2"}], "upper_bound": [{"symbol": "coeff_3_H_max", "numer": "1", "denom": "2"}, {"symbol": "coeff_0_L_max", "numer": "1", "denom": "1"}, {"symbol": "coeff_1_H_min", "numer": "-1", "denom": "2"}, {"symbol": null, "numer": "2", "denom": "1"}, {"symbol": "coeff_2_H_min", "numer": "-1", "denom": "2"}, {"symbol": "coeff_4_H_min", "numer": "-1", "denom": "2"}], "level": 4, "array_name": "DC'", "phase": [2, 0]}, {"lower_bound": [{"symbol": "coeff_4_H_min", "numer": "1", "denom": "1"}], "upper_bound": [{"symbol": "coeff_4_H_max", "numer": "1", "denom": "1"}], "level": 4, "array_name": "DC'", "phase": [3, 0]}, {"lower_bound": [{"symbol": "coeff_2_H_min", "numer": "1", "denom": "2"}, {"symbol": "coeff_0_L_min", "numer": "1", "denom": "1"}, {"symbol": "coeff_1_H_max", "numer": "-1", "denom": "2"}, {"symbol": null, "numer": "-3", "denom": "1"}, {"symbol": "coeff_3_H_max", "numer": "-1", "denom": "2"}, {"symbol": "coeff_4_H_max", "numer": "-1", "denom": "2"}], "upper_bound": [{"symbol": "coeff_2_H_max", "numer": "1", "denom": "2"}, {"symbol": "coeff_0_L_max", "numer": "1", "denom": "1"}, {"symbol": "coeff_1_H_min", "numer": "-1", "denom": "2"}, {"symbol": null, "numer": "2", "denom": "1"}, {"symbol": "coeff_3_H_min", "numer": "-1", "denom": "2"}, {"symbol": "coeff_4_H_min", "numer": "-1", "denom": "2"}], "level": 4, "array_name": "DC'", "phase": [4, 0]}, {"lower_bound": [{"symbol": "coeff_4_H_min", "numer": "1", "denom": "1"}], "upper_bound": [{"symbol": "coeff_4_H_max", "numer": "1", "denom": "1"}], "level": 4, "array_name": "DC'", "phase": [5, 0]}, {"lower_bound": [{"symbol": "coeff_3_H_min", "numer": "1", "denom": "2"}, {"symbol": "coeff_2_H_min", "numer": "1", "denom": "2"}, {"symbol": "coeff_0_L_min", "numer": "1", "denom": "1"}, {"symbol": "coeff_1_H_max", "numer": "-1", "denom": "2"}, {"symbol": null, "numer": "-4", "denom": "1"}, {"symbol": "coeff_4_H_max", "numer": "-1", "denom": "2"}], "upper_bound": [{"symbol": "coeff_3_H_max", "numer": "1", "denom": "2"}, {"symbol": "coeff_2_H_max", "numer": "1", "denom": "2"}, {"symbol": "coeff_0_L_max", "numer": "1", "denom": "1"}, {"symbol": "coeff_1_H_min", "numer": "-1", "denom": "2"}, {"symbol": null, "numer": "2", "denom": "1"}, {"symbol": "coeff_4_H_min", "numer": "-1", "denom": "2"}], "level": 4, "array_name": "DC'", "phase": [6, 0]}, {"lower_bound": [{"symbol": "coeff_4_H_min", "numer": "1", "denom": "1"}], "upper_bound": [{"symbol": "coeff_4_H_max", "numer": "1", "denom": "1"}], "level": 4, "array_name": "DC'", "phase": [7, 0]}, {"lower_bound": [{"symbol": "coeff_1_H_min", "numer": "1", "denom": "2"}, {"symbol": "coeff_0_L_min", "numer": "1", "denom": "1"}, {"symbol": null, "numer": "-3", "denom": "1"}, {"symbol": "coeff_2_H_max", "numer": "-1", "denom": "2"}, {"symbol": "coeff_3_H_max", "numer": "-1", "denom": "2"}, {"symbol": "coeff_4_H_max", "numer": "-1", "denom": "2"}], "upper_bound": [{"symbol": "coeff_1_H_max", "numer": "1", "denom": "2"}, {"symbol": "coeff_0_L_max", "numer": "1", "denom": "1"}, {"symbol": null, "numer": "2", "denom": "1"}, {"symbol": "coeff_2_H_min", "numer": "-1", "denom": "2"}, {"symbol": "coeff_3_H_min", "numer": "-1", "denom": "2"}, {"symbol": "coeff_4_H_min", "numer": "-1", "denom": "2"}], "level": 4, "array_name": "DC'", "phase": [8, 0]}, {"lower_bound": [{"symbol": "coeff_4_H_min", "numer": "1", "denom": "1"}], "upper_bound": [{"symbol": "coeff_4_H_max", "numer": "1", "denom": "1"}], "level": 4, "array_name": "DC'", "phase": [9, 0]}, {"lower_bound": [{"symbol": "coeff_3_H_min", "numer": "1", "denom": "2"}, {"symbol": "coeff_1_H_min", "numer": "1", "denom": "2"}, {"symbol": "coeff_0_L_min", "numer": "1", "denom": "1"}, {"symbol": null, "numer": "-4", "denom": "1"}, {"symbol": "coeff_2_H_max", "numer": "-1", "denom": "2"}, {"symbol": "coeff_4_H_max", "numer": "-1", "denom": "2"}], "upper_bound": [{"symbol": "coeff_3_H_max", "numer": "1", "denom": "2"}, {"symbol": "coeff_1_H_max", "numer": "1", "denom": "2"}, {"symbol": "coeff_0_L_max", "numer": "1", "denom": "1"}, {"symbol": null, "numer": "2", "denom": "1"}, {"symbol": "coeff_2_H_min", "numer": "-1", "denom": "2"}, {"symbol": "coeff_4_H_min", "numer": "-1", "denom": "2"}], "level": 4, "array_name": "DC'", "phase": [10, 0]}, {"lower_bound": [{"symbol": "coeff_4_H_min", "numer": "1", "denom": "1"}], "upper_bound": [{"symbol": "coeff_4_H_max", "numer": "1", "denom": "1"}], "level": 4, "array_name": "DC'", "phase": [11, 0]}, {"lower_bound": [{"symbol": "coeff_2_H_min", "numer": "1", "denom": "2"}, {"symbol": "coeff_1_H_min", "numer": "1", "denom": "2"}, {"symbol": "coeff_0_L_min", "numer": "1", "denom": "1"}, {"symbol": null, "numer": "-4", "denom": "1"}, {"symbol": "coeff_3_H_max", "numer": "-1", "denom": "2"}, {"symbol": "coeff_4_H_max", "numer": "-1", "denom": "2"}], "upper_bound": [{"symbol": "coeff_2_H_max", "numer": "1", "denom": "2"}, {"symbol": "coeff_1_H_max", "numer": "1", "denom": "2"}, {"symbol": "coeff_0_L_max", "numer": "1", "denom": "1"}, {"symbol": null, "numer": "2", "denom": "1"}, {"symbol": "coeff_3_H_min", "numer": "-1", "denom": "2"}, {"symbol": "coeff_4_H_min", "numer": "-1", "denom": "2"}], "level": 4, "array_name": "DC'", "phase": [12, 0]}, {"lower_bound": [{"symbol": "coeff_4_H_min", "numer": "1", "denom": "1"}], "upper_bound": [{"symbol": "coeff_4_H_max", "numer": "1", "denom": "1"}], "level": 4, "array_name": "DC'", "phase": [13, 0]}, {"lower_bound": [{"symbol": "coeff_3_H_min", "numer": "1", "denom": "2"}, {"symbol": "coeff_2_H_min", "numer": "1", "denom": "2"}, {"symbol": "coeff_1_H_min", "numer": "1", "denom": "2"}, {"symbol": "coeff_0_L_min", "numer": "1", "denom": "1"}, {"symbol": null, "numer": "-5", "denom": "1"}, {"symbol": "coeff_4_H_max", "numer": "-1", "denom": "2"}], "upper_bound": [{"symbol": "coeff_3_H_max", "numer": "1", "denom": "2"}, {"symbol": "coeff_2_H_max", "numer": "1", "denom": "2"}, {"symbol": "coeff_1_H_max", "numer": "1", "denom": "2"}, {"symbol": "coeff_0_L_max", "numer": "1", "denom": "1"}, {"symbol": null, "numer": "2", "denom": "1"}, {"symbol": "coeff_4_H_min", "numer": "-1", "denom": "2"}], "level": 4, "array_name": "DC'", "phase": [14, 0]}, {"lower_bound": [{"symbol": "coeff_4_H_min", "numer": "1", "denom": "1"}], "upper_bound": [{"symbol": "coeff_4_H_max", "numer": "1", "denom": "1"}], "level": 4, "array_name": "DC'", "phase": [15, 0]}, {"lower_bound": [{"symbol": "coeff_0_L_min", "numer": "1", "denom": "1"}, {"symbol": "coeff_1_H_max", "numer": "-1", "denom": "2"}, {"symbol": null, "numer": "-2", "denom": "1"}, {"symbol": "coeff_2_H_max", "numer": "-1", "denom": "2"}, {"symbol": "coeff_3_H_max", "numer": "-1", "denom": "2"}, {"symbol": "coeff_4_H_max", "numer": "-1", "denom": "2"}], "upper_bound": [{"symbol": "coeff_0_L_max", "numer": "1", "denom": "1"}, {"symbol": "coeff_1_H_min", "numer": "-1", "denom": "2"}, {"symbol": null, "numer": "2", "denom": "1"}, {"symbol": "coeff_2_H_min", "numer": "-1", "denom": "2"}, {"symbol": "coeff_3_H_min", "numer": "-1", "denom": "2"}, {"symbol": "coeff_4_H_min", "numer": "-1", "denom": "2"}], "level": 4, "array_name": "DC", "phase": [0, 0]}, {"lower_bound": [{"symbol": "coeff_4_H_min", "numer": "1", "denom": "2"}, {"symbol": "coeff_0_L_min", "numer": "1", "denom": "1"}, {"symbol": "coeff_1_H_max", "numer": "-1", "denom": "2"}, {"symbol": null, "numer": "-3", "denom": "1"}, {"symbol": "coeff_2_H_max", "numer": "-1", "denom": "2"}, {"symbol": "coeff_3_H_max", "numer": "-1", "denom": "2"}], "upper_bound": [{"symbol": "coeff_4_H_max", "numer": "1", "denom": "2"}, {"symbol": "coeff_0_L_max", "numer": "1", "denom": "1"}, {"symbol": "coeff_1_H_min", "numer": "-1", "denom": "2"}, {"symbol": null, "numer": "2", "denom": "1"}, {"symbol": "coeff_2_H_min", "numer": "-1", "denom": "2"}, {"symbol": "coeff_3_H_min", "numer": "-1", "denom": "2"}], "level": 4, "array_name": "DC", "phase": [1, 0]}, {"lower_bound": [{"symbol": "coeff_3_H_min", "numer": "1", "denom": "2"}, {"symbol": "coeff_0_L_min", "numer": "1", "denom": "1"}, {"symbol": "coeff_1_H_max", "numer": "-1", "denom": "2"}, {"symbol": null, "numer": "-3", "denom": "1"}, {"symbol": "coeff_2_H_max", "numer": "-1", "denom": "2"}, {"symbol": "coeff_4_H_max", "numer": "-1", "denom": "2"}], "upper_bound": [{"symbol": "coeff_3_H_max", "numer": "1", "denom": "2"}, {"symbol": "coeff_0_L_max", "numer": "1", "denom": "1"}, {"symbol": "coeff_1_H_min", "numer": "-1", "denom": "2"}, {"symbol": null, "numer": "2", "denom": "1"}, {"symbol": "coeff_2_H_min", "numer": "-1", "denom": "2"}, {"symbol": "coeff_4_H_min", "numer": "-1", "denom": "2"}], "level": 4, "array_name": "DC", "phase": [2, 0]}, {"lower_bound": [{"symbol": "coeff_4_H_min", "numer": "1", "denom": "2"}, {"symbol": "coeff_3_H_min", "numer": "1", "denom": "2"}, {"symbol": "coeff_0_L_min", "numer": "1", "denom": "1"}, {"symbol": "coeff_1_H_max", "numer": "-1", "denom": "2"}, {"symbol": null, "numer": "-4", "denom": "1"}, {"symbol": "coeff_2_H_max", "numer": "-1", "denom": "2"}], "upper_bound": [{"symbol": "coeff_4_H_max", "numer": "1", "denom": "2"}, {"symbol": "coeff_3_H_max", "numer": "1", "denom": "2"}, {"symbol": "coeff_0_L_max", "numer": "1", "denom": "1"}, {"symbol": "coeff_1_H_min", "numer": "-1", "denom": "2"}, {"symbol": null, "numer": "2", "denom": "1"}, {"symbol": "coeff_2_H_min", "numer": "-1", "denom": "2"}], "level": 4, "array_name": "DC", "phase": [3, 0]}, {"lower_bound": [{"symbol": "coeff_2_H_min", "numer": "1", "denom": "2"}, {"symbol": "coeff_0_L_min", "numer": "1", "denom": "1"}, {"symbol": "coeff_1_H_max", "numer": "-1", "denom": "2"}, {"symbol": null, "numer": "-3", "denom": "1"}, {"symbol": "coeff_3_H_max", "numer": "-1", "denom": "2"}, {"symbol": "coeff_4_H_max", "numer": "-1", "denom": "2"}], "upper_bound": [{"symbol": "coeff_2_H_max", "numer": "1", "denom": "2"}, {"symbol": "coeff_0_L_max", "numer": "1", "denom": "1"}, {"symbol": "coeff_1_H_min", "numer": "-1", "denom": "2"}, {"symbol": null, "numer": "2", "denom": "1"}, {"symbol": "coeff_3_H_min", "numer": "-1", "denom": "2"}, {"symbol": "coeff_4_H_min", "numer": "-1", "denom": "2"}], "level": 4, "array_name": "DC", "phase": [4, 0]}, {"lower_bound": [{"symbol": "coeff_4_H_min", "numer": "1", "denom": "2"}, {"symbol": "coeff_2_H_min", "numer": "1", "denom": "2"}, {"symbol": "coeff_0_L_min", "numer": "1", "denom": "1"}, {"symbol": "coeff_1_H_max", "numer": "-1", "denom": "2"}, {"symbol": null, "numer": "-4", "denom": "1"}, {"symbol": "coeff_3_H_max", "numer": "-1", "denom": "2"}], "upper_bound": [{"symbol": "coeff_4_H_max", "numer": "1", "denom": "2"}, {"symbol": "coeff_2_H_max", "numer": "1", "denom": "2"}, {"symbol": "coeff_0_L_max", "numer": "1", "denom": "1"}, {"symbol": "coeff_1_H_min", "numer": "-1", "denom": "2"}, {"symbol": null, "numer": "2", "denom": "1"}, {"symbol": "coeff_3_H_min", "numer": "-1", "denom": "2"}], "level": 4, "array_name": "DC", "phase": [5, 0]}, {"lower_bound": [{"symbol": "coeff_3_H_min", "numer": "1", "denom": "2"}, {"symbol": "coeff_2_H_min", "numer": "1", "denom": "2"}, {"symbol": "coeff_0_L_min", "numer": "1", "denom": "1"}, {"symbol": "coeff_1_H_max", "numer": "-1", "denom": "2"}, {"symbol": null, "numer": "-4", "denom": "1"}, {"symbol": "coeff_4_H_max", "numer": "-1", "denom": "2"}], "upper_bound": [{"symbol": "coeff_3_H_max", "numer": "1", "denom": "2"}, {"symbol": "coeff_2_H_max", "numer": "1", "denom": "2"}, {"symbol": "coeff_0_L_max", "numer": "1", "denom": "1"}, {"symbol": "coeff_1_H_min", "numer": "-1", "denom": "2"}, {"symbol": null, "numer": "2", "denom": "1"}, {"symbol": "coeff_4_H_min", "numer": "-1", "denom": "2"}], "level": 4, "array_name": "DC", "phase": [6, 0]}, {"lower_bound": [{"symbol": "coeff_4_H_min", "numer": "1", "denom": "2"}, {"symbol": "coeff_3_H_min", "numer": "1", "denom": "2"}, {"symbol": "coeff_2_H_min", "numer": "1", "denom": "2"}, {"symbol": "coeff_0_L_min", "numer": "1", "denom": "1"}, {"symbol": "coeff_1_H_max", "numer": "-1", "denom": "2"}, {"symbol": null, "numer": "-5", "denom": "1"}], "upper_bound": [{"symbol": "coeff_4_H_max", "numer": "1", "denom": "2"}, {"symbol": "coeff_3_H_max", "numer": "1", "denom": "2"}, {"symbol": "coeff_2_H_max", "numer": "1", "denom": "2"}, {"symbol": "coeff_0_L_max", "numer": "1", "denom": "1"}, {"symbol": "coeff_1_H_min", "numer": "-1", "denom": "2"}, {"symbol": null, "numer": "2", "denom": "1"}], "level": 4, "array_name": "DC", "phase": [7, 0]}, {"lower_bound": [{"symbol": "coeff_1_H_min", "numer": "1", "denom": "2"}, {"symbol": "coeff_0_L_min", "numer": "1", "denom": "1"}, {"symbol": null, "numer": "-3", "denom": "1"}, {"symbol": "coeff_2_H_max", "numer": "-1", "denom": "2"}, {"symbol": "coeff_3_H_max", "numer": "-1", "denom": "2"}, {"symbol": "coeff_4_H_max", "numer": "-1", "denom": "2"}], "upper_bound": [{"symbol": "coeff_1_H_max", "numer": "1", "denom": "2"}, {"symbol": "coeff_0_L_max", "numer": "1", "denom": "1"}, {"symbol": null, "numer": "2", "denom": "1"}, {"symbol": "coeff_2_H_min", "numer": "-1", "denom": "2"}, {"symbol": "coeff_3_H_min", "numer": "-1", "denom": "2"}, {"symbol": "coeff_4_H_min", "numer": "-1", "denom": "2"}], "level": 4, "array_name": "DC", "phase": [8, 0]}, {"lower_bound": [{"symbol": "coeff_4_H_min", "numer": "1", "denom": "2"}, {"symbol": "coeff_1_H_min", "numer": "1", "denom": "2"}, {"symbol": "coeff_0_L_min", "numer": "1", "denom": "1"}, {"symbol": null, "numer": "-4", "denom": "1"}, {"symbol": "coeff_2_H_max", "numer": "-1", "denom": "2"}, {"symbol": "coeff_3_H_max", "numer": "-1", "denom": "2"}], "upper_bound": [{"symbol": "coeff_4_H_max", "numer": "1", "denom": "2"}, {"symbol": "coeff_1_H_max", "numer": "1", "denom": "2"}, {"symbol": "coeff_0_L_max", "numer": "1", "denom": "1"}, {"symbol": null, "numer": "2", "denom": "1"}, {"symbol": "coeff_2_H_min", "numer": "-1", "denom": "2"}, {"symbol": "coeff_3_H_min", "numer": "-1", "denom": "2"}], "level": 4, "array_name": "DC", "phase": [9, 0]}, {"lower_bound": [{"symbol": "coeff_3_H_min", "numer": "1", "denom": "2"}, {"symbol": "coeff_1_H_min", "numer": "1", "denom": "2"}, {"symbol": "coeff_0_L_min", "numer": "1", "denom": "1"}, {"symbol": null, "numer": "-4", "denom": "1"}, {"symbol": "coeff_2_H_max", "numer": "-1", "denom": "2"}, {"symbol": "coeff_4_H_max", "numer": "-1", "denom": "2"}], "upper_bound": [{"symbol": "coeff_3_H_max", "numer": "1", "denom": "2"}, {"symbol": "coeff_1_H_max", "numer": "1", "denom": "2"}, {"symbol": "coeff_0_L_max", "numer": "1", "denom": "1"}, {"symbol": null, "numer": "2", "denom": "1"}, {"symbol": "coeff_2_H_min", "numer": "-1", "denom": "2"}, {"symbol": "coeff_4_H_min", "numer": "-1", "denom": "2"}], "level": 4, "array_name": "DC", "phase": [10, 0]}, {"lower_bound": [{"symbol": "coeff_4_H_min", "numer": "1", "denom": "2"}, {"symbol": "coeff_3_H_min", "numer": "1", "denom": "2"}, {"symbol": "coeff_1_H_min", "numer": "1", "denom": "2"}, {"symbol": "coeff_0_L_min", "numer": "1", "denom": "1"}, {"symbol": null, "numer": "-5", "denom": "1"}, {"symbol": "coeff_2_H_max", "numer": "-1", "denom": "2"}], "upper_bound": [{"symbol": "coeff_4_H_max", "numer": "1", "denom": "2"}, {"symbol": "coeff_3_H_max", "numer": "1", "denom": "2"}, {"symbol": "coeff_1_H_max", "numer": "1", "denom": "2"}, {"symbol": "coeff_0_L_max", "numer": "1", "denom": "1"}, {"symbol": null, "numer": "2", "denom": "1"}, {"symbol": "coeff_2_H_min", "numer": "-1", "denom": "2"}], "level": 4, "array_name": "DC", "phase": [11, 0]}, {"lower_bound": [{"symbol": "coeff_2_H_min", "numer": "1", "denom": "2"}, {"symbol": "coeff_1_H_min", "numer": "1", "denom": "2"}, {"symbol": "coeff_0_L_min", "numer": "1", "denom": "1"}, {"symbol": null, "numer": "-4", "denom": "1"}, {"symbol": "coeff_3_H_max", "numer": "-1", "denom": "2"}, {"symbol": "coeff_4_H_max", "numer": "-1", "denom": "2"}], "upper_bound": [{"symbol": "coeff_2_H_max", "numer": "1", "denom": "2"}, {"symbol": "coeff_1_H_max", "numer": "1", "denom": "2"}, {"symbol": "coeff_0_L_max", "numer": "1", "denom": "1"}, {"symbol": null, "numer": "2", "denom": "1"}, {"symbol": "coeff_3_H_min", "numer": "-1", "denom": "2"}, {"symbol": "coeff_4_H_min", "numer": "-1", "denom": "2"}], "level": 4, "array_name": "DC", "phase": [12, 0]}, {"lower_bound": [{"symbol": "coeff_4_H_min", "numer": "1", "denom": "2"}, {"symbol": "coeff_2_H_min", "numer": "1", "denom": "2"}, {"symbol": "coeff_1_H_min", "numer": "1", "denom": "2"}, {"symbol": "coeff_0_L_min", "numer": "1", "denom": "1"}, {"symbol": null, "numer": "-5", "denom": "1"}, {"symbol": "coeff_3_H_max", "numer": "-1", "denom": "2"}], "upper_bound": [{"symbol": "coeff_4_H_max", "numer": "1", "denom": "2"}, {"symbol": "coeff_2_H_max", "numer": "1", "denom": "2"}, {"symbol": "coeff_1_H_max", "numer": "1", "denom": "2"}, {"symbol": "coeff_0_L_max", "numer": "1", "denom": "1"}, {"symbol": null, "numer": "2", "denom": "1"}, {"symbol": "coeff_3_H_min", "numer": "-1", "denom": "2"}], "level": 4, "array_name": "DC", "phase": [13, 0]}, {"lower_bound": [{"symbol": "coeff_3_H_min", "numer": "1", "denom": "2"}, {"symbol": "coeff_2_H_min", "numer": "1", "denom": "2"}, {"symbol": "coeff_1_H_min", "numer": "1", "denom": "2"}, {"symbol": "coeff_0_L_min", "numer": "1", "denom": "1"}, {"symbol": null, "numer": "-5", "denom": "1"}, {"symbol": "coeff_4_H_max", "numer": "-1", "denom": "2"}], "upper_bound": [{"symbol": "coeff_3_H_max", "numer": "1", "denom": "2"}, {"symbol": "coeff_2_H_max", "numer": "1", "denom": "2"}, {"symbol": "coeff_1_H_max", "numer": "1", "denom": "2"}, {"symbol": "coeff_0_L_max", "numer": "1", "denom": "1"}, {"symbol": null, "numer": "2", "denom": "1"}, {"symbol": "coeff_4_H_min", "numer": "-1", "denom": "2"}], "level": 4, "array_name": "DC", "phase": [14, 0]}, {"lower_bound": [{"symbol": "coeff_4_H_min", "numer": "1", "denom": "2"}, {"symbol": "coeff_3_H_min", "numer": "1", "denom": "2"}, {"symbol": "coeff_2_H_min", "numer": "1", "denom": "2"}, {"symbol": "coeff_1_H_min", "numer": "1", "denom": "2"}, {"symbol": "coeff_0_L_min", "numer": "1", "denom": "1"}, {"symbol": null, "numer": "-6", "denom": "1"}], "upper_bound": [{"symbol": "coeff_4_H_max", "numer": "1", "denom": "2"}, {"symbol": "coeff_3_H_max", "numer": "1", "denom": "2"}, {"symbol": "coeff_2_H_max", "numer": "1", "denom": "2"}, {"symbol": "coeff_1_H_max", "numer": "1", "denom": "2"}, {"symbol": "coeff_0_L_max", "numer": "1", "denom": "1"}, {"symbol": null, "numer": "2", "denom": "1"}], "level": 4, "array_name": "DC", "phase": [15, 0]}], "analysis_test_patterns": [{"target": [0, 0], "pattern": {"dx": 0, "dy": 0, "width": 1, "height": 1, "positive": "gA==", "mask": "gA=="}, "pattern_translation_multiple": [1, 1], "target_translation_multiple": [1, 1], "level": 4, "array_name": "Input", "phase": [0, 0]}, {"target": [0, 0], "pattern": {"dx": 0, "dy": 0, "width": 1, "height": 1, "positive": "gA==", "mask": "gA=="}, "pattern_translation_multiple": [2, 1], "target_translation_multiple": [2, 1], "level": 4, "array_name": "DC'", "phase": [0, 0]}, {"target": [1, 0], "pattern": {"dx": 0, "dy": 0, "width": 2, "height": 1, "positive": "QA==", "mask": "wA=="}, "pattern_translation_multiple": [2, 1], "target_translation_multiple": [2, 1], "level": 4, "array_name": "DC'", "phase": [1, 0]}, {"target": [0, 0], "pattern": {"dx": 0, "dy": 0, "width": 2, "height": 1, "positive": "wA==", "mask": "wA=="}, "pattern_translation_multiple": [2, 1], "target_translation_multiple": [2, 1], "level": 4, "array_name": "DC''", "phase": [0, 0]}, {"target": [1, 0], "pattern": {"dx": 0, "dy": 0, "width": 2, "height": 1, "positive": "QA==", "mask": "wA=="}, "pattern_translation_multiple": [2, 1], "target_translation_multiple": [2, 1], "level": 4, "array_name": "DC''", "phase": [1, 0]}, {"target": [0, 0], "pattern": {"dx": 0, "dy": 0, "width": 2, "height": 1, "positive": "wA==", "mask": "wA=="}, "pattern_translation_multiple": [4, 1], "target_translation_multiple": [2, 1], "level": 3, "array_name": "DC'", "phase": [0, 0]}, {"target": [1, 0], "pattern": {"dx": 0, "dy": 0, "width": 4, "height": 1, "positive": "MA==", "mask": "8A=="}, "pattern_translation_multiple": [4, 1], "target_translation_multiple": [2, 1], "level": 3, "array_name": "DC'", "phase": [1, 0]}, {"target": [0, 0], "pattern": {"dx": 0, "dy": 0, "width": 4, "height": 1, "positive": "8A==", "mask": "8A=="}, "pattern_translation_multiple": [4, 1], "target_translation_multiple": [2, 1], "level": 3, "array_name": "DC''", "phase": [0, 0]}, {"target": [1, 0], "pattern": {"dx": 0, "dy": 0, "width": 4, "height": 1, "positive": "MA==", "mask": "8A=="}, "pattern_translation_multiple": [4, 1], "target_translation_multiple": [2, 1], "level": 3, "array_name": "DC''", "phase": [1, 0]}, {"target": [0, 0], "pattern": {"dx": 0, "dy": 0, "width": 4, "height": 1, "positive": "8A==", "mask": "8A=="}, "pattern_translation_multiple": [8, 1], "target_translation_multiple": [2, 1], "level": 2, "array_name": "DC'", "phase": [0, 0]}, {"target": [1, 0], "pattern": {"dx": 0, "dy": 0, "width": 8, "height": 1, "positive": "Dw==", "mask": "/w=="}, "pattern_translation_multiple": [8, 1], "target_translation_multiple": [2, 1], "level": 2, "array_name": "DC'", "phase": [1, 0]}, {"target": [0, 0], "pattern": {"dx": 0, "dy": 0, "width": 8, "height": 1, "positive": "/w==", "mask": "/w=="}, "pattern_translation_multiple": [8, 1], "target_translation_multiple": [2, 1], "level": 2, "array_name": "DC''", "phase": [0, 0]}, {"target": [1, 0], "pattern": {"dx": 0, "dy": 0, "width": 8, "height": 1, "positive": "Dw==", "mask": "/w=="}, "pattern_translation_multiple": [8, 1], "target_translation_multiple": [2, 1], "level": 2, "array_name": "DC''", "phase": [1, 0]}, {"target": [0, 0], "pattern": {"dx": 0, "dy": 0, "width": 8, "height": 1, "positive": "/w==", "mask": "/w=="}, "pattern_translation_multiple": [16, 1], "target_translation_multiple": [2, 1], "level": 1, "array_name": "DC'", "phase": [0, 0]}, {"target": [1, 0], "pattern": {"dx": 0, "dy": 0, "width": 16, "height": 1, "positive": "AP8=", "mask": "//8="}, "pattern_translation_multiple": [16, 1], "target_translation_multiple": [2, 1], "level": 1, "array_name": "DC'", "phase": [1, 0]}, {"target": [0, 0], "pattern": {"dx": 0, "dy": 0, "width": 16, "height": 1, "positive": "//8=", "mask": "//8="}, "pattern_translation_multiple": [16, 1], "target_translation_multiple": [2, 1], "level": 1, "array_name": "DC''", "phase": [0, 0]}, {"target": [1, 0], "pattern": {"dx": 0, "dy": 0, "width": 16, "height": 1, "positive": "AP8=", "mask": "//8="}, "pattern_translation_multiple": [16, 1], "target_translation_multiple": [2, 1], "level": 1, "array_name": "DC''", "phase": [1, 0]}], "synthesis_test_patterns": [{"target": [0, 0], "pattern": {"dx": 0, "dy": 0, "width": 16, "height": 1, "positive": "//8=", "mask": "//8="}, "pattern_translation_multiple": [16, 1], "target_translation_multiple": [1, 1], "level": 1, "array_name": "L", "phase": [0, 0]}, {"target": [0, 0], "pattern": {"dx": 0, "dy": 0, "width": 16, "height": 1, "positive": "AP8=", "mask": "//8="}, "pattern_translation_multiple": [16, 1], "target_translation_multiple": [1, 1], "level": 1, "array_name": "H", "phase": [0, 0]}, {"target": [0, 0], "pattern": {"dx": 0, "dy": 0, "width": 16, "height": 1, "positive": "//8=", "mask": "//8="}, "pattern_translation_multiple": [16, 1], "target_translation_multiple": [2, 1], "level": 1, "array_name": "DC'", "phase": [0, 0]}, {"target": [1, 0], "pattern": {"dx": 0, "dy": 0, "width": 16, "height": 1, "positive": "AP8=", "mask": "//8="}, "pattern_translation_multiple": [16, 1], "target_translation_multiple": [2, 1], "level": 1, "array_name": "DC'", "phase": [1, 0]}, {"target": [0, 0], "pattern": {"dx": 0, "dy": 0, "width": 16, "height": 1, "positive": "//8=", "mask": "//8="}, "pattern_translation_multiple": [16, 1], "target_translation_multiple": [2, 1], "level": 1, "array_name": "DC", "phase": [0, 0]}, {"target": [1, 0], "pattern": {"dx": 0, "dy": 0, "width": 16, "height": 1, "positive": "//8=", "mask": "//8="}, "pattern_translation_multiple": [16, 1], "target_translation_multiple": [2, 1], "level": 1, "array_name": "DC", "phase": [1, 0]}, {"target": [0, 0], "pattern": {"dx": 0, "dy": 0, "width": 8, "height": 1, "positive": "Dw==", "mask": "/w=="}, "pattern_translation_multiple": [8, 1], "target_translation_multiple": [1, 1], "level": 2, "array_name": "H", "phase": [0, 0]}, {"target": [0, 0], "pattern": {"dx": 0, "dy": 0, "width": 16, "height": 1, "positive": "//8=", "mask": "//8="}, "pattern_translation_multiple": [16, 1], "target_translation_multiple": [4, 1], "level": 2, "array_name": "DC'", "phase": [0, 0]}, {"target": [1, 0], "pattern": {"dx": 0, "dy": 0, "width": 8, "height": 1, "positive": "Dw==", "mask": "/w=="}, "pattern_translation_multiple": [16, 1], "target_translation_multiple": [4, 1], "level": 2, "array_name": "DC'", "phase": [1, 0]}, {"target": [2, 0], "pattern": {"dx": 0, "dy": 0, "width": 16, "height": 1, "positive": "//8=", "mask": "//8="}, "pattern_translation_multiple": [16, 1], "target_translation_multiple": [4, 1], "level": 2, "array_name": "DC'", "phase": [2, 0]}, {"target": [3, 0], "pattern": {"dx": 8, "dy": 0, "width": 8, "height": 1, "positive": "Dw==", "mask": "/w=="}, "pattern_translation_multiple": [16, 1], "target_translation_multiple": [4, 1], "level": 2, "array_name": "DC'", "phase": [3, 0]}, {"target": [0, 0], "pattern": {"dx": 0, "dy": 0, "width": 16, "height": 1, "positive": "//8=", "mask": "//8="}, "pattern_translation_multiple": [16, 1], "target_translation_multiple": [4, 1], "level": 2, "array_name": "DC", "phase": [0, 0]}, {"target": [1, 0], "pattern": {"dx": 0, "dy": 0, "width": 16, "height": 1, "positive": "//8=", "mask": "//8="}, "pattern_translation_multiple": [16, 1], "target_translation_multiple": [4, 1], "level": 2, "array_name": "DC", "phase": [1, 0]}, {"target": [2, 0], "pattern": {"dx": 0, "dy": 0, "width": 16, "height": 1, "positive": "//8=", "mask": "//8="}, "pattern_translation_multiple": [16, 1], "target_translation_multiple": [4, 1], "level": 2, "array_name": "DC", "phase": [2, 0]}, {"target": [3, 0], "pattern": {"dx": 0, "dy": 0, "width": 16, "height": 1, "positive": "//8=", "mask": "//8="}, "pattern_translation_multiple": [16, 1], "target_translation_multiple": [4, 1], "level": 2, "array_name": "DC", "phase": [3, 0]}, {"target": [0, 0], "pattern": {"dx": 0, "dy": 0, "width": 4, "height": 1, "positive": "MA==", "mask": "8A=="}, "pattern_translation_multiple": [4, 1], "target_translation_multiple": [1, 1], "level": 3, "array_name": "H", "phase": [0, 0]}, {"target": [0, 0], "pattern": {"dx": 0, "dy": 0, "width": 16, "height": 1, "positive": "//8=", "mask": "//8="}, "pattern_translation_multiple": [16, 1], "target_translation_multiple": [8, 1], "level": 3, "array_name": "DC'", "phase": [0, 0]}, {"target": [1, 0], "pattern": {"dx": 0, "dy": 0, "width": 4, "height": 1, "positive": "MA==", "mask": "8A=="}, "pattern_translation_multiple": [16, 1], "target_translation_multiple": [8, 1], "level": 3, "array_name": "DC'", "phase": [1, 0]}, {"target": [2, 0], "pattern": {"dx": 0, "dy": 0, "width": 16, "height": 1, "positive": "//8=", "mask": "//8="}, "pattern_translation_multiple": [16, 1], "target_translation_multiple": [8, 1], "level": 3, "array_name": "DC'", "phase": [2, 0]}, {"target": [3, 0], "pattern": {"dx": 4, "dy": 0, "width": 4, "height": 1, "positive": "MA==", "mask": "8A=="}, "pattern_translation_multiple": [16, 1], "target_translation_multiple": [8, 1], "level": 3, "array_name": "DC'", "phase": [3, 0]}, {"target": [4, 0], "pattern": {"dx": 0, "dy": 0, "width": 16, "height": 1, "positive": "//8=", "mask": "//8="}, "pattern_translation_multiple": [16, 1], "target_translation_multiple": [8, 1], "level": 3, "array_name": "DC'", "phase": [4, 0]}, {"target": [5, 0], "pattern": {"dx": 8, "dy": 0, "width": 4, "height": 1, "positive": "MA==", "mask": "8A=="}, "pattern_translation_multiple": [16, 1], "target_translation_multiple": [8, 1], "level": 3, "array_name": "DC'", "phase": [5, 0]}, {"target": [6, 0], "pattern": {"dx": 0, "dy": 0, "width": 16, "height": 1, "positive": "//8=", "mask": "//8="}, "pattern_translation_multiple": [16, 1], "target_translation_multiple": [8, 1], "level": 3, "array_name": "DC'", "phase": [6, 0]}, {"target": [7, 0], "pattern": {"dx": 12, "dy": 0, "width": 4, "height": 1, "positive": "MA==", "mask": "8A=="}, "pattern_translation_multiple": [16, 1], "target_translation_multiple": [8, 1], "level": 3, "array_name": "DC'", "phase": [7, 0]}, {"target": [0, 0], "pattern": {"dx": 0, "dy": 0, "width": 16, "height": 1, "positive": "//8=", "mask": "//8="}, "pattern_translation_multiple": [16, 1], "target_translation_multiple": [8, 1], "level": 3, "array_name": "DC", "phase": [0, 0]}, {"target": [1, 0], "pattern": {"dx": 0, "dy": 0, "width": 16, "height": 1, "positive": "//8=", "mask": "//8="}, "pattern_translation_multiple": [16, 1], "target_translation_multiple": [8, 1], "level": 3, "array_name": "DC", "phase": [1, 0]}, {"target": [2, 0], "pattern": {"dx": 0, "dy": 0, "width": 16, "height": 1, "positive": "//8=", "mask": "//8="}, "pattern_translation_multiple": [16, 1], "target_translation_multiple": [8, 1], "level": 3, "array_name": "DC", "phase": [2, 0]}, {"target": [3, 0], "pattern": {"dx": 0, "dy": 0, "width": 16, "height": 1, "positive": "//8=", "mask": "//8="}, "pattern_translation_multiple": [16, 1], "target_translation_multiple": [8, 1], "level": 3, "array_name": "DC", "phase": [3, 0]}, {"target": [4, 0], "pattern": {"dx": 0, "dy": 0, "width": 16, "height": 1, "positive": "//8=", "mask": "//8="}, "pattern_translation_multiple": [16, 1], "target_translation_multiple": [8, 1], "level": 3, "array_name": "DC", "phase": [4, 0]}, {"target": [5, 0], "pattern": {"dx": 0, "dy": 0, "width": 16, "height": 1, "positive": "//8=", "mask": "//8="}, "pattern_translation_multiple": [16, 1], "target_translation_multiple": [8, 1], "level": 3, "array_name": "DC", "phase": [5, 0]}, {"target": [6, 0], "pattern": {"dx": 0, "dy": 0, "width": 16, "height": 1, "positive": "//8=", "mask": "//8="}, "pattern_translation_multiple": [16, 1], "target_translation_multiple": [8, 1], "level": 3, "array_name": "DC", "phase": [6, 0]}, {"target": [7, 0], "pattern": {"dx": 0, "dy": 0, "width": 16, "height": 1, "positive": "//8=", "mask": "//8="}, "pattern_translation_multiple": [16, 1], "target_translation_multiple": [8, 1], "level": 3, "array_name": "DC", "phase": [7, 0]}, {"target": [0, 0], "pattern": {"dx": 0, "dy": 0, "width": 2, "height": 1, "positive": "QA==", "mask": "wA=="}, "pattern_translation_multiple": [2, 1], "target_translation_multiple": [1, 1], "level": 4, "array_name": "H", "phase": [0, 0]}, {"target": [0, 0], "pattern": {"dx": 0, "dy": 0, "width": 16, "height": 1, "positive": "//8=", "mask": "//8="}, "pattern_translation_multiple": [16, 1], "target_translation_multiple": [16, 1], "level": 4, "array_name": "DC'", "phase": [0, 0]}, {"target": [1, 0], "pattern": {"dx": 0, "dy": 0, "width": 2, "height": 1, "positive": "QA==", "mask": "wA=="}, "pattern_translation_multiple": [16, 1], "target_translation_multiple": [16, 1], "level": 4, "array_name": "DC'", "phase": [1, 0]}, {"target": [2, 0], "pattern": {"dx": 0, "dy": 0, "width": 16, "height": 1, "positive": "//8=", "mask": "//8="}, "pattern_translation_multiple": [16, 1], "target_translation_multiple": [16, 1], "level": 4, "array_name": "DC'", "phase": [2, 0]}, {"target": [3, 0], "pattern": {"dx": 2, "dy": 0, "width": 2, "height": 1, "positive": "QA==", "mask": "wA=="}, "pattern_translation_multiple": [16, 1], "target_translation_multiple": [16, 1], "level": 4, "array_name": "DC'", "phase": [3, 0]}, {"target": [4, 0], "pattern": {"dx": 0, "dy": 0, "width": 16, "height": 1, "positive": "//8=", "mask": "//8="}, "pattern_translation_multiple": [16, 1], "target_translation_multiple": [16, 1], "level": 4, "array_name": "DC'", "phase": [4, 0]}, {"target": [5, 0], "pattern": {"dx": 4, "dy": 0, "width": 2, "height": 1, "positive": "QA==", "mask": "wA=="}, "pattern_translation_multiple": [16, 1], "target_translation_multiple": [16, 1], "level": 4, "array_name": "DC'", "phase": [5, 0]}, {"target": [6, 0], "pattern": {"dx": 0, "dy": 0, "width": 16, "height": 1, "positive": "//8=", "mask": "//8="}, "pattern_translation_multiple": [16, 1], "target_translation_multiple": [16, 1], "level": 4, "array_name": "DC'", "phase": [6, 0]}, {"target": [7, 0], "pattern": {"dx": 6, "dy": 0, "width": 2, "height": 1, "positive": "QA==", "mask": "wA=="}, "pattern_translation_multiple": [16, 1], "target_translation_multiple": [16, 1], "level": 4, "array_name": "DC'", "phase": [7, 0]}, {"target": [8, 0], "pattern": {"dx": 0, "dy": 0, "width": 16, "height": 1, "positive": "//8=", "mask": "//8="}, "pattern_translation_multiple": [16, 1], "target_translation_multiple": [16, 1], "level": 4, "array_name": "DC'", "phase": [8, 0]}, {"target": [9, 0], "pattern": {"dx": 8, "dy": 0, "width": 2, "height": 1, "positive": "QA==", "mask": "wA=="}, "pattern_translation_multiple": [16, 1], "target_translation_multiple": [16, 1], "level": 4, "array_name": "DC'", "phase": [9, 0]}, {"target": [10, 0], "pattern": {"dx": 0, "dy": 0, "width": 16, "height": 1, "positive": "//8=", "mask": "//8="}, "pattern_translation_multiple": [16, 1], "target_translation_multiple": [16, 1], "level": 4, "array_name": "DC'", "phase": [10, 0]}, {"target": [11, 0], "pattern": {"dx": 10, "dy": 0, "width": 2, "height": 1, "positive": "QA==", "mask": "wA=="}, "pattern_translation_multiple": [16, 1], "target_translation_multiple": [16, 1], "level": 4, "array_name": "DC'", "phase": [11, 0]}, {"target": [12, 0], "pattern": {"dx": 0, "dy": 0, "width": 16, "height": 1, "positive": "//8=", "mask": "//8="}, "pattern_translation_multiple": [16, 1], "target_translation_multiple": [16, 1], "level": 4, "array_name": "DC'", "phase": [12, 0]}, {"target": [13, 0], "pattern": {"dx": 12, "dy": 0, "width": 2, "height": 1, "positive": "QA==", "mask": "wA=="}, "pattern_translation_multiple": [16, 1], "target_translation_multiple": [16, 1], "level": 4, "array_name": "DC'", "phase": [13, 0]}, {"target": [14, 0], "pattern": {"dx": 0, "dy": 0, "width": 16, "height": 1, "positive": "//8=", "mask": "//8="}, "pattern_translation_multiple": [16, 1], "target_translation_multiple": [16, 1], "level": 4, "array_name": "DC'", "phase": [14, 0]}, {"target": [15, 0], "pattern": {"dx": 14, "dy": 0, "width": 2, "height": 1, "positive": "QA==", "mask": "wA=="}, "pattern_translation_multiple": [16, 1], "target_translation_multiple": [16, 1], "level": 4, "array_name": "DC'", "phase": [15, 0]}, {"target": [0, 0], "pattern": {"dx": 0, "dy": 0, "width": 16, "height": 1, "positive": "//8=", "mask": "//8="}, "pattern_translation_multiple": [16, 1], "target_translation_multiple": [16, 1], "level": 4, "array_name": "DC", "phase": [0, 0]}, {"target": [1, 0], "pattern": {"dx": 0, "dy": 0, "width": 16, "height": 1, "positive": "//8=", "mask": "//8="}, "pattern_translation_multiple": [16, 1], "target_translation_multiple": [16, 1], "level": 4, "array_name": "DC", "phase": [1, 0]}, {"target": [2, 0], "pattern": {"dx": 0, "dy": 0, "width": 16, "height": 1, "positive": "//8=", "mask": "//8="}, "pattern_translation_multiple": [16, 1], "target_translation_multiple": [16, 1], "level": 4, "array_name": "DC", "phase": [2, 0]}, {"target": [3, 0], "pattern": {"dx": 0, "dy": 0, "width": 16, "height": 1, "positive": "//8=", "mask": "//8="}, "pattern_translation_multiple": [16, 1], "target_translation_multiple": [16, 1], "level": 4, "array_name": "DC", "phase": [3, 0]}, {"target": [4, 0], "pattern": {"dx": 0, "dy": 0, "width": 16, "height": 1, "positive": "//8=", "mask": "//8="}, "pattern_translation_multiple": [16, 1], "target_translation_multiple": [16, 1], "level": 4, "array_name": "DC", "phase": [4, 0]}, {"target": [5, 0], "pattern": {"dx": 0, "dy": 0, "width": 16, "height": 1, "positive": "//8=", "mask": "//8="}, "pattern_translation_multiple": [16, 1], "target_translation_multiple": [16, 1], "level": 4, "array_name": "DC", "phase": [5, 0]}, {"target": [6, 0], "pattern": {"dx": 0, "dy": 0, "width": 16, "height": 1, "positive": "//8=", "mask": "//8="}, "pattern_translation_multiple": [16, 1], "target_translation_multiple": [16, 1], "level": 4, "array_name": "DC", "phase": [6, 0]}, {"target": [7, 0], "pattern": {"dx": 0, "dy": 0, "width": 16, "height": 1, "positive": "//8=", "mask": "//8="}, "pattern_translation_multiple": [16, 1], "target_translation_multiple": [16, 1], "level": 4, "array_name": "DC", "phase": [7, 0]}, {"target": [8, 0], "pattern": {"dx": 0, "dy": 0, "width": 16, "height": 1, "positive": "//8=", "mask": "//8="}, "pattern_translation_multiple": [16, 1], "target_translation_multiple": [16, 1], "level": 4, "array_name": "DC", "phase": [8, 0]}, {"target": [9, 0], "pattern": {"dx": 0, "dy": 0, "width": 16, "height": 1, "positive": "//8=", "mask": "//8="}, "pattern_translation_multiple": [16, 1], "target_translation_multiple": [16, 1], "level": 4, "array_name": "DC", "phase": [9, 0]}, {"target": [10, 0], "pattern": {"dx": 0, "dy": 0, "width": 16, "height": 1, "positive": "//8=", "mask": "//8="}, "pattern_translation_multiple": [16, 1], "target_translation_multiple": [16, 1], "level": 4, "array_name": "DC", "phase": [10, 0]}, {"target": [11, 0], "pattern": {"dx": 0, "dy": 0, "width": 16, "height": 1, "positive": "//8=", "mask": "//8="}, "pattern_translation_multiple": [16, 1], "target_translation_multiple": [16, 1], "level": 4, "array_name": "DC", "phase": [11, 0]}, {"target": [12, 0], "pattern": {"dx": 0, "dy": 0, "width": 16, "height": 1, "positive": "//8=", "mask": "//8="}, "pattern_translation_multiple": [16, 1], "target_translation_multiple": [16, 1], "level": 4, "array_name": "DC", "phase": [12, 0]}, {"target": [13, 0], "pattern": {"dx": 0, "dy": 0, "width": 16, "height": 1, "positive": "//8=", "mask": "//8="}, "pattern_translation_multiple": [16, 1], "target_translation_multiple": [16, 1], "level": 4, "array_name": "DC", "phase": [13, 0]}, {"target": [14, 0], "pattern": {"dx": 0, "dy": 0, "width": 16, "height": 1, "positive": "//8=", "mask": "//8="}, "pattern_translation_multiple": [16, 1], "target_translation_multiple": [16, 1], "level": 4, "array_name": "DC", "phase": [14, 0]}, {"target": [15, 0], "pattern": {"dx": 0, "dy": 0, "width": 16, "height": 1, "positive": "//8=", "mask": "//8="}, "pattern_translation_multiple": [16, 1], "target_translation_multiple": [16, 1], "level": 4, "array_name": "DC", "phase": [15, 0]}]}