{"wavelet_index": 2, "wavelet_index_ho": 2, "dwt_depth": 1, "dwt_depth_ho": 0, "analysis_signal_bounds": [{"lower_bound": [{"symbol": "signal_min", "numer": "1", "denom": "1"}], "upper_bound": [{"symbol": "signal_max", "numer": "1", "denom": "1"}], "level": 1, "array_name": "Input", "phase": [0, 0]}, {"lower_bound": [{"symbol": "signal_min", "numer": "2", "denom": "1"}], "upper_bound": [{"symbol": "signal_max", "numer": "2", "denom": "1"}], "level": 1, "array_name": "DC", "phase": [0, 0]}, {"lower_bound": [{"symbol": "signal_min", "numer": "2", "denom": "1"}], "upper_bound": [{"symbol": "signal_max", "numer": "2", "denom": "1"}], "level": 1, "array_name": "DC'", "phase": [0, 0]}, {"lower_bound": [{"symbol": "signal_min", "numer": "9", "denom": "4"}, {"symbol": "signal_max", "numer": "-9", "denom": "4"}, {"symbol": null, "numer": "-1", "denom": "2"}], "upper_bound": [{"symbol": "signal_max", "numer": "9", "denom": "4"}, {"symbol": "signal_min", "numer": "-9", "denom": "4"}, {"symbol": null, "numer": "1", "denom": "2"}], "level": 1, "array_name": "DC'", "phase": [1, 0]}, {"lower_bound": [{"symbol": "signal_min", "numer": "21", "denom": "8"}, {"symbol": "signal_max", "numer": "-5", "denom": "8"}, {"symbol": null, "numer": "-13", "denom": "16"}], "upper_bound": [{"symbol": "signal_max", "numer": "21", "denom": "8"}, {"symbol": "signal_min", "numer": "-5", "denom": "8"}, {"symbol": null, "numer": "13", "denom": "16"}], "level": 1, "array_name": "DC''", "phase": [0, 0]}, {"lower_bound": [{"symbol": "signal_min", "numer": "9", "denom": "4"}, {"symbol": "signal_max", "numer": "-9", "denom": "4"}, {"symbol": null, "numer": "-1", "denom": "2"}], "upper_bound": [{"symbol": "signal_max", "numer": "9", "denom": "4"}, {"symbol": "signal_min", "numer": "-9", "denom": "4"}, {"symbol": null, "numer": "1", "denom": "2"}], "level": 1, "array_name": "DC''", "phase": [1, 0]}, {"lower_bound": [{"symbol": "signal_min", "numer": "21", "denom": "8"}, {"symbol": "signal_max", "numer": "-5", "denom": "8"}, {"symbol": null, "numer": "-13", "denom": "16"}], "upper_bound": [{"symbol": "signal_max", "numer": "21", "denom": "8"}, {"symbol": "signal_min", "numer": "-5", "denom": "8"}, {"symbol": null, "numer": "13", "denom": "16"}], "level": 1, "array_name": "L'", "phase": [0, 0]}, {"lower_bound": [{"symbol": "signal_min", "numer": "117", "denom": "32"}, {"symbol": "signal_max", "numer": "-117", "denom": "32"}, {"symbol": null, "numer": "-149", "denom": "64"}], "upper_bound": [{"symbol": "signal_max", "numer": "117", "denom": "32"}, {"symbol": "signal_min", "numer": "-117", "denom": "32"}, {"symbol": null, "numer": "149", "denom": "64"}], "level": 1, "array_name": "L'", "phase": [0, 1]}, {"lower_bound": [{"symbol": "signal_min", "numer": "9", "denom": "4"}, {"symbol": "signal_max", "numer": "-9", "denom": "4"}, {"symbol": null, "numer": "-1", "denom": "2"}], "upper_bound": [{"symbol": "signal_max", "numer": "9", "denom": "4"}, {"symbol": "signal_min", "numer": "-9", "denom": "4"}, {"symbol": null, "numer": "1", "denom": "2"}], "level": 1, "array_name": "H'", "phase": [0, 0]}, {"lower_bound": [{"symbol": "signal_min", "numer": "81", "denom": "16"}, {"symbol": "signal_max", "numer": "-81", "denom": "16"}, {"symbol": null, "numer": "-13", "denom": "8"}], "upper_bound": [{"symbol": "signal_max", "numer": "81", "denom": "16"}, {"symbol": "signal_min", "numer": "-81", "denom": "16"}, {"symbol": null, "numer": "13", "denom": "8"}], "level": 1, "array_name": "H'", "phase": [0, 1]}, {"lower_bound": [{"symbol": "signal_min", "numer": "233", "denom": "64"}, {"symbol": "signal_max", "numer": "-105", "denom": "64"}, {"symbol": null, "numer": "-273", "denom": "128"}], "upper_bound": [{"symbol": "signal_max", "numer": "233", "denom": "64"}, {"symbol": "signal_min", "numer": "-105", "denom": "64"}, {"symbol": null, "numer": "273", "denom": "128"}], "level": 1, "array_name": "L''", "phase": [0, 0]}, {"lower_bound": [{"symbol": "signal_min", "numer": "117", "denom": "32"}, {"symbol": "signal_max", "numer": "-117", "denom": "32"}, {"symbol": null, "numer": "-149", "denom": "64"}], "upper_bound": [{"symbol": "signal_max", "numer": "117", "denom": "32"}, {"symbol": "signal_min", "numer": "-117", "denom": "32"}, {"symbol": null, "numer": "149", "denom": "64"}], "level": 1, "array_name": "L''", "phase": [0, 1]}, {"lower_bound": [{"symbol": "signal_min", "numer": "117", "denom": "32"}, {"symbol": "signal_max", "numer": "-117", "denom": "32"}, {"symbol": null, "numer": "-13", "denom": "8"}], "upper_bound": [{"symbol": "signal_max", "numer": "117", "denom": "32"}, {"symbol": "signal_min", "numer": "-117", "denom": "32"}, {"symbol": null, "numer": "13", "denom": "8"}], "level": 1, "array_name": "H''", "phase": [0, 0]}, {"lower_bound": [{"symbol": "signal_min", "numer": "81", "denom": "16"}, {"symbol": "signal_max", "numer": "-81", "denom": "16"}, {"symbol": null, "numer": "-13", "denom": "8"}], "upper_bound": [{"symbol": "signal_max", "numer": "81", "denom": "16"}, {"symbol": "signal_min", "numer": "-81", "denom": "16"}, {"symbol": null, "numer": "13", "denom": "8"}], "level": 1, "array_name": "H''", "phase": [0, 1]}], "synthesis_signal_bounds": [{"lower_bound": [{"symbol": "coeff_0_LL_min", "numer": "1", "denom": "1"}], "upper_bound": [{"symbol": "coeff_0_LL_max", "numer": "1", "denom": "1"}], "level": 1, "array_name": "LL", "phase": [0, 0]}, {"lower_bound": [{"symbol": "coeff_1_LH_min", "numer": "1", "denom": "1"}], "upper_bound": [{"symbol": "coeff_1_LH_max", "numer": "1", "denom": "1"}], "level": 1, "array_name": "LH", "phase": [0, 0]}, {"lower_bound": [{"symbol": "coeff_1_HL_min", "numer": "1", "denom": "1"}], "upper_bound": [{"symbol": "coeff_1_HL_max", "numer": "1", "denom": "1"}], "level": 1, "array_name": "HL", "phase": [0, 0]}, {"lower_bound": [{"symbol": "coeff_1_HH_min", "numer": "1", "denom": "1"}], "upper_bound": [{"symbol": "coeff_1_HH_max", "numer": "1", "denom": "1"}], "level": 1, "array_name": "HH", "phase": [0, 0]}, {"lower_bound": [{"symbol": "coeff_0_LL_min", "numer": "1", "denom": "1"}, {"symbol": "coeff_1_LH_min", "numer": "1", "denom": "16"}, {"symbol": "coeff_1_LH_max", "numer": "-9", "denom": "16"}, {"symbol": null, "numer": "-1", "denom": "2"}], "upper_bound": [{"symbol": "coeff_0_LL_max", "numer": "1", "denom": "1"}, {"symbol": "coeff_1_LH_max", "numer": "1", "denom": "16"}, {"symbol": "coeff_1_LH_min", "numer": "-9", "denom": "16"}, {"symbol": null, "numer": "1", "denom": "2"}], "level": 1, "array_name": "L'", "phase": [0, 0]}, {"lower_bound": [{"symbol": "coeff_1_LH_min", "numer": "1", "denom": "1"}], "upper_bound": [{"symbol": "coeff_1_LH_max", "numer": "1", "denom": "1"}], "level": 1, "array_name": "L'", "phase": [0, 1]}, {"lower_bound": [{"symbol": "coeff_1_HL_min", "numer": "1", "denom": "1"}, {"symbol": "coeff_1_HH_min", "numer": "1", "denom": "16"}, {"symbol": "coeff_1_HH_max", "numer": "-9", "denom": "16"}, {"symbol": null, "numer": "-1", "denom": "2"}], "upper_bound": [{"symbol": "coeff_1_HL_max", "numer": "1", "denom": "1"}, {"symbol": "coeff_1_HH_max", "numer": "1", "denom": "16"}, {"symbol": "coeff_1_HH_min", "numer": "-9", "denom": "16"}, {"symbol": null, "numer": "1", "denom": "2"}], "level": 1, "array_name": "H'", "phase": [0, 0]}, {"lower_bound": [{"symbol": "coeff_1_HH_min", "numer": "1", "denom": "1"}], "upper_bound": [{"symbol": "coeff_1_HH_max", "numer": "1", "denom": "1"}], "level": 1, "array_name": "H'", "phase": [0, 1]}, {"lower_bound": [{"symbol": "coeff_0_LL_min", "numer": "1", "denom": "1"}, {"symbol": "coeff_1_LH_min", "numer": "1", "denom": "16"}, {"symbol": "coeff_1_LH_max", "numer": "-9", "denom": "16"}, {"symbol": null, "numer": "-1", "denom": "2"}], "upper_bound": [{"symbol": "coeff_0_LL_max", "numer": "1", "denom": "1"}, {"symbol": "coeff_1_LH_max", "numer": "1", "denom": "16"}, {"symbol": "coeff_1_LH_min", "numer": "-9", "denom": "16"}, {"symbol": null, "numer": "1", "denom": "2"}], "level": 1, "array_name": "L", "phase": [0, 0]}, {"lower_bound": [{"symbol": "coeff_1_LH_min", "numer": "3", "denom": "4"}, {"symbol": "coeff_0_LL_max", "numer": "-1", "denom": "8"}, {"symbol": "coeff_1_LH_max", "numer": "-1", "denom": "4"}, {"symbol": null, "numer": "-9", "denom": "8"}, {"symbol": "coeff_0_LL_min", "numer": "9", "denom": "8"}], "upper_bound": [{"symbol": "coeff_1_LH_max", "numer": "3", "denom": "4"}, {"symbol": "coeff_0_LL_min", "numer": "-1", "denom": "8"}, {"symbol": "coeff_1_LH_min", "numer": "-1", "denom": "4"}, {"symbol": null, "numer": "9", "denom": "8"}, {"symbol": "coeff_0_LL_max", "numer": "9", "denom": "8"}], "level": 1, "array_name": "L", "phase": [0, 1]}, {"lower_bound": [{"symbol": "coeff_1_HL_min", "numer": "1", "denom": "1"}, {"symbol": "coeff_1_HH_min", "numer": "1", "denom": "16"}, {"symbol": "coeff_1_HH_max", "numer": "-9", "denom": "16"}, {"symbol": null, "numer": "-1", "denom": "2"}], "upper_bound": [{"symbol": "coeff_1_HL_max", "numer": "1", "denom": "1"}, {"symbol": "coeff_1_HH_max", "numer": "1", "denom": "16"}, {"symbol": "coeff_1_HH_min", "numer": "-9", "denom": "16"}, {"symbol": null, "numer": "1", "denom": "2"}], "level": 1, "array_name": "H", "phase": [0, 0]}, {"lower_bound": [{"symbol": "coeff_1_HH_min", "numer": "3", "denom": "4"}, {"symbol": "coeff_1_HL_max", "numer": "-1", "denom": "8"}, {"symbol": "coeff_1_HH_max", "numer": "-1", "denom": "4"}, {"symbol": null, "numer": "-9", "denom": "8"}, {"symbol": "coeff_1_HL_min", "numer": "9", "denom": "8"}], "upper_bound": [{"symbol": "coeff_1_HH_max", "numer": "3", "denom": "4"}, {"symbol": "coeff_1_HL_min", "numer": "-1", "denom": "8"}, {"symbol": "coeff_1_HH_min", "numer": "-1", "denom": "4"}, {"symbol": null, "numer": "9", "denom": "8"}, {"symbol": "coeff_1_HL_max", "numer": "9", "denom": "8"}], "level": 1, "array_name": "H", "phase": [0, 1]}, {"lower_bound": [{"symbol": "coeff_0_LL_min", "numer": "1", "denom": "1"}, {"symbol": "coeff_1_LH_min", "numer": "1", "denom": "16"}, {"symbol": "coeff_1_LH_max", "numer": "-9", "denom": "16"}, {"symbol": null, "numer": "-21", "denom": "16"}, {"symbol": "coeff_1_HL_min", "numer": "1", "denom": "16"}, {"symbol": "coeff_1_HH_min", "numer": "41", "denom": "128"}, {"symbol": "coeff_1_HH_max", "numer": "-9", "denom": "128"}, {"symbol": "coeff_1_HL_max", "numer": "-9", "denom": "16"}], "upper_bound": [{"symbol": "coeff_0_LL_max", "numer": "1", "denom": "1"}, {"symbol": "coeff_1_LH_max", "numer": "1", "denom": "16"}, {"symbol": "coeff_1_LH_min", "numer": "-9", "denom": "16"}, {"symbol": null, "numer": "21", "denom": "16"}, {"symbol": "coeff_1_HL_max", "numer": "1", "denom": "16"}, {"symbol": "coeff_1_HH_max", "numer": "41", "denom": "128"}, {"symbol": "coeff_1_HH_min", "numer": "-9", "denom": "128"}, {"symbol": "coeff_1_HL_min", "numer": "-9", "denom": "16"}], "level": 1, "array_name": "DC'", "phase": [0, 0]}, {"lower_bound": [{"symbol": "coeff_1_LH_min", "numer": "3", "denom": "4"}, {"symbol": "coeff_0_LL_max", "numer": "-1", "denom": "8"}, {"symbol": "coeff_1_LH_max", "numer": "-1", "denom": "4"}, {"symbol": null, "numer": "-149", "denom": "64"}, {"symbol": "coeff_0_LL_min", "numer": "9", "denom": "8"}, {"symbol": "coeff_1_HH_min", "numer": "3", "denom": "16"}, {"symbol": "coeff_1_HL_max", "numer": "-41", "denom": "64"}, {"symbol": "coeff_1_HH_max", "numer": "-7", "denom": "16"}, {"symbol": "coeff_1_HL_min", "numer": "9", "denom": "64"}], "upper_bound": [{"symbol": "coeff_1_LH_max", "numer": "3", "denom": "4"}, {"symbol": "coeff_0_LL_min", "numer": "-1", "denom": "8"}, {"symbol": "coeff_1_LH_min", "numer": "-1", "denom": "4"}, {"symbol": null, "numer": "149", "denom": "64"}, {"symbol": "coeff_0_LL_max", "numer": "9", "denom": "8"}, {"symbol": "coeff_1_HH_max", "numer": "3", "denom": "16"}, {"symbol": "coeff_1_HL_min", "numer": "-41", "denom": "64"}, {"symbol": "coeff_1_HH_min", "numer": "-7", "denom": "16"}, {"symbol": "coeff_1_HL_max", "numer": "9", "denom": "64"}], "level": 1, "array_name": "DC'", "phase": [0, 1]}, {"lower_bound": [{"symbol": "coeff_1_HL_min", "numer": "1", "denom": "1"}, {"symbol": "coeff_1_HH_min", "numer": "1", "denom": "16"}, {"symbol": "coeff_1_HH_max", "numer": "-9", "denom": "16"}, {"symbol": null, "numer": "-1", "denom": "2"}], "upper_bound": [{"symbol": "coeff_1_HL_max", "numer": "1", "denom": "1"}, {"symbol": "coeff_1_HH_max", "numer": "1", "denom": "16"}, {"symbol": "coeff_1_HH_min", "numer": "-9", "denom": "16"}, {"symbol": null, "numer": "1", "denom": "2"}], "level": 1, "array_name": "DC'", "phase": [1, 0]}, {"lower_bound": [{"symbol": "coeff_1_HH_min", "numer": "3", "denom": "4"}, {"symbol": "coeff_1_HL_max", "numer": "-1", "denom": "8"}, {"symbol": "coeff_1_HH_max", "numer": "-1", "denom": "4"}, {"symbol": null, "numer": "-9", "denom": "8"}, {"symbol": "coeff_1_HL_min", "numer": "9", "denom": "8"}], "upper_bound": [{"symbol": "coeff_1_HH_max", "numer": "3", "denom": "4"}, {"symbol": "coeff_1_HL_min", "numer": "-1", "denom": "8"}, {"symbol": "coeff_1_HH_min", "numer": "-1", "denom": "4"}, {"symbol": null, "numer": "9", "denom": "8"}, {"symbol": "coeff_1_HL_max", "numer": "9", "denom": "8"}], "level": 1, "array_name": "DC'", "phase": [1, 1]}, {"lower_bound": [{"symbol": "coeff_0_LL_min", "numer": "1", "denom": "1"}, {"symbol": "coeff_1_LH_min", "numer": "1", "denom": "16"}, {"symbol": "coeff_1_LH_max", "numer": "-9", "denom": "16"}, {"symbol": null, "numer": "-21", "denom": "16"}, {"symbol": "coeff_1_HL_min", "numer": "1", "denom": "16"}, {"symbol": "coeff_1_HH_min", "numer": "41", "denom": "128"}, {"symbol": "coeff_1_HH_max", "numer": "-9", "denom": "128"}, {"symbol": "coeff_1_HL_max", "numer": "-9", "denom": "16"}], "upper_bound": [{"symbol": "coeff_0_LL_max", "numer": "1", "denom": "1"}, {"symbol": "coeff_1_LH_max", "numer": "1", "denom": "16"}, {"symbol": "coeff_1_LH_min", "numer": "-9", "denom": "16"}, {"symbol": null, "numer": "21", "denom": "16"}, {"symbol": "coeff_1_HL_max", "numer": "1", "denom": "16"}, {"symbol": "coeff_1_HH_max", "numer": "41", "denom": "128"}, {"symbol": "coeff_1_HH_min", "numer": "-9", "denom": "128"}, {"symbol": "coeff_1_HL_min", "numer": "-9", "denom": "16"}], "level": 1, "array_name": "DC", "phase": [0, 0]}, {"lower_bound": [{"symbol": "coeff_1_LH_min", "numer": "3", "denom": "4"}, {"symbol": "coeff_0_LL_max", "numer": "-1", "denom": "8"}, {"symbol": "coeff_1_LH_max", "numer": "-1", "denom": "4"}, {"symbol": null, "numer": "-149", "denom": "64"}, {"symbol": "coeff_0_LL_min", "numer": "9", "denom": "8"}, {"symbol": "coeff_1_HH_min", "numer": "3", "denom": "16"}, {"symbol": "coeff_1_HL_max", "numer": "-41", "denom": "64"}, {"symbol": "coeff_1_HH_max", "numer": "-7", "denom": "16"}, {"symbol": "coeff_1_HL_min", "numer": "9", "denom": "64"}], "upper_bound": [{"symbol": "coeff_1_LH_max", "numer": "3", "denom": "4"}, {"symbol": "coeff_0_LL_min", "numer": "-1", "denom": "8"}, {"symbol": "coeff_1_LH_min", "numer": "-1", "denom": "4"}, {"symbol": null, "numer": "149", "denom": "64"}, {"symbol": "coeff_0_LL_max", "numer": "9", "denom": "8"}, {"symbol": "coeff_1_HH_max", "numer": "3", "denom": "16"}, {"symbol": "coeff_1_HL_min", "numer": "-41", "denom": "64"}, {"symbol": "coeff_1_HH_min", "numer": "-7", "denom": "16"}, {"symbol": "coeff_1_HL_max", "numer": "9", "denom": "64"}], "level": 1, "array_name": "DC", "phase": [0, 1]}, {"lower_bound": [{"symbol": "coeff_1_HL_min", "numer": "3", "denom": "4"}, {"symbol": "coeff_1_HH_min", "numer": "3", "denom": "16"}, {"symbol": "coeff_1_HH_max", "numer": "-7", "denom": "16"}, {"symbol": null, "numer": "-9", "denom": "4"}, {"symbol": "coeff_0_LL_max", "numer": "-1", "denom": "8"}, {"symbol": "coeff_1_LH_max", "numer": "-41", "denom": "64"}, {"symbol": "coeff_1_LH_min", "numer": "9", "denom": "64"}, {"symbol": "coeff_1_HL_max", "numer": "-1", "denom": "4"}, {"symbol": "coeff_0_LL_min", "numer": "9", "denom": "8"}], "upper_bound": [{"symbol": "coeff_1_HL_max", "numer": "3", "denom": "4"}, {"symbol": "coeff_1_HH_max", "numer": "3", "denom": "16"}, {"symbol": "coeff_1_HH_min", "numer": "-7", "denom": "16"}, {"symbol": null, "numer": "9", "denom": "4"}, {"symbol": "coeff_0_LL_min", "numer": "-1", "denom": "8"}, {"symbol": "coeff_1_LH_min", "numer": "-41", "denom": "64"}, {"symbol": "coeff_1_LH_max", "numer": "9", "denom": "64"}, {"symbol": "coeff_1_HL_min", "numer": "-1", "denom": "4"}, {"symbol": "coeff_0_LL_max", "numer": "9", "denom": "8"}], "level": 1, "array_name": "DC", "phase": [1, 0]}, {"lower_bound": [{"symbol": "coeff_1_HH_min", "numer": "5", "denom": "8"}, {"symbol": "coeff_1_HL_max", "numer": "-3", "denom": "8"}, {"symbol": "coeff_1_HH_max", "numer": "-3", "denom": "8"}, {"symbol": null, "numer": "-117", "denom": "32"}, {"symbol": "coeff_1_HL_min", "numer": "7", "denom": "8"}, {"symbol": "coeff_1_LH_max", "numer": "-3", "denom": "8"}, {"symbol": "coeff_0_LL_min", "numer": "41", "denom": "32"}, {"symbol": "coeff_1_LH_min", "numer": "7", "denom": "8"}, {"symbol": "coeff_0_LL_max", "numer": "-9", "denom": "32"}], "upper_bound": [{"symbol": "coeff_1_HH_max", "numer": "5", "denom": "8"}, {"symbol": "coeff_1_HL_min", "numer": "-3", "denom": "8"}, {"symbol": "coeff_1_HH_min", "numer": "-3", "denom": "8"}, {"symbol": null, "numer": "117", "denom": "32"}, {"symbol": "coeff_1_HL_max", "numer": "7", "denom": "8"}, {"symbol": "coeff_1_LH_min", "numer": "-3", "denom": "8"}, {"symbol": "coeff_0_LL_max", "numer": "41", "denom": "32"}, {"symbol": "coeff_1_LH_max", "numer": "7", "denom": "8"}, {"symbol": "coeff_0_LL_min", "numer": "-9", "denom": "32"}], "level": 1, "array_name": "DC", "phase": [1, 1]}, {"lower_bound": [{"symbol": "coeff_0_LL_min", "numer": "1", "denom": "2"}, {"symbol": "coeff_1_LH_min", "numer": "1", "denom": "32"}, {"symbol": "coeff_1_LH_max", "numer": "-9", "denom": "32"}, {"symbol": null, "numer": "-37", "denom": "32"}, {"symbol": "coeff_1_HL_min", "numer": "1", "denom": "32"}, {"symbol": "coeff_1_HH_min", "numer": "41", "denom": "256"}, {"symbol": "coeff_1_HH_max", "numer": "-9", "denom": "256"}, {"symbol": "coeff_1_HL_max", "numer": "-9", "denom": "32"}], "upper_bound": [{"symbol": "coeff_0_LL_max", "numer": "1", "denom": "2"}, {"symbol": "coeff_1_LH_max", "numer": "1", "denom": "32"}, {"symbol": "coeff_1_LH_min", "numer": "-9", "denom": "32"}, {"symbol": null, "numer": "37", "denom": "32"}, {"symbol": "coeff_1_HL_max", "numer": "1", "denom": "32"}, {"symbol": "coeff_1_HH_max", "numer": "41", "denom": "256"}, {"symbol": "coeff_1_HH_min", "numer": "-9", "denom": "256"}, {"symbol": "coeff_1_HL_min", "numer": "-9", "denom": "32"}], "level": 1, "array_name": "Output", "phase": [0, 0]}, {"lower_bound": [{"symbol": "coeff_1_LH_min", "numer": "3", "denom": "8"}, {"symbol": "coeff_0_LL_max", "numer": "-1", "denom": "16"}, {"symbol": "coeff_1_LH_max", "numer": "-1", "denom": "8"}, {"symbol": null, "numer": "-213", "denom": "128"}, {"symbol": "coeff_0_LL_min", "numer": "9", "denom": "16"}, {"symbol": "coeff_1_HH_min", "numer": "3", "denom": "32"}, {"symbol": "coeff_1_HL_max", "numer": "-41", "denom": "128"}, {"symbol": "coeff_1_HH_max", "numer": "-7", "denom": "32"}, {"symbol": "coeff_1_HL_min", "numer": "9", "denom": "128"}], "upper_bound": [{"symbol": "coeff_1_LH_max", "numer": "3", "denom": "8"}, {"symbol": "coeff_0_LL_min", "numer": "-1", "denom": "16"}, {"symbol": "coeff_1_LH_min", "numer": "-1", "denom": "8"}, {"symbol": null, "numer": "213", "denom": "128"}, {"symbol": "coeff_0_LL_max", "numer": "9", "denom": "16"}, {"symbol": "coeff_1_HH_max", "numer": "3", "denom": "32"}, {"symbol": "coeff_1_HL_min", "numer": "-41", "denom": "128"}, {"symbol": "coeff_1_HH_min", "numer": "-7", "denom": "32"}, {"symbol": "coeff_1_HL_max", "numer": "9", "denom": "128"}], "level": 1, "array_name": "Output", "phase": [0, 1]}, {"lower_bound": [{"symbol": "coeff_1_HL_min", "numer": "3", "denom": "8"}, {"symbol": "coeff_1_HH_min", "numer": "3", "denom": "32"}, {"symbol": "coeff_1_HH_max", "numer": "-7", "denom": "32"}, {"symbol": null, "numer": "-13", "denom": "8"}, {"symbol": "coeff_0_LL_max", "numer": "-1", "denom": "16"}, {"symbol": "coeff_1_LH_max", "numer": "-41", "denom": "128"}, {"symbol": "coeff_1_LH_min", "numer": "9", "denom": "128"}, {"symbol": "coeff_1_HL_max", "numer": "-1", "denom": "8"}, {"symbol": "coeff_0_LL_min", "numer": "9", "denom": "16"}], "upper_bound": [{"symbol": "coeff_1_HL_max", "numer": "3", "denom": "8"}, {"symbol": "coeff_1_HH_max", "numer": "3", "denom": "32"}, {"symbol": "coeff_1_HH_min", "numer": "-7", "denom": "32"}, {"symbol": null, "numer": "13", "denom": "8"}, {"symbol": "coeff_0_LL_min", "numer": "-1", "denom": "16"}, {"symbol": "coeff_1_LH_min", "numer": "-41", "denom": "128"}, {"symbol": "coeff_1_LH_max", "numer": "9", "denom": "128"}, {"symbol": "coeff_1_HL_min", "numer": "-1", "denom": "8"}, {"symbol": "coeff_0_LL_max", "numer": "9", "denom": "16"}], "level": 1, "array_name": "Output", "phase": [1, 0]}, {"lower_bound": [{"symbol": "coeff_1_HH_min", "numer": "5", "denom": "16"}, {"symbol": "coeff_1_HL_max", "numer": "-3", "denom": "16"}, {"symbol": "coeff_1_HH_max", "numer": "-3", "denom": "16"}, {"symbol": null, "numer": "-149", "denom": "64"}, {"symbol": "coeff_1_HL_min", "numer": "7", "denom": "16"}, {"symbol": "coeff_1_LH_max", "numer": "-3", "denom": "16"}, {"symbol": "coeff_0_LL_min", "numer": "41", "denom": "64"}, {"symbol": "coeff_1_LH_min", "numer": "7", "denom": "16"}, {"symbol": "coeff_0_LL_max", "numer": "-9", "denom": "64"}], "upper_bound": [{"symbol": "coeff_1_HH_max", "numer": "5", "denom": "16"}, {"symbol": "coeff_1_HL_min", "numer": "-3", "denom": "16"}, {"symbol": "coeff_1_HH_min", "numer": "-3", "denom": "16"}, {"symbol": null, "numer": "149", "denom": "64"}, {"symbol": "coeff_1_HL_max", "numer": "7", "denom": "16"}, {"symbol": "coeff_1_LH_min", "numer": "-3", "denom": "16"}, {"symbol": "coeff_0_LL_max", "numer": "41", "denom": "64"}, {"symbol": "coeff_1_LH_max", "numer": "7", "denom": "16"}, {"symbol": "coeff_0_LL_min", "numer": "-9", "denom": "64"}], "level": 1, "array_name": "Output", "phase": [1, 1]}], "analysis_test_patterns": [{"target": [0, 0], "pattern": {"dx": 0, "dy": 0, "width": 1, "height": 1, "positive": "gA==", "mask": "gA=="}, "pattern_translation_multiple": [1, 1], "target_translation_multiple": [1, 1], "level": 1, "array_name": "Input", "phase": [0, 0]}, {"target": [0, 0], "pattern": {"dx": 0, "dy": 0, "width": 1, "height": 1, "positive": "gA==", "mask": "gA=="}, "pattern_translation_multiple": [1, 1], "target_translation_multiple": [1, 1], "level": 1, "array_name": "DC", "phase": [0, 0]}, {"target": [0, 0], "pattern": {"dx": 0, "dy": 0, "width": 1, "height": 1, "positive": "gA==", "mask": "gA=="}, "pattern_translation_multiple": [2, 1], "target_translation_multiple": [2, 1], "level": 1, "array_name": "DC'", "phase": [0, 0]}, {"target": [3, 0], "pattern": {"dx": 0, "dy": 0, "width": 7, "height": 1, "positive": "kg==", "mask": "ug=="}, "pattern_translation_multiple": [2, 1], "target_translation_multiple": [2, 1], "level": 1, "array_name": "DC'", "phase": [1, 0]}, {"target": [6, 0], "pattern": {"dx": 0, "dy": 0, "width": 13, "height": 1, "positive": "JyA=", "mask": "v+g="}, "pattern_translation_multiple": [2, 1], "target_translation_multiple": [2, 1], "level": 1, "array_name": "DC''", "phase": [0, 0]}, {"target": [3, 0], "pattern": {"dx": 0, "dy": 0, "width": 7, "height": 1, "positive": "kg==", "mask": "ug=="}, "pattern_translation_multiple": [2, 1], "target_translation_multiple": [2, 1], "level": 1, "array_name": "DC''", "phase": [1, 0]}, {"target": [3, 0], "pattern": {"dx": 0, "dy": 0, "width": 13, "height": 1, "positive": "JyA=", "mask": "v+g="}, "pattern_translation_multiple": [2, 2], "target_translation_multiple": [1, 2], "level": 1, "array_name": "L'", "phase": [0, 0]}, {"target": [3, 3], "pattern": {"dx": 0, "dy": 0, "width": 13, "height": 7, "positive": "JyAAJjJOSYyAAJyA", "mask": "v+gAL/t/2/6AAv+g"}, "pattern_translation_multiple": [2, 2], "target_translation_multiple": [1, 2], "level": 1, "array_name": "L'", "phase": [0, 1]}, {"target": [1, 0], "pattern": {"dx": 0, "dy": 0, "width": 7, "height": 1, "positive": "kg==", "mask": "ug=="}, "pattern_translation_multiple": [2, 2], "target_translation_multiple": [1, 2], "level": 1, "array_name": "H'", "phase": [0, 0]}, {"target": [1, 3], "pattern": {"dx": 0, "dy": 0, "width": 7, "height": 7, "positive": "kgCkkoAkgA==", "mask": "ugLt26AugA=="}, "pattern_translation_multiple": [2, 2], "target_translation_multiple": [1, 2], "level": 1, "array_name": "H'", "phase": [0, 1]}, {"target": [3, 6], "pattern": {"dx": 0, "dy": 0, "width": 13, "height": 13, "positive": "mMgACckxmYyTkJyE5JjMxknIAAmMgA==", "mask": "v+gAL/t/2/7f9v+3/b/t/2/6AAv+gA=="}, "pattern_translation_multiple": [2, 2], "target_translation_multiple": [1, 2], "level": 1, "array_name": "L''", "phase": [0, 0]}, {"target": [3, 3], "pattern": {"dx": 0, "dy": 0, "width": 13, "height": 7, "positive": "JyAAJjJOSYyAAJyA", "mask": "v+gAL/t/2/6AAv+g"}, "pattern_translation_multiple": [2, 2], "target_translation_multiple": [1, 2], "level": 1, "array_name": "L''", "phase": [0, 1]}, {"target": [1, 6], "pattern": {"dx": 0, "dy": 0, "width": 7, "height": 13, "positive": "KAJJQpJkyShSSAKA", "mask": "ugLt27du3bt26Aug"}, "pattern_translation_multiple": [2, 2], "target_translation_multiple": [1, 2], "level": 1, "array_name": "H''", "phase": [0, 0]}, {"target": [1, 3], "pattern": {"dx": 0, "dy": 0, "width": 7, "height": 7, "positive": "kgCkkoAkgA==", "mask": "ugLt26AugA=="}, "pattern_translation_multiple": [2, 2], "target_translation_multiple": [1, 2], "level": 1, "array_name": "H''", "phase": [0, 1]}], "synthesis_test_patterns": [{"target": [3, 3], "pattern": {"dx": 0, "dy": 0, "width": 13, "height": 13, "positive": "mMgACckxmYyTkJyE5JjMxknIAAmMgA==", "mask": "v+gAL/t/2/7f9v+3/b/t/2/6AAv+gA=="}, "pattern_translation_multiple": [2, 2], "target_translation_multiple": [1, 1], "level": 1, "array_name": "LL", "phase": [0, 0]}, {"target": [3, 1], "pattern": {"dx": 0, "dy": 0, "width": 13, "height": 7, "positive": "JyAAJjJOSYyAAJyA", "mask": "v+gAL/t/2/6AAv+g"}, "pattern_translation_multiple": [2, 2], "target_translation_multiple": [1, 1], "level": 1, "array_name": "LH", "phase": [0, 0]}, {"target": [1, 3], "pattern": {"dx": 0, "dy": 0, "width": 7, "height": 13, "positive": "KAJJQpJkyShSSAKA", "mask": "ugLt27du3bt26Aug"}, "pattern_translation_multiple": [2, 2], "target_translation_multiple": [1, 1], "level": 1, "array_name": "HL", "phase": [0, 0]}, {"target": [1, 1], "pattern": {"dx": 0, "dy": 0, "width": 7, "height": 7, "positive": "kgCkkoAkgA==", "mask": "ugLt26AugA=="}, "pattern_translation_multiple": [2, 2], "target_translation_multiple": [1, 1], "level": 1, "array_name": "HH", "phase": [0, 0]}, {"target": [3, 6], "pattern": {"dx": 0, "dy": 0, "width": 13, "height": 13, "positive": "mMgACckxmYyTkJyE5JjMxknIAAmMgA==", "mask": "v+gAL/t/2/7f9v+3/b/t/2/6AAv+gA=="}, "pattern_translation_multiple": [2, 2], "target_translation_multiple": [1, 2], "level": 1, "array_name": "L'", "phase": [0, 0]}, {"target": [3, 3], "pattern": {"dx": 0, "dy": 0, "width": 13, "height": 7, "positive": "JyAAJjJOSYyAAJyA", "mask": "v+gAL/t/2/6AAv+g"}, "pattern_translation_multiple": [2, 2], "target_translation_multiple": [1, 2], "level": 1, "array_name": "L'", "phase": [0, 1]}, {"target": [1, 6], "pattern": {"dx": 0, "dy": 0, "width": 7, "height": 13, "positive": "KAJJQpJkyShSSAKA", "mask": "ugLt27du3bt26Aug"}, "pattern_translation_multiple": [2, 2], "target_translation_multiple": [1, 2], "level": 1, "array_name": "H'", "phase": [0, 0]}, {"target": [1, 3], "pattern": {"dx": 0, "dy": 0, "width": 7, "height": 7, "positive": "kgCkkoAkgA==", "mask": "ugLt26AugA=="}, "pattern_translation_multiple": [2, 2], "target_translation_multiple": [1, 2], "level": 1, "array_name": "H'", "phase": [0, 1]}, {"target": [3, 6], "pattern": {"dx": 0, "dy": 0, "width": 13, "height": 13, "positive": "mMgACckxmYyTkJyE5JjMxknIAAmMgA==", "mask": "v+gAL/t/2/7f9v+3/b/t/2/6AAv+gA=="}, "pattern_translation_multiple": [2, 2], "target_translation_multiple": [1, 2], "level": 1, "array_name": "L", "phase": [0, 0]}, {"target": [3, 9], "pattern": {"dx": 0, "dy": 0, "width": 13, "height": 19, "positive": "JyAAJjJOSYzMZJyTGZjJOSYyTkJyTGSchOSYyAAJyA==", "mask": "v+gAL/t/2/7f9v+3/b/t/2/7f9v+3/b/t/2/6AAv+g=="}, "pattern_translation_multiple": [2, 2], "target_translation_multiple": [1, 2], "level": 1, "array_name": "L", "phase": [0, 1]}, {"target": [1, 6], "pattern": {"dx": 0, "dy": 0, "width": 7, "height": 13, "positive": "KAJJQpJkyShSSAKA", "mask": "ugLt27du3bt26Aug"}, "pattern_translation_multiple": [2, 2], "target_translation_multiple": [1, 2], "level": 1, "array_name": "H", "phase": [0, 0]}, {"target": [1, 9], "pattern": {"dx": 0, "dy": 0, "width": 7, "height": 19, "positive": "kgCkkoUklCkkpJklJMkoAkg=", "mask": "ugLt27du3bt27du3bt26Aug="}, "pattern_translation_multiple": [2, 2], "target_translation_multiple": [1, 2], "level": 1, "array_name": "H", "phase": [0, 1]}, {"target": [6, 6], "pattern": {"dx": 0, "dy": 0, "width": 13, "height": 13, "positive": "mMgACckxmYyTkJyE5JjMxknIAAmMgA==", "mask": "v+gAL/t/2/7f9v+3/b/t/2/6AAv+gA=="}, "pattern_translation_multiple": [2, 2], "target_translation_multiple": [2, 2], "level": 1, "array_name": "DC'", "phase": [0, 0]}, {"target": [6, 9], "pattern": {"dx": 0, "dy": 0, "width": 13, "height": 19, "positive": "JyAAJjJOSYzMZJyTGZjJOSYyTkJyTGSchOSYyAAJyA==", "mask": "v+gAL/t/2/7f9v+3/b/t/2/7f9v+3/b/t/2/6AAv+g=="}, "pattern_translation_multiple": [2, 2], "target_translation_multiple": [2, 2], "level": 1, "array_name": "DC'", "phase": [0, 1]}, {"target": [3, 6], "pattern": {"dx": 0, "dy": 0, "width": 7, "height": 13, "positive": "KAJJQpJkyShSSAKA", "mask": "ugLt27du3bt26Aug"}, "pattern_translation_multiple": [2, 2], "target_translation_multiple": [2, 2], "level": 1, "array_name": "DC'", "phase": [1, 0]}, {"target": [3, 9], "pattern": {"dx": 0, "dy": 0, "width": 7, "height": 19, "positive": "kgCkkoUklCkkpJklJMkoAkg=", "mask": "ugLt27du3bt27du3bt26Aug="}, "pattern_translation_multiple": [2, 2], "target_translation_multiple": [2, 2], "level": 1, "array_name": "DC'", "phase": [1, 1]}, {"target": [6, 6], "pattern": {"dx": 0, "dy": 0, "width": 13, "height": 13, "positive": "mMgACckxmYyTkJyE5JjMxknIAAmMgA==", "mask": "v+gAL/t/2/7f9v+3/b/t/2/6AAv+gA=="}, "pattern_translation_multiple": [2, 2], "target_translation_multiple": [2, 2], "level": 1, "array_name": "DC", "phase": [0, 0]}, {"target": [6, 9], "pattern": {"dx": 0, "dy": 0, "width": 13, "height": 19, "positive": "JyAAJjJOSYzMZJyTGZjJOSYyTkJyTGSchOSYyAAJyA==", "mask": "v+gAL/t/2/7f9v+3/b/t/2/7f9v+3/b/t/2/6AAv+g=="}, "pattern_translation_multiple": [2, 2], "target_translation_multiple": [2, 2], "level": 1, "array_name": "DC", "phase": [0, 1]}, {"target": [9, 6], "pattern": {"dx": 0, "dy": 0, "width": 19, "height": 13, "positive": "LaSAAAJJbJbSQtpJJLZklsyS2S2khbSSSWyAAALaSA==", "mask": "v/+gAAL//t//2//7f/9v/+3//b//t//2//6AAAv/+g=="}, "pattern_translation_multiple": [2, 2], "target_translation_multiple": [2, 2], "level": 1, "array_name": "DC", "phase": [1, 0]}, {"target": [9, 9], "pattern": {"dx": 0, "dy": 0, "width": 19, "height": 19, "positive": "klsgAAC2kkktktpIW0kklsltJC2kkktktpJJLZklsltJJJbMktktpIAAAklsgA==", "mask": "v/+gAAL//t//2//7f/9v/+3//b//t//2//7f/9v/+3//b//t//2//6AAAv/+gA=="}, "pattern_translation_multiple": [2, 2], "target_translation_multiple": [2, 2], "level": 1, "array_name": "DC", "phase": [1, 1]}, {"target": [6, 6], "pattern": {"dx": 0, "dy": 0, "width": 13, "height": 13, "positive": "mMgACckxmYyTkJyE5JjMxknIAAmMgA==", "mask": "v+gAL/t/2/7f9v+3/b/t/2/6AAv+gA=="}, "pattern_translation_multiple": [2, 2], "target_translation_multiple": [2, 2], "level": 1, "array_name": "Output", "phase": [0, 0]}, {"target": [6, 9], "pattern": {"dx": 0, "dy": 0, "width": 13, "height": 19, "positive": "JyAAJjJOSYzMZJyTGZjJOSYyTkJyTGSchOSYyAAJyA==", "mask": "v+gAL/t/2/7f9v+3/b/t/2/7f9v+3/b/t/2/6AAv+g=="}, "pattern_translation_multiple": [2, 2], "target_translation_multiple": [2, 2], "level": 1, "array_name": "Output", "phase": [0, 1]}, {"target": [9, 6], "pattern": {"dx": 0, "dy": 0, "width": 19, "height": 13, "positive": "LaSAAAJJbJbSQtpJJLZklsyS2S2khbSSSWyAAALaSA==", "mask": "v/+gAAL//t//2//7f/9v/+3//b//t//2//6AAAv/+g=="}, "pattern_translation_multiple": [2, 2], "target_translation_multiple": [2, 2], "level": 1, "array_name": "Output", "phase": [1, 0]}, {"target": [9, 9], "pattern": {"dx": 0, "dy": 0, "width": 19, "height": 19, "positive": "klsgAAC2kkktktpIW0kklsltJC2kkktktpJJLZklsltJJJbMktktpIAAAklsgA==", "mask": "v/+gAAL//t//2//7f/9v/+3//b//t//2//7f/9v/+3//b//t//2//6AAAv/+gA=="}, "pattern_translation_multiple": [2, 2], "target_translation_multiple": [2, 2], "level": 1, "array_name": "Output", "phase": [1, 1]}]}