{"wavelet_index": 4, "wavelet_index_ho": 4, "dwt_depth": 0, "dwt_depth_ho": 3, "analysis_signal_bounds": [{"lower_bound": [{"symbol": "signal_min", "numer": "1", "denom": "1"}], "upper_bound": [{"symbol": "signal_max", "numer": "1", "denom": "1"}], "level": 3, "array_name": "Input", "phase": [0, 0]}, {"lower_bound": [{"symbol": "signal_min", "numer": "2", "denom": "1"}], "upper_bound": [{"symbol": "signal_max", "numer": "2", "denom": "1"}], "level": 3, "array_name": "DC", "phase": [0, 0]}, {"lower_bound": [{"symbol": "signal_min", "numer": "2", "denom": "1"}], "upper_bound": [{"symbol": "signal_max", "numer": "2", "denom": "1"}], "level": 3, "array_name": "DC'", "phase": [0, 0]}, {"lower_bound": [{"symbol": "signal_min", "numer": "2", "denom": "1"}, {"symbol": "signal_max", "numer": "-2", "denom": "1"}], "upper_bound": [{"symbol": "signal_max", "numer": "2", "denom": "1"}, {"symbol": "signal_min", "numer": "-2", "denom": "1"}, {"symbol": null, "numer": "1", "denom": "1"}], "level": 3, "array_name": "DC'", "phase": [1, 0]}, {"lower_bound": [{"symbol": "signal_min", "numer": "2", "denom": "1"}, {"symbol": null, "numer": "-1", "denom": "2"}], "upper_bound": [{"symbol": "signal_max", "numer": "2", "denom": "1"}, {"symbol": null, "numer": "1", "denom": "1"}], "level": 3, "array_name": "DC''", "phase": [0, 0]}, {"lower_bound": [{"symbol": "signal_min", "numer": "2", "denom": "1"}, {"symbol": "signal_max", "numer": "-2", "denom": "1"}], "upper_bound": [{"symbol": "signal_max", "numer": "2", "denom": "1"}, {"symbol": "signal_min", "numer": "-2", "denom": "1"}, {"symbol": null, "numer": "1", "denom": "1"}], "level": 3, "array_name": "DC''", "phase": [1, 0]}, {"lower_bound": [{"symbol": "signal_min", "numer": "4", "denom": "1"}, {"symbol": null, "numer": "-1", "denom": "1"}], "upper_bound": [{"symbol": "signal_max", "numer": "4", "denom": "1"}, {"symbol": null, "numer": "2", "denom": "1"}], "level": 2, "array_name": "DC", "phase": [0, 0]}, {"lower_bound": [{"symbol": "signal_min", "numer": "4", "denom": "1"}, {"symbol": null, "numer": "-1", "denom": "1"}], "upper_bound": [{"symbol": "signal_max", "numer": "4", "denom": "1"}, {"symbol": null, "numer": "2", "denom": "1"}], "level": 2, "array_name": "DC'", "phase": [0, 0]}, {"lower_bound": [{"symbol": "signal_min", "numer": "4", "denom": "1"}, {"symbol": null, "numer": "-3", "denom": "1"}, {"symbol": "signal_max", "numer": "-4", "denom": "1"}], "upper_bound": [{"symbol": "signal_max", "numer": "4", "denom": "1"}, {"symbol": null, "numer": "4", "denom": "1"}, {"symbol": "signal_min", "numer": "-4", "denom": "1"}], "level": 2, "array_name": "DC'", "phase": [1, 0]}, {"lower_bound": [{"symbol": "signal_min", "numer": "4", "denom": "1"}, {"symbol": null, "numer": "-3", "denom": "2"}], "upper_bound": [{"symbol": "signal_max", "numer": "4", "denom": "1"}, {"symbol": null, "numer": "3", "denom": "1"}], "level": 2, "array_name": "DC''", "phase": [0, 0]}, {"lower_bound": [{"symbol": "signal_min", "numer": "4", "denom": "1"}, {"symbol": null, "numer": "-3", "denom": "1"}, {"symbol": "signal_max", "numer": "-4", "denom": "1"}], "upper_bound": [{"symbol": "signal_max", "numer": "4", "denom": "1"}, {"symbol": null, "numer": "4", "denom": "1"}, {"symbol": "signal_min", "numer": "-4", "denom": "1"}], "level": 2, "array_name": "DC''", "phase": [1, 0]}, {"lower_bound": [{"symbol": "signal_min", "numer": "8", "denom": "1"}, {"symbol": null, "numer": "-3", "denom": "1"}], "upper_bound": [{"symbol": "signal_max", "numer": "8", "denom": "1"}, {"symbol": null, "numer": "6", "denom": "1"}], "level": 1, "array_name": "DC", "phase": [0, 0]}, {"lower_bound": [{"symbol": "signal_min", "numer": "8", "denom": "1"}, {"symbol": null, "numer": "-3", "denom": "1"}], "upper_bound": [{"symbol": "signal_max", "numer": "8", "denom": "1"}, {"symbol": null, "numer": "6", "denom": "1"}], "level": 1, "array_name": "DC'", "phase": [0, 0]}, {"lower_bound": [{"symbol": "signal_min", "numer": "8", "denom": "1"}, {"symbol": null, "numer": "-9", "denom": "1"}, {"symbol": "signal_max", "numer": "-8", "denom": "1"}], "upper_bound": [{"symbol": "signal_max", "numer": "8", "denom": "1"}, {"symbol": null, "numer": "10", "denom": "1"}, {"symbol": "signal_min", "numer": "-8", "denom": "1"}], "level": 1, "array_name": "DC'", "phase": [1, 0]}, {"lower_bound": [{"symbol": "signal_min", "numer": "8", "denom": "1"}, {"symbol": null, "numer": "-7", "denom": "2"}], "upper_bound": [{"symbol": "signal_max", "numer": "8", "denom": "1"}, {"symbol": null, "numer": "7", "denom": "1"}], "level": 1, "array_name": "DC''", "phase": [0, 0]}, {"lower_bound": [{"symbol": "signal_min", "numer": "8", "denom": "1"}, {"symbol": null, "numer": "-9", "denom": "1"}, {"symbol": "signal_max", "numer": "-8", "denom": "1"}], "upper_bound": [{"symbol": "signal_max", "numer": "8", "denom": "1"}, {"symbol": null, "numer": "10", "denom": "1"}, {"symbol": "signal_min", "numer": "-8", "denom": "1"}], "level": 1, "array_name": "DC''", "phase": [1, 0]}], "synthesis_signal_bounds": [{"lower_bound": [{"symbol": "coeff_0_L_min", "numer": "1", "denom": "1"}], "upper_bound": [{"symbol": "coeff_0_L_max", "numer": "1", "denom": "1"}], "level": 1, "array_name": "L", "phase": [0, 0]}, {"lower_bound": [{"symbol": "coeff_1_H_min", "numer": "1", "denom": "1"}], "upper_bound": [{"symbol": "coeff_1_H_max", "numer": "1", "denom": "1"}], "level": 1, "array_name": "H", "phase": [0, 0]}, {"lower_bound": [{"symbol": "coeff_0_L_min", "numer": "1", "denom": "1"}, {"symbol": "coeff_1_H_max", "numer": "-1", "denom": "2"}, {"symbol": null, "numer": "-1", "denom": "2"}], "upper_bound": [{"symbol": "coeff_0_L_max", "numer": "1", "denom": "1"}, {"symbol": "coeff_1_H_min", "numer": "-1", "denom": "2"}, {"symbol": null, "numer": "1", "denom": "2"}], "level": 1, "array_name": "DC'", "phase": [0, 0]}, {"lower_bound": [{"symbol": "coeff_1_H_min", "numer": "1", "denom": "1"}], "upper_bound": [{"symbol": "coeff_1_H_max", "numer": "1", "denom": "1"}], "level": 1, "array_name": "DC'", "phase": [1, 0]}, {"lower_bound": [{"symbol": "coeff_0_L_min", "numer": "1", "denom": "1"}, {"symbol": "coeff_1_H_max", "numer": "-1", "denom": "2"}, {"symbol": null, "numer": "-1", "denom": "2"}], "upper_bound": [{"symbol": "coeff_0_L_max", "numer": "1", "denom": "1"}, {"symbol": "coeff_1_H_min", "numer": "-1", "denom": "2"}, {"symbol": null, "numer": "1", "denom": "2"}], "level": 1, "array_name": "DC", "phase": [0, 0]}, {"lower_bound": [{"symbol": "coeff_1_H_min", "numer": "1", "denom": "2"}, {"symbol": "coeff_0_L_min", "numer": "1", "denom": "1"}, {"symbol": null, "numer": "-3", "denom": "2"}], "upper_bound": [{"symbol": "coeff_1_H_max", "numer": "1", "denom": "2"}, {"symbol": "coeff_0_L_max", "numer": "1", "denom": "1"}, {"symbol": null, "numer": "1", "denom": "2"}], "level": 1, "array_name": "DC", "phase": [1, 0]}, {"lower_bound": [{"symbol": "coeff_0_L_min", "numer": "1", "denom": "2"}, {"symbol": "coeff_1_H_max", "numer": "-1", "denom": "4"}, {"symbol": null, "numer": "-3", "denom": "4"}], "upper_bound": [{"symbol": "coeff_0_L_max", "numer": "1", "denom": "2"}, {"symbol": "coeff_1_H_min", "numer": "-1", "denom": "4"}, {"symbol": null, "numer": "3", "denom": "4"}], "level": 1, "array_name": "Output", "phase": [0, 0]}, {"lower_bound": [{"symbol": "coeff_1_H_min", "numer": "1", "denom": "4"}, {"symbol": "coeff_0_L_min", "numer": "1", "denom": "2"}, {"symbol": null, "numer": "-5", "denom": "4"}], "upper_bound": [{"symbol": "coeff_1_H_max", "numer": "1", "denom": "4"}, {"symbol": "coeff_0_L_max", "numer": "1", "denom": "2"}, {"symbol": null, "numer": "3", "denom": "4"}], "level": 1, "array_name": "Output", "phase": [1, 0]}, {"lower_bound": [{"symbol": "coeff_0_L_min", "numer": "1", "denom": "2"}, {"symbol": "coeff_1_H_max", "numer": "-1", "denom": "4"}, {"symbol": null, "numer": "-3", "denom": "4"}], "upper_bound": [{"symbol": "coeff_0_L_max", "numer": "1", "denom": "2"}, {"symbol": "coeff_1_H_min", "numer": "-1", "denom": "4"}, {"symbol": null, "numer": "3", "denom": "4"}], "level": 2, "array_name": "L", "phase": [0, 0]}, {"lower_bound": [{"symbol": "coeff_1_H_min", "numer": "1", "denom": "4"}, {"symbol": "coeff_0_L_min", "numer": "1", "denom": "2"}, {"symbol": null, "numer": "-5", "denom": "4"}], "upper_bound": [{"symbol": "coeff_1_H_max", "numer": "1", "denom": "4"}, {"symbol": "coeff_0_L_max", "numer": "1", "denom": "2"}, {"symbol": null, "numer": "3", "denom": "4"}], "level": 2, "array_name": "L", "phase": [1, 0]}, {"lower_bound": [{"symbol": "coeff_2_H_min", "numer": "1", "denom": "1"}], "upper_bound": [{"symbol": "coeff_2_H_max", "numer": "1", "denom": "1"}], "level": 2, "array_name": "H", "phase": [0, 0]}, {"lower_bound": [{"symbol": "coeff_0_L_min", "numer": "1", "denom": "2"}, {"symbol": "coeff_1_H_max", "numer": "-1", "denom": "4"}, {"symbol": null, "numer": "-5", "denom": "4"}, {"symbol": "coeff_2_H_max", "numer": "-1", "denom": "2"}], "upper_bound": [{"symbol": "coeff_0_L_max", "numer": "1", "denom": "2"}, {"symbol": "coeff_1_H_min", "numer": "-1", "denom": "4"}, {"symbol": null, "numer": "5", "denom": "4"}, {"symbol": "coeff_2_H_min", "numer": "-1", "denom": "2"}], "level": 2, "array_name": "DC'", "phase": [0, 0]}, {"lower_bound": [{"symbol": "coeff_2_H_min", "numer": "1", "denom": "1"}], "upper_bound": [{"symbol": "coeff_2_H_max", "numer": "1", "denom": "1"}], "level": 2, "array_name": "DC'", "phase": [1, 0]}, {"lower_bound": [{"symbol": "coeff_1_H_min", "numer": "1", "denom": "4"}, {"symbol": "coeff_0_L_min", "numer": "1", "denom": "2"}, {"symbol": null, "numer": "-7", "denom": "4"}, {"symbol": "coeff_2_H_max", "numer": "-1", "denom": "2"}], "upper_bound": [{"symbol": "coeff_1_H_max", "numer": "1", "denom": "4"}, {"symbol": "coeff_0_L_max", "numer": "1", "denom": "2"}, {"symbol": null, "numer": "5", "denom": "4"}, {"symbol": "coeff_2_H_min", "numer": "-1", "denom": "2"}], "level": 2, "array_name": "DC'", "phase": [2, 0]}, {"lower_bound": [{"symbol": "coeff_2_H_min", "numer": "1", "denom": "1"}], "upper_bound": [{"symbol": "coeff_2_H_max", "numer": "1", "denom": "1"}], "level": 2, "array_name": "DC'", "phase": [3, 0]}, {"lower_bound": [{"symbol": "coeff_0_L_min", "numer": "1", "denom": "2"}, {"symbol": "coeff_1_H_max", "numer": "-1", "denom": "4"}, {"symbol": null, "numer": "-5", "denom": "4"}, {"symbol": "coeff_2_H_max", "numer": "-1", "denom": "2"}], "upper_bound": [{"symbol": "coeff_0_L_max", "numer": "1", "denom": "2"}, {"symbol": "coeff_1_H_min", "numer": "-1", "denom": "4"}, {"symbol": null, "numer": "5", "denom": "4"}, {"symbol": "coeff_2_H_min", "numer": "-1", "denom": "2"}], "level": 2, "array_name": "DC", "phase": [0, 0]}, {"lower_bound": [{"symbol": "coeff_2_H_min", "numer": "1", "denom": "2"}, {"symbol": "coeff_0_L_min", "numer": "1", "denom": "2"}, {"symbol": "coeff_1_H_max", "numer": "-1", "denom": "4"}, {"symbol": null, "numer": "-9", "denom": "4"}], "upper_bound": [{"symbol": "coeff_2_H_max", "numer": "1", "denom": "2"}, {"symbol": "coeff_0_L_max", "numer": "1", "denom": "2"}, {"symbol": "coeff_1_H_min", "numer": "-1", "denom": "4"}, {"symbol": null, "numer": "5", "denom": "4"}], "level": 2, "array_name": "DC", "phase": [1, 0]}, {"lower_bound": [{"symbol": "coeff_1_H_min", "numer": "1", "denom": "4"}, {"symbol": "coeff_0_L_min", "numer": "1", "denom": "2"}, {"symbol": null, "numer": "-7", "denom": "4"}, {"symbol": "coeff_2_H_max", "numer": "-1", "denom": "2"}], "upper_bound": [{"symbol": "coeff_1_H_max", "numer": "1", "denom": "4"}, {"symbol": "coeff_0_L_max", "numer": "1", "denom": "2"}, {"symbol": null, "numer": "5", "denom": "4"}, {"symbol": "coeff_2_H_min", "numer": "-1", "denom": "2"}], "level": 2, "array_name": "DC", "phase": [2, 0]}, {"lower_bound": [{"symbol": "coeff_2_H_min", "numer": "1", "denom": "2"}, {"symbol": "coeff_1_H_min", "numer": "1", "denom": "4"}, {"symbol": "coeff_0_L_min", "numer": "1", "denom": "2"}, {"symbol": null, "numer": "-11", "denom": "4"}], "upper_bound": [{"symbol": "coeff_2_H_max", "numer": "1", "denom": "2"}, {"symbol": "coeff_1_H_max", "numer": "1", "denom": "4"}, {"symbol": "coeff_0_L_max", "numer": "1", "denom": "2"}, {"symbol": null, "numer": "5", "denom": "4"}], "level": 2, "array_name": "DC", "phase": [3, 0]}, {"lower_bound": [{"symbol": "coeff_0_L_min", "numer": "1", "denom": "4"}, {"symbol": "coeff_1_H_max", "numer": "-1", "denom": "8"}, {"symbol": null, "numer": "-9", "denom": "8"}, {"symbol": "coeff_2_H_max", "numer": "-1", "denom": "4"}], "upper_bound": [{"symbol": "coeff_0_L_max", "numer": "1", "denom": "4"}, {"symbol": "coeff_1_H_min", "numer": "-1", "denom": "8"}, {"symbol": null, "numer": "9", "denom": "8"}, {"symbol": "coeff_2_H_min", "numer": "-1", "denom": "4"}], "level": 2, "array_name": "Output", "phase": [0, 0]}, {"lower_bound": [{"symbol": "coeff_2_H_min", "numer": "1", "denom": "4"}, {"symbol": "coeff_0_L_min", "numer": "1", "denom": "4"}, {"symbol": "coeff_1_H_max", "numer": "-1", "denom": "8"}, {"symbol": null, "numer": "-13", "denom": "8"}], "upper_bound": [{"symbol": "coeff_2_H_max", "numer": "1", "denom": "4"}, {"symbol": "coeff_0_L_max", "numer": "1", "denom": "4"}, {"symbol": "coeff_1_H_min", "numer": "-1", "denom": "8"}, {"symbol": null, "numer": "9", "denom": "8"}], "level": 2, "array_name": "Output", "phase": [1, 0]}, {"lower_bound": [{"symbol": "coeff_1_H_min", "numer": "1", "denom": "8"}, {"symbol": "coeff_0_L_min", "numer": "1", "denom": "4"}, {"symbol": null, "numer": "-11", "denom": "8"}, {"symbol": "coeff_2_H_max", "numer": "-1", "denom": "4"}], "upper_bound": [{"symbol": "coeff_1_H_max", "numer": "1", "denom": "8"}, {"symbol": "coeff_0_L_max", "numer": "1", "denom": "4"}, {"symbol": null, "numer": "9", "denom": "8"}, {"symbol": "coeff_2_H_min", "numer": "-1", "denom": "4"}], "level": 2, "array_name": "Output", "phase": [2, 0]}, {"lower_bound": [{"symbol": "coeff_2_H_min", "numer": "1", "denom": "4"}, {"symbol": "coeff_1_H_min", "numer": "1", "denom": "8"}, {"symbol": "coeff_0_L_min", "numer": "1", "denom": "4"}, {"symbol": null, "numer": "-15", "denom": "8"}], "upper_bound": [{"symbol": "coeff_2_H_max", "numer": "1", "denom": "4"}, {"symbol": "coeff_1_H_max", "numer": "1", "denom": "8"}, {"symbol": "coeff_0_L_max", "numer": "1", "denom": "4"}, {"symbol": null, "numer": "9", "denom": "8"}], "level": 2, "array_name": "Output", "phase": [3, 0]}, {"lower_bound": [{"symbol": "coeff_0_L_min", "numer": "1", "denom": "4"}, {"symbol": "coeff_1_H_max", "numer": "-1", "denom": "8"}, {"symbol": null, "numer": "-9", "denom": "8"}, {"symbol": "coeff_2_H_max", "numer": "-1", "denom": "4"}], "upper_bound": [{"symbol": "coeff_0_L_max", "numer": "1", "denom": "4"}, {"symbol": "coeff_1_H_min", "numer": "-1", "denom": "8"}, {"symbol": null, "numer": "9", "denom": "8"}, {"symbol": "coeff_2_H_min", "numer": "-1", "denom": "4"}], "level": 3, "array_name": "L", "phase": [0, 0]}, {"lower_bound": [{"symbol": "coeff_2_H_min", "numer": "1", "denom": "4"}, {"symbol": "coeff_0_L_min", "numer": "1", "denom": "4"}, {"symbol": "coeff_1_H_max", "numer": "-1", "denom": "8"}, {"symbol": null, "numer": "-13", "denom": "8"}], "upper_bound": [{"symbol": "coeff_2_H_max", "numer": "1", "denom": "4"}, {"symbol": "coeff_0_L_max", "numer": "1", "denom": "4"}, {"symbol": "coeff_1_H_min", "numer": "-1", "denom": "8"}, {"symbol": null, "numer": "9", "denom": "8"}], "level": 3, "array_name": "L", "phase": [1, 0]}, {"lower_bound": [{"symbol": "coeff_1_H_min", "numer": "1", "denom": "8"}, {"symbol": "coeff_0_L_min", "numer": "1", "denom": "4"}, {"symbol": null, "numer": "-11", "denom": "8"}, {"symbol": "coeff_2_H_max", "numer": "-1", "denom": "4"}], "upper_bound": [{"symbol": "coeff_1_H_max", "numer": "1", "denom": "8"}, {"symbol": "coeff_0_L_max", "numer": "1", "denom": "4"}, {"symbol": null, "numer": "9", "denom": "8"}, {"symbol": "coeff_2_H_min", "numer": "-1", "denom": "4"}], "level": 3, "array_name": "L", "phase": [2, 0]}, {"lower_bound": [{"symbol": "coeff_2_H_min", "numer": "1", "denom": "4"}, {"symbol": "coeff_1_H_min", "numer": "1", "denom": "8"}, {"symbol": "coeff_0_L_min", "numer": "1", "denom": "4"}, {"symbol": null, "numer": "-15", "denom": "8"}], "upper_bound": [{"symbol": "coeff_2_H_max", "numer": "1", "denom": "4"}, {"symbol": "coeff_1_H_max", "numer": "1", "denom": "8"}, {"symbol": "coeff_0_L_max", "numer": "1", "denom": "4"}, {"symbol": null, "numer": "9", "denom": "8"}], "level": 3, "array_name": "L", "phase": [3, 0]}, {"lower_bound": [{"symbol": "coeff_3_H_min", "numer": "1", "denom": "1"}], "upper_bound": [{"symbol": "coeff_3_H_max", "numer": "1", "denom": "1"}], "level": 3, "array_name": "H", "phase": [0, 0]}, {"lower_bound": [{"symbol": "coeff_0_L_min", "numer": "1", "denom": "4"}, {"symbol": "coeff_1_H_max", "numer": "-1", "denom": "8"}, {"symbol": null, "numer": "-13", "denom": "8"}, {"symbol": "coeff_2_H_max", "numer": "-1", "denom": "4"}, {"symbol": "coeff_3_H_max", "numer": "-1", "denom": "2"}], "upper_bound": [{"symbol": "coeff_0_L_max", "numer": "1", "denom": "4"}, {"symbol": "coeff_1_H_min", "numer": "-1", "denom": "8"}, {"symbol": null, "numer": "13", "denom": "8"}, {"symbol": "coeff_2_H_min", "numer": "-1", "denom": "4"}, {"symbol": "coeff_3_H_min", "numer": "-1", "denom": "2"}], "level": 3, "array_name": "DC'", "phase": [0, 0]}, {"lower_bound": [{"symbol": "coeff_3_H_min", "numer": "1", "denom": "1"}], "upper_bound": [{"symbol": "coeff_3_H_max", "numer": "1", "denom": "1"}], "level": 3, "array_name": "DC'", "phase": [1, 0]}, {"lower_bound": [{"symbol": "coeff_2_H_min", "numer": "1", "denom": "4"}, {"symbol": "coeff_0_L_min", "numer": "1", "denom": "4"}, {"symbol": "coeff_1_H_max", "numer": "-1", "denom": "8"}, {"symbol": null, "numer": "-17", "denom": "8"}, {"symbol": "coeff_3_H_max", "numer": "-1", "denom": "2"}], "upper_bound": [{"symbol": "coeff_2_H_max", "numer": "1", "denom": "4"}, {"symbol": "coeff_0_L_max", "numer": "1", "denom": "4"}, {"symbol": "coeff_1_H_min", "numer": "-1", "denom": "8"}, {"symbol": null, "numer": "13", "denom": "8"}, {"symbol": "coeff_3_H_min", "numer": "-1", "denom": "2"}], "level": 3, "array_name": "DC'", "phase": [2, 0]}, {"lower_bound": [{"symbol": "coeff_3_H_min", "numer": "1", "denom": "1"}], "upper_bound": [{"symbol": "coeff_3_H_max", "numer": "1", "denom": "1"}], "level": 3, "array_name": "DC'", "phase": [3, 0]}, {"lower_bound": [{"symbol": "coeff_1_H_min", "numer": "1", "denom": "8"}, {"symbol": "coeff_0_L_min", "numer": "1", "denom": "4"}, {"symbol": null, "numer": "-15", "denom": "8"}, {"symbol": "coeff_2_H_max", "numer": "-1", "denom": "4"}, {"symbol": "coeff_3_H_max", "numer": "-1", "denom": "2"}], "upper_bound": [{"symbol": "coeff_1_H_max", "numer": "1", "denom": "8"}, {"symbol": "coeff_0_L_max", "numer": "1", "denom": "4"}, {"symbol": null, "numer": "13", "denom": "8"}, {"symbol": "coeff_2_H_min", "numer": "-1", "denom": "4"}, {"symbol": "coeff_3_H_min", "numer": "-1", "denom": "2"}], "level": 3, "array_name": "DC'", "phase": [4, 0]}, {"lower_bound": [{"symbol": "coeff_3_H_min", "numer": "1", "denom": "1"}], "upper_bound": [{"symbol": "coeff_3_H_max", "numer": "1", "denom": "1"}], "level": 3, "array_name": "DC'", "phase": [5, 0]}, {"lower_bound": [{"symbol": "coeff_2_H_min", "numer": "1", "denom": "4"}, {"symbol": "coeff_1_H_min", "numer": "1", "denom": "8"}, {"symbol": "coeff_0_L_min", "numer": "1", "denom": "4"}, {"symbol": null, "numer": "-19", "denom": "8"}, {"symbol": "coeff_3_H_max", "numer": "-1", "denom": "2"}], "upper_bound": [{"symbol": "coeff_2_H_max", "numer": "1", "denom": "4"}, {"symbol": "coeff_1_H_max", "numer": "1", "denom": "8"}, {"symbol": "coeff_0_L_max", "numer": "1", "denom": "4"}, {"symbol": null, "numer": "13", "denom": "8"}, {"symbol": "coeff_3_H_min", "numer": "-1", "denom": "2"}], "level": 3, "array_name": "DC'", "phase": [6, 0]}, {"lower_bound": [{"symbol": "coeff_3_H_min", "numer": "1", "denom": "1"}], "upper_bound": [{"symbol": "coeff_3_H_max", "numer": "1", "denom": "1"}], "level": 3, "array_name": "DC'", "phase": [7, 0]}, {"lower_bound": [{"symbol": "coeff_0_L_min", "numer": "1", "denom": "4"}, {"symbol": "coeff_1_H_max", "numer": "-1", "denom": "8"}, {"symbol": null, "numer": "-13", "denom": "8"}, {"symbol": "coeff_2_H_max", "numer": "-1", "denom": "4"}, {"symbol": "coeff_3_H_max", "numer": "-1", "denom": "2"}], "upper_bound": [{"symbol": "coeff_0_L_max", "numer": "1", "denom": "4"}, {"symbol": "coeff_1_H_min", "numer": "-1", "denom": "8"}, {"symbol": null, "numer": "13", "denom": "8"}, {"symbol": "coeff_2_H_min", "numer": "-1", "denom": "4"}, {"symbol": "coeff_3_H_min", "numer": "-1", "denom": "2"}], "level": 3, "array_name": "DC", "phase": [0, 0]}, {"lower_bound": [{"symbol": "coeff_3_H_min", "numer": "1", "denom": "2"}, {"symbol": "coeff_0_L_min", "numer": "1", "denom": "4"}, {"symbol": "coeff_1_H_max", "numer": "-1", "denom": "8"}, {"symbol": null, "numer": "-21", "denom": "8"}, {"symbol": "coeff_2_H_max", "numer": "-1", "denom": "4"}], "upper_bound": [{"symbol": "coeff_3_H_max", "numer": "1", "denom": "2"}, {"symbol": "coeff_0_L_max", "numer": "1", "denom": "4"}, {"symbol": "coeff_1_H_min", "numer": "-1", "denom": "8"}, {"symbol": null, "numer": "13", "denom": "8"}, {"symbol": "coeff_2_H_min", "numer": "-1", "denom": "4"}], "level": 3, "array_name": "DC", "phase": [1, 0]}, {"lower_bound": [{"symbol": "coeff_2_H_min", "numer": "1", "denom": "4"}, {"symbol": "coeff_0_L_min", "numer": "1", "denom": "4"}, {"symbol": "coeff_1_H_max", "numer": "-1", "denom": "8"}, {"symbol": null, "numer": "-17", "denom": "8"}, {"symbol": "coeff_3_H_max", "numer": "-1", "denom": "2"}], "upper_bound": [{"symbol": "coeff_2_H_max", "numer": "1", "denom": "4"}, {"symbol": "coeff_0_L_max", "numer": "1", "denom": "4"}, {"symbol": "coeff_1_H_min", "numer": "-1", "denom": "8"}, {"symbol": null, "numer": "13", "denom": "8"}, {"symbol": "coeff_3_H_min", "numer": "-1", "denom": "2"}], "level": 3, "array_name": "DC", "phase": [2, 0]}, {"lower_bound": [{"symbol": "coeff_3_H_min", "numer": "1", "denom": "2"}, {"symbol": "coeff_2_H_min", "numer": "1", "denom": "4"}, {"symbol": "coeff_0_L_min", "numer": "1", "denom": "4"}, {"symbol": "coeff_1_H_max", "numer": "-1", "denom": "8"}, {"symbol": null, "numer": "-25", "denom": "8"}], "upper_bound": [{"symbol": "coeff_3_H_max", "numer": "1", "denom": "2"}, {"symbol": "coeff_2_H_max", "numer": "1", "denom": "4"}, {"symbol": "coeff_0_L_max", "numer": "1", "denom": "4"}, {"symbol": "coeff_1_H_min", "numer": "-1", "denom": "8"}, {"symbol": null, "numer": "13", "denom": "8"}], "level": 3, "array_name": "DC", "phase": [3, 0]}, {"lower_bound": [{"symbol": "coeff_1_H_min", "numer": "1", "denom": "8"}, {"symbol": "coeff_0_L_min", "numer": "1", "denom": "4"}, {"symbol": null, "numer": "-15", "denom": "8"}, {"symbol": "coeff_2_H_max", "numer": "-1", "denom": "4"}, {"symbol": "coeff_3_H_max", "numer": "-1", "denom": "2"}], "upper_bound": [{"symbol": "coeff_1_H_max", "numer": "1", "denom": "8"}, {"symbol": "coeff_0_L_max", "numer": "1", "denom": "4"}, {"symbol": null, "numer": "13", "denom": "8"}, {"symbol": "coeff_2_H_min", "numer": "-1", "denom": "4"}, {"symbol": "coeff_3_H_min", "numer": "-1", "denom": "2"}], "level": 3, "array_name": "DC", "phase": [4, 0]}, {"lower_bound": [{"symbol": "coeff_3_H_min", "numer": "1", "denom": "2"}, {"symbol": "coeff_1_H_min", "numer": "1", "denom": "8"}, {"symbol": "coeff_0_L_min", "numer": "1", "denom": "4"}, {"symbol": null, "numer": "-23", "denom": "8"}, {"symbol": "coeff_2_H_max", "numer": "-1", "denom": "4"}], "upper_bound": [{"symbol": "coeff_3_H_max", "numer": "1", "denom": "2"}, {"symbol": "coeff_1_H_max", "numer": "1", "denom": "8"}, {"symbol": "coeff_0_L_max", "numer": "1", "denom": "4"}, {"symbol": null, "numer": "13", "denom": "8"}, {"symbol": "coeff_2_H_min", "numer": "-1", "denom": "4"}], "level": 3, "array_name": "DC", "phase": [5, 0]}, {"lower_bound": [{"symbol": "coeff_2_H_min", "numer": "1", "denom": "4"}, {"symbol": "coeff_1_H_min", "numer": "1", "denom": "8"}, {"symbol": "coeff_0_L_min", "numer": "1", "denom": "4"}, {"symbol": null, "numer": "-19", "denom": "8"}, {"symbol": "coeff_3_H_max", "numer": "-1", "denom": "2"}], "upper_bound": [{"symbol": "coeff_2_H_max", "numer": "1", "denom": "4"}, {"symbol": "coeff_1_H_max", "numer": "1", "denom": "8"}, {"symbol": "coeff_0_L_max", "numer": "1", "denom": "4"}, {"symbol": null, "numer": "13", "denom": "8"}, {"symbol": "coeff_3_H_min", "numer": "-1", "denom": "2"}], "level": 3, "array_name": "DC", "phase": [6, 0]}, {"lower_bound": [{"symbol": "coeff_3_H_min", "numer": "1", "denom": "2"}, {"symbol": "coeff_2_H_min", "numer": "1", "denom": "4"}, {"symbol": "coeff_1_H_min", "numer": "1", "denom": "8"}, {"symbol": "coeff_0_L_min", "numer": "1", "denom": "4"}, {"symbol": null, "numer": "-27", "denom": "8"}], "upper_bound": [{"symbol": "coeff_3_H_max", "numer": "1", "denom": "2"}, {"symbol": "coeff_2_H_max", "numer": "1", "denom": "4"}, {"symbol": "coeff_1_H_max", "numer": "1", "denom": "8"}, {"symbol": "coeff_0_L_max", "numer": "1", "denom": "4"}, {"symbol": null, "numer": "13", "denom": "8"}], "level": 3, "array_name": "DC", "phase": [7, 0]}, {"lower_bound": [{"symbol": "coeff_0_L_min", "numer": "1", "denom": "8"}, {"symbol": "coeff_1_H_max", "numer": "-1", "denom": "16"}, {"symbol": null, "numer": "-21", "denom": "16"}, {"symbol": "coeff_2_H_max", "numer": "-1", "denom": "8"}, {"symbol": "coeff_3_H_max", "numer": "-1", "denom": "4"}], "upper_bound": [{"symbol": "coeff_0_L_max", "numer": "1", "denom": "8"}, {"symbol": "coeff_1_H_min", "numer": "-1", "denom": "16"}, {"symbol": null, "numer": "21", "denom": "16"}, {"symbol": "coeff_2_H_min", "numer": "-1", "denom": "8"}, {"symbol": "coeff_3_H_min", "numer": "-1", "denom": "4"}], "level": 3, "array_name": "Output", "phase": [0, 0]}, {"lower_bound": [{"symbol": "coeff_3_H_min", "numer": "1", "denom": "4"}, {"symbol": "coeff_0_L_min", "numer": "1", "denom": "8"}, {"symbol": "coeff_1_H_max", "numer": "-1", "denom": "16"}, {"symbol": null, "numer": "-29", "denom": "16"}, {"symbol": "coeff_2_H_max", "numer": "-1", "denom": "8"}], "upper_bound": [{"symbol": "coeff_3_H_max", "numer": "1", "denom": "4"}, {"symbol": "coeff_0_L_max", "numer": "1", "denom": "8"}, {"symbol": "coeff_1_H_min", "numer": "-1", "denom": "16"}, {"symbol": null, "numer": "21", "denom": "16"}, {"symbol": "coeff_2_H_min", "numer": "-1", "denom": "8"}], "level": 3, "array_name": "Output", "phase": [1, 0]}, {"lower_bound": [{"symbol": "coeff_2_H_min", "numer": "1", "denom": "8"}, {"symbol": "coeff_0_L_min", "numer": "1", "denom": "8"}, {"symbol": "coeff_1_H_max", "numer": "-1", "denom": "16"}, {"symbol": null, "numer": "-25", "denom": "16"}, {"symbol": "coeff_3_H_max", "numer": "-1", "denom": "4"}], "upper_bound": [{"symbol": "coeff_2_H_max", "numer": "1", "denom": "8"}, {"symbol": "coeff_0_L_max", "numer": "1", "denom": "8"}, {"symbol": "coeff_1_H_min", "numer": "-1", "denom": "16"}, {"symbol": null, "numer": "21", "denom": "16"}, {"symbol": "coeff_3_H_min", "numer": "-1", "denom": "4"}], "level": 3, "array_name": "Output", "phase": [2, 0]}, {"lower_bound": [{"symbol": "coeff_3_H_min", "numer": "1", "denom": "4"}, {"symbol": "coeff_2_H_min", "numer": "1", "denom": "8"}, {"symbol": "coeff_0_L_min", "numer": "1", "denom": "8"}, {"symbol": "coeff_1_H_max", "numer": "-1", "denom": "16"}, {"symbol": null, "numer": "-33", "denom": "16"}], "upper_bound": [{"symbol": "coeff_3_H_max", "numer": "1", "denom": "4"}, {"symbol": "coeff_2_H_max", "numer": "1", "denom": "8"}, {"symbol": "coeff_0_L_max", "numer": "1", "denom": "8"}, {"symbol": "coeff_1_H_min", "numer": "-1", "denom": "16"}, {"symbol": null, "numer": "21", "denom": "16"}], "level": 3, "array_name": "Output", "phase": [3, 0]}, {"lower_bound": [{"symbol": "coeff_1_H_min", "numer": "1", "denom": "16"}, {"symbol": "coeff_0_L_min", "numer": "1", "denom": "8"}, {"symbol": null, "numer": "-23", "denom": "16"}, {"symbol": "coeff_2_H_max", "numer": "-1", "denom": "8"}, {"symbol": "coeff_3_H_max", "numer": "-1", "denom": "4"}], "upper_bound": [{"symbol": "coeff_1_H_max", "numer": "1", "denom": "16"}, {"symbol": "coeff_0_L_max", "numer": "1", "denom": "8"}, {"symbol": null, "numer": "21", "denom": "16"}, {"symbol": "coeff_2_H_min", "numer": "-1", "denom": "8"}, {"symbol": "coeff_3_H_min", "numer": "-1", "denom": "4"}], "level": 3, "array_name": "Output", "phase": [4, 0]}, {"lower_bound": [{"symbol": "coeff_3_H_min", "numer": "1", "denom": "4"}, {"symbol": "coeff_1_H_min", "numer": "1", "denom": "16"}, {"symbol": "coeff_0_L_min", "numer": "1", "denom": "8"}, {"symbol": null, "numer": "-31", "denom": "16"}, {"symbol": "coeff_2_H_max", "numer": "-1", "denom": "8"}], "upper_bound": [{"symbol": "coeff_3_H_max", "numer": "1", "denom": "4"}, {"symbol": "coeff_1_H_max", "numer": "1", "denom": "16"}, {"symbol": "coeff_0_L_max", "numer": "1", "denom": "8"}, {"symbol": null, "numer": "21", "denom": "16"}, {"symbol": "coeff_2_H_min", "numer": "-1", "denom": "8"}], "level": 3, "array_name": "Output", "phase": [5, 0]}, {"lower_bound": [{"symbol": "coeff_2_H_min", "numer": "1", "denom": "8"}, {"symbol": "coeff_1_H_min", "numer": "1", "denom": "16"}, {"symbol": "coeff_0_L_min", "numer": "1", "denom": "8"}, {"symbol": null, "numer": "-27", "denom": "16"}, {"symbol": "coeff_3_H_max", "numer": "-1", "denom": "4"}], "upper_bound": [{"symbol": "coeff_2_H_max", "numer": "1", "denom": "8"}, {"symbol": "coeff_1_H_max", "numer": "1", "denom": "16"}, {"symbol": "coeff_0_L_max", "numer": "1", "denom": "8"}, {"symbol": null, "numer": "21", "denom": "16"}, {"symbol": "coeff_3_H_min", "numer": "-1", "denom": "4"}], "level": 3, "array_name": "Output", "phase": [6, 0]}, {"lower_bound": [{"symbol": "coeff_3_H_min", "numer": "1", "denom": "4"}, {"symbol": "coeff_2_H_min", "numer": "1", "denom": "8"}, {"symbol": "coeff_1_H_min", "numer": "1", "denom": "16"}, {"symbol": "coeff_0_L_min", "numer": "1", "denom": "8"}, {"symbol": null, "numer": "-35", "denom": "16"}], "upper_bound": [{"symbol": "coeff_3_H_max", "numer": "1", "denom": "4"}, {"symbol": "coeff_2_H_max", "numer": "1", "denom": "8"}, {"symbol": "coeff_1_H_max", "numer": "1", "denom": "16"}, {"symbol": "coeff_0_L_max", "numer": "1", "denom": "8"}, {"symbol": null, "numer": "21", "denom": "16"}], "level": 3, "array_name": "Output", "phase": [7, 0]}], "analysis_test_patterns": [{"target": [0, 0], "pattern": {"dx": 0, "dy": 0, "width": 1, "height": 1, "positive": "gA==", "mask": "gA=="}, "pattern_translation_multiple": [1, 1], "target_translation_multiple": [1, 1], "level": 3, "array_name": "Input", "phase": [0, 0]}, {"target": [0, 0], "pattern": {"dx": 0, "dy": 0, "width": 1, "height": 1, "positive": "gA==", "mask": "gA=="}, "pattern_translation_multiple": [1, 1], "target_translation_multiple": [1, 1], "level": 3, "array_name": "DC", "phase": [0, 0]}, {"target": [0, 0], "pattern": {"dx": 0, "dy": 0, "width": 1, "height": 1, "positive": "gA==", "mask": "gA=="}, "pattern_translation_multiple": [2, 1], "target_translation_multiple": [2, 1], "level": 3, "array_name": "DC'", "phase": [0, 0]}, {"target": [1, 0], "pattern": {"dx": 0, "dy": 0, "width": 2, "height": 1, "positive": "QA==", "mask": "wA=="}, "pattern_translation_multiple": [2, 1], "target_translation_multiple": [2, 1], "level": 3, "array_name": "DC'", "phase": [1, 0]}, {"target": [0, 0], "pattern": {"dx": 0, "dy": 0, "width": 2, "height": 1, "positive": "wA==", "mask": "wA=="}, "pattern_translation_multiple": [2, 1], "target_translation_multiple": [2, 1], "level": 3, "array_name": "DC''", "phase": [0, 0]}, {"target": [1, 0], "pattern": {"dx": 0, "dy": 0, "width": 2, "height": 1, "positive": "QA==", "mask": "wA=="}, "pattern_translation_multiple": [2, 1], "target_translation_multiple": [2, 1], "level": 3, "array_name": "DC''", "phase": [1, 0]}, {"target": [0, 0], "pattern": {"dx": 0, "dy": 0, "width": 2, "height": 1, "positive": "wA==", "mask": "wA=="}, "pattern_translation_multiple": [2, 1], "target_translation_multiple": [1, 1], "level": 2, "array_name": "DC", "phase": [0, 0]}, {"target": [0, 0], "pattern": {"dx": 0, "dy": 0, "width": 2, "height": 1, "positive": "wA==", "mask": "wA=="}, "pattern_translation_multiple": [4, 1], "target_translation_multiple": [2, 1], "level": 2, "array_name": "DC'", "phase": [0, 0]}, {"target": [1, 0], "pattern": {"dx": 0, "dy": 0, "width": 4, "height": 1, "positive": "MA==", "mask": "8A=="}, "pattern_translation_multiple": [4, 1], "target_translation_multiple": [2, 1], "level": 2, "array_name": "DC'", "phase": [1, 0]}, {"target": [0, 0], "pattern": {"dx": 0, "dy": 0, "width": 4, "height": 1, "positive": "8A==", "mask": "8A=="}, "pattern_translation_multiple": [4, 1], "target_translation_multiple": [2, 1], "level": 2, "array_name": "DC''", "phase": [0, 0]}, {"target": [1, 0], "pattern": {"dx": 0, "dy": 0, "width": 4, "height": 1, "positive": "MA==", "mask": "8A=="}, "pattern_translation_multiple": [4, 1], "target_translation_multiple": [2, 1], "level": 2, "array_name": "DC''", "phase": [1, 0]}, {"target": [0, 0], "pattern": {"dx": 0, "dy": 0, "width": 4, "height": 1, "positive": "8A==", "mask": "8A=="}, "pattern_translation_multiple": [4, 1], "target_translation_multiple": [1, 1], "level": 1, "array_name": "DC", "phase": [0, 0]}, {"target": [0, 0], "pattern": {"dx": 0, "dy": 0, "width": 4, "height": 1, "positive": "8A==", "mask": "8A=="}, "pattern_translation_multiple": [8, 1], "target_translation_multiple": [2, 1], "level": 1, "array_name": "DC'", "phase": [0, 0]}, {"target": [1, 0], "pattern": {"dx": 0, "dy": 0, "width": 8, "height": 1, "positive": "Dw==", "mask": "/w=="}, "pattern_translation_multiple": [8, 1], "target_translation_multiple": [2, 1], "level": 1, "array_name": "DC'", "phase": [1, 0]}, {"target": [0, 0], "pattern": {"dx": 0, "dy": 0, "width": 8, "height": 1, "positive": "/w==", "mask": "/w=="}, "pattern_translation_multiple": [8, 1], "target_translation_multiple": [2, 1], "level": 1, "array_name": "DC''", "phase": [0, 0]}, {"target": [1, 0], "pattern": {"dx": 0, "dy": 0, "width": 8, "height": 1, "positive": "Dw==", "mask": "/w=="}, "pattern_translation_multiple": [8, 1], "target_translation_multiple": [2, 1], "level": 1, "array_name": "DC''", "phase": [1, 0]}], "synthesis_test_patterns": [{"target": [0, 0], "pattern": {"dx": 0, "dy": 0, "width": 8, "height": 1, "positive": "/w==", "mask": "/w=="}, "pattern_translation_multiple": [8, 1], "target_translation_multiple": [1, 1], "level": 1, "array_name": "L", "phase": [0, 0]}, {"target": [0, 0], "pattern": {"dx": 0, "dy": 0, "width": 8, "height": 1, "positive": "Dw==", "mask": "/w=="}, "pattern_translation_multiple": [8, 1], "target_translation_multiple": [1, 1], "level": 1, "array_name": "H", "phase": [0, 0]}, {"target": [0, 0], "pattern": {"dx": 0, "dy": 0, "width": 8, "height": 1, "positive": "/w==", "mask": "/w=="}, "pattern_translation_multiple": [8, 1], "target_translation_multiple": [2, 1], "level": 1, "array_name": "DC'", "phase": [0, 0]}, {"target": [1, 0], "pattern": {"dx": 0, "dy": 0, "width": 8, "height": 1, "positive": "Dw==", "mask": "/w=="}, "pattern_translation_multiple": [8, 1], "target_translation_multiple": [2, 1], "level": 1, "array_name": "DC'", "phase": [1, 0]}, {"target": [0, 0], "pattern": {"dx": 0, "dy": 0, "width": 8, "height": 1, "positive": "/w==", "mask": "/w=="}, "pattern_translation_multiple": [8, 1], "target_translation_multiple": [2, 1], "level": 1, "array_name": "DC", "phase": [0, 0]}, {"target": [1, 0], "pattern": {"dx": 0, "dy": 0, "width": 8, "height": 1, "positive": "/w==", "mask": "/w=="}, "pattern_translation_multiple": [8, 1], "target_translation_multiple": [2, 1], "level": 1, "array_name": "DC", "phase": [1, 0]}, {"target": [0, 0], "pattern": {"dx": 0, "dy": 0, "width": 8, "height": 1, "positive": "/w==", "mask": "/w=="}, "pattern_translation_multiple": [8, 1], "target_translation_multiple": [2, 1], "level": 1, "array_name": "Output", "phase": [0, 0]}, {"target": [1, 0], "pattern": {"dx": 0, "dy": 0, "width": 8, "height": 1, "positive": "/w==", "mask": "/w=="}, "pattern_translation_multiple": [8, 1], "target_translation_multiple": [2, 1], "level": 1, "array_name": "Output", "phase": [1, 0]}, {"target": [0, 0], "pattern": {"dx": 0, "dy": 0, "width": 8, "height": 1, "positive": "/w==", "mask": "/w=="}, "pattern_translation_multiple": [8, 1], "target_translation_multiple": [2, 1], "level": 2, "array_name": "L", "phase": [0, 0]}, {"target": [1, 0], "pattern": {"dx": 0, "dy": 0, "width": 8, "height": 1, "positive": "/w==", "mask": "/w=="}, "pattern_translation_multiple": [8, 1], "target_translation_multiple": [2, 1], "level": 2, "array_name": "L", "phase": [1, 0]}, {"target": [0, 0], "pattern": {"dx": 0, "dy": 0, "width": 4, "height": 1, "positive": "MA==", "mask": "8A=="}, "pattern_translation_multiple": [4, 1], "target_translation_multiple": [1, 1], "level": 2, "array_name": "H", "phase": [0, 0]}, {"target": [0, 0], "pattern": {"dx": 0, "dy": 0, "width": 8, "height": 1, "positive": "zw==", "mask": "/w=="}, "pattern_translation_multiple": [8, 1], "target_translation_multiple": [4, 1], "level": 2, "array_name": "DC'", "phase": [0, 0]}, {"target": [1, 0], "pattern": {"dx": 0, "dy": 0, "width": 4, "height": 1, "positive": "MA==", "mask": "8A=="}, "pattern_translation_multiple": [8, 1], "target_translation_multiple": [4, 1], "level": 2, "array_name": "DC'", "phase": [1, 0]}, {"target": [2, 0], "pattern": {"dx": 0, "dy": 0, "width": 8, "height": 1, "positive": "/A==", "mask": "/w=="}, "pattern_translation_multiple": [8, 1], "target_translation_multiple": [4, 1], "level": 2, "array_name": "DC'", "phase": [2, 0]}, {"target": [3, 0], "pattern": {"dx": 4, "dy": 0, "width": 4, "height": 1, "positive": "MA==", "mask": "8A=="}, "pattern_translation_multiple": [8, 1], "target_translation_multiple": [4, 1], "level": 2, "array_name": "DC'", "phase": [3, 0]}, {"target": [0, 0], "pattern": {"dx": 0, "dy": 0, "width": 8, "height": 1, "positive": "zw==", "mask": "/w=="}, "pattern_translation_multiple": [8, 1], "target_translation_multiple": [4, 1], "level": 2, "array_name": "DC", "phase": [0, 0]}, {"target": [1, 0], "pattern": {"dx": 0, "dy": 0, "width": 8, "height": 1, "positive": "Pw==", "mask": "/w=="}, "pattern_translation_multiple": [8, 1], "target_translation_multiple": [4, 1], "level": 2, "array_name": "DC", "phase": [1, 0]}, {"target": [2, 0], "pattern": {"dx": 0, "dy": 0, "width": 8, "height": 1, "positive": "/A==", "mask": "/w=="}, "pattern_translation_multiple": [8, 1], "target_translation_multiple": [4, 1], "level": 2, "array_name": "DC", "phase": [2, 0]}, {"target": [3, 0], "pattern": {"dx": 0, "dy": 0, "width": 8, "height": 1, "positive": "8w==", "mask": "/w=="}, "pattern_translation_multiple": [8, 1], "target_translation_multiple": [4, 1], "level": 2, "array_name": "DC", "phase": [3, 0]}, {"target": [0, 0], "pattern": {"dx": 0, "dy": 0, "width": 8, "height": 1, "positive": "zw==", "mask": "/w=="}, "pattern_translation_multiple": [8, 1], "target_translation_multiple": [4, 1], "level": 2, "array_name": "Output", "phase": [0, 0]}, {"target": [1, 0], "pattern": {"dx": 0, "dy": 0, "width": 8, "height": 1, "positive": "Pw==", "mask": "/w=="}, "pattern_translation_multiple": [8, 1], "target_translation_multiple": [4, 1], "level": 2, "array_name": "Output", "phase": [1, 0]}, {"target": [2, 0], "pattern": {"dx": 0, "dy": 0, "width": 8, "height": 1, "positive": "/A==", "mask": "/w=="}, "pattern_translation_multiple": [8, 1], "target_translation_multiple": [4, 1], "level": 2, "array_name": "Output", "phase": [2, 0]}, {"target": [3, 0], "pattern": {"dx": 0, "dy": 0, "width": 8, "height": 1, "positive": "8w==", "mask": "/w=="}, "pattern_translation_multiple": [8, 1], "target_translation_multiple": [4, 1], "level": 2, "array_name": "Output", "phase": [3, 0]}, {"target": [0, 0], "pattern": {"dx": 0, "dy": 0, "width": 8, "height": 1, "positive": "zw==", "mask": "/w=="}, "pattern_translation_multiple": [8, 1], "target_translation_multiple": [4, 1], "level": 3, "array_name": "L", "phase": [0, 0]}, {"target": [1, 0], "pattern": {"dx": 0, "dy": 0, "width": 8, "height": 1, "positive": "Pw==", "mask": "/w=="}, "pattern_translation_multiple": [8, 1], "target_translation_multiple": [4, 1], "level": 3, "array_name": "L", "phase": [1, 0]}, {"target": [2, 0], "pattern": {"dx": 0, "dy": 0, "width": 8, "height": 1, "positive": "/A==", "mask": "/w=="}, "pattern_translation_multiple": [8, 1], "target_translation_multiple": [4, 1], "level": 3, "array_name": "L", "phase": [2, 0]}, {"target": [3, 0], "pattern": {"dx": 0, "dy": 0, "width": 8, "height": 1, "positive": "8w==", "mask": "/w=="}, "pattern_translation_multiple": [8, 1], "target_translation_multiple": [4, 1], "level": 3, "array_name": "L", "phase": [3, 0]}, {"target": [0, 0], "pattern": {"dx": 0, "dy": 0, "width": 2, "height": 1, "positive": "QA==", "mask": "wA=="}, "pattern_translation_multiple": [2, 1], "target_translation_multiple": [1, 1], "level": 3, "array_name": "H", "phase": [0, 0]}, {"target": [0, 0], "pattern": {"dx": 0, "dy": 0, "width": 8, "height": 1, "positive": "jw==", "mask": "/w=="}, "pattern_translation_multiple": [8, 1], "target_translation_multiple": [8, 1], "level": 3, "array_name": "DC'", "phase": [0, 0]}, {"target": [1, 0], "pattern": {"dx": 0, "dy": 0, "width": 2, "height": 1, "positive": "QA==", "mask": "wA=="}, "pattern_translation_multiple": [8, 1], "target_translation_multiple": [8, 1], "level": 3, "array_name": "DC'", "phase": [1, 0]}, {"target": [2, 0], "pattern": {"dx": 0, "dy": 0, "width": 8, "height": 1, "positive": "Lw==", "mask": "/w=="}, "pattern_translation_multiple": [8, 1], "target_translation_multiple": [8, 1], "level": 3, "array_name": "DC'", "phase": [2, 0]}, {"target": [3, 0], "pattern": {"dx": 2, "dy": 0, "width": 2, "height": 1, "positive": "QA==", "mask": "wA=="}, "pattern_translation_multiple": [8, 1], "target_translation_multiple": [8, 1], "level": 3, "array_name": "DC'", "phase": [3, 0]}, {"target": [4, 0], "pattern": {"dx": 0, "dy": 0, "width": 8, "height": 1, "positive": "+A==", "mask": "/w=="}, "pattern_translation_multiple": [8, 1], "target_translation_multiple": [8, 1], "level": 3, "array_name": "DC'", "phase": [4, 0]}, {"target": [5, 0], "pattern": {"dx": 4, "dy": 0, "width": 2, "height": 1, "positive": "QA==", "mask": "wA=="}, "pattern_translation_multiple": [8, 1], "target_translation_multiple": [8, 1], "level": 3, "array_name": "DC'", "phase": [5, 0]}, {"target": [6, 0], "pattern": {"dx": 0, "dy": 0, "width": 8, "height": 1, "positive": "8g==", "mask": "/w=="}, "pattern_translation_multiple": [8, 1], "target_translation_multiple": [8, 1], "level": 3, "array_name": "DC'", "phase": [6, 0]}, {"target": [7, 0], "pattern": {"dx": 6, "dy": 0, "width": 2, "height": 1, "positive": "QA==", "mask": "wA=="}, "pattern_translation_multiple": [8, 1], "target_translation_multiple": [8, 1], "level": 3, "array_name": "DC'", "phase": [7, 0]}, {"target": [0, 0], "pattern": {"dx": 0, "dy": 0, "width": 8, "height": 1, "positive": "jw==", "mask": "/w=="}, "pattern_translation_multiple": [8, 1], "target_translation_multiple": [8, 1], "level": 3, "array_name": "DC", "phase": [0, 0]}, {"target": [1, 0], "pattern": {"dx": 0, "dy": 0, "width": 8, "height": 1, "positive": "Tw==", "mask": "/w=="}, "pattern_translation_multiple": [8, 1], "target_translation_multiple": [8, 1], "level": 3, "array_name": "DC", "phase": [1, 0]}, {"target": [2, 0], "pattern": {"dx": 0, "dy": 0, "width": 8, "height": 1, "positive": "Lw==", "mask": "/w=="}, "pattern_translation_multiple": [8, 1], "target_translation_multiple": [8, 1], "level": 3, "array_name": "DC", "phase": [2, 0]}, {"target": [3, 0], "pattern": {"dx": 0, "dy": 0, "width": 8, "height": 1, "positive": "Hw==", "mask": "/w=="}, "pattern_translation_multiple": [8, 1], "target_translation_multiple": [8, 1], "level": 3, "array_name": "DC", "phase": [3, 0]}, {"target": [4, 0], "pattern": {"dx": 0, "dy": 0, "width": 8, "height": 1, "positive": "+A==", "mask": "/w=="}, "pattern_translation_multiple": [8, 1], "target_translation_multiple": [8, 1], "level": 3, "array_name": "DC", "phase": [4, 0]}, {"target": [5, 0], "pattern": {"dx": 0, "dy": 0, "width": 8, "height": 1, "positive": "9A==", "mask": "/w=="}, "pattern_translation_multiple": [8, 1], "target_translation_multiple": [8, 1], "level": 3, "array_name": "DC", "phase": [5, 0]}, {"target": [6, 0], "pattern": {"dx": 0, "dy": 0, "width": 8, "height": 1, "positive": "8g==", "mask": "/w=="}, "pattern_translation_multiple": [8, 1], "target_translation_multiple": [8, 1], "level": 3, "array_name": "DC", "phase": [6, 0]}, {"target": [7, 0], "pattern": {"dx": 0, "dy": 0, "width": 8, "height": 1, "positive": "8Q==", "mask": "/w=="}, "pattern_translation_multiple": [8, 1], "target_translation_multiple": [8, 1], "level": 3, "array_name": "DC", "phase": [7, 0]}, {"target": [0, 0], "pattern": {"dx": 0, "dy": 0, "width": 8, "height": 1, "positive": "jw==", "mask": "/w=="}, "pattern_translation_multiple": [8, 1], "target_translation_multiple": [8, 1], "level": 3, "array_name": "Output", "phase": [0, 0]}, {"target": [1, 0], "pattern": {"dx": 0, "dy": 0, "width": 8, "height": 1, "positive": "Tw==", "mask": "/w=="}, "pattern_translation_multiple": [8, 1], "target_translation_multiple": [8, 1], "level": 3, "array_name": "Output", "phase": [1, 0]}, {"target": [2, 0], "pattern": {"dx": 0, "dy": 0, "width": 8, "height": 1, "positive": "Lw==", "mask": "/w=="}, "pattern_translation_multiple": [8, 1], "target_translation_multiple": [8, 1], "level": 3, "array_name": "Output", "phase": [2, 0]}, {"target": [3, 0], "pattern": {"dx": 0, "dy": 0, "width": 8, "height": 1, "positive": "Hw==", "mask": "/w=="}, "pattern_translation_multiple": [8, 1], "target_translation_multiple": [8, 1], "level": 3, "array_name": "Output", "phase": [3, 0]}, {"target": [4, 0], "pattern": {"dx": 0, "dy": 0, "width": 8, "height": 1, "positive": "+A==", "mask": "/w=="}, "pattern_translation_multiple": [8, 1], "target_translation_multiple": [8, 1], "level": 3, "array_name": "Output", "phase": [4, 0]}, {"target": [5, 0], "pattern": {"dx": 0, "dy": 0, "width": 8, "height": 1, "positive": "9A==", "mask": "/w=="}, "pattern_translation_multiple": [8, 1], "target_translation_multiple": [8, 1], "level": 3, "array_name": "Output", "phase": [5, 0]}, {"target": [6, 0], "pattern": {"dx": 0, "dy": 0, "width": 8, "height": 1, "positive": "8g==", "mask": "/w=="}, "pattern_translation_multiple": [8, 1], "target_translation_multiple": [8, 1], "level": 3, "array_name": "Output", "phase": [6, 0]}, {"target": [7, 0], "pattern": {"dx": 0, "dy": 0, "width": 8, "height": 1, "positive": "8Q==", "mask": "/w=="}, "pattern_translation_multiple": [8, 1], "target_translation_multiple": [8, 1], "level": 3, "array_name": "Output", "phase": [7, 0]}]}