{"wavelet_index": 5, "wavelet_index_ho": 5, "dwt_depth": 0, "dwt_depth_ho": 3, "analysis_signal_bounds": [{"lower_bound": [{"symbol": "signal_min", "numer": "1", "denom": "1"}], "upper_bound": [{"symbol": "signal_max", "numer": "1", "denom": "1"}], "level": 3, "array_name": "Input", "phase": [0, 0]}, {"lower_bound": [{"symbol": "signal_min", "numer": "155", "denom": "64"}, {"symbol": "signal_max", "numer": "-27", "denom": "64"}, {"symbol": null, "numer": "-1", "denom": "2"}], "upper_bound": [{"symbol": "signal_max", "numer": "155", "denom": "64"}, {"symbol": "signal_min", "numer": "-27", "denom": "64"}, {"symbol": null, "numer": "1", "denom": "2"}], "level": 3, "array_name": "DC'", "phase": [0, 0]}, {"lower_bound": [{"symbol": "signal_min", "numer": "1", "denom": "1"}], "upper_bound": [{"symbol": "signal_max", "numer": "1", "denom": "1"}], "level": 3, "array_name": "DC'", "phase": [1, 0]}, {"lower_bound": [{"symbol": "signal_min", "numer": "155", "denom": "64"}, {"symbol": "signal_max", "numer": "-27", "denom": "64"}, {"symbol": null, "numer": "-1", "denom": "2"}], "upper_bound": [{"symbol": "signal_max", "numer": "155", "denom": "64"}, {"symbol": "signal_min", "numer": "-27", "denom": "64"}, {"symbol": null, "numer": "1", "denom": "2"}], "level": 3, "array_name": "DC''", "phase": [0, 0]}, {"lower_bound": [{"symbol": "signal_min", "numer": "34067", "denom": "32768"}, {"symbol": "signal_max", "numer": "-28947", "denom": "32768"}, {"symbol": null, "numer": "-123", "denom": "128"}], "upper_bound": [{"symbol": "signal_max", "numer": "34067", "denom": "32768"}, {"symbol": "signal_min", "numer": "-28947", "denom": "32768"}, {"symbol": null, "numer": "123", "denom": "128"}], "level": 3, "array_name": "DC''", "phase": [1, 0]}, {"lower_bound": [{"symbol": "signal_min", "numer": "165055", "denom": "32768"}, {"symbol": "signal_max", "numer": "-33983", "denom": "32768"}, {"symbol": null, "numer": "-123", "denom": "64"}], "upper_bound": [{"symbol": "signal_max", "numer": "165055", "denom": "32768"}, {"symbol": "signal_min", "numer": "-33983", "denom": "32768"}, {"symbol": null, "numer": "123", "denom": "64"}], "level": 2, "array_name": "DC'", "phase": [0, 0]}, {"lower_bound": [{"symbol": "signal_min", "numer": "155", "denom": "64"}, {"symbol": "signal_max", "numer": "-27", "denom": "64"}, {"symbol": null, "numer": "-1", "denom": "2"}], "upper_bound": [{"symbol": "signal_max", "numer": "155", "denom": "64"}, {"symbol": "signal_min", "numer": "-27", "denom": "64"}, {"symbol": null, "numer": "1", "denom": "2"}], "level": 2, "array_name": "DC'", "phase": [1, 0]}, {"lower_bound": [{"symbol": "signal_min", "numer": "165055", "denom": "32768"}, {"symbol": "signal_max", "numer": "-33983", "denom": "32768"}, {"symbol": null, "numer": "-123", "denom": "64"}], "upper_bound": [{"symbol": "signal_max", "numer": "165055", "denom": "32768"}, {"symbol": "signal_min", "numer": "-33983", "denom": "32768"}, {"symbol": null, "numer": "123", "denom": "64"}], "level": 2, "array_name": "DC''", "phase": [0, 0]}, {"lower_bound": [{"symbol": "signal_min", "numer": "34485953", "denom": "16777216"}, {"symbol": "signal_max", "numer": "-29243073", "denom": "16777216"}, {"symbol": null, "numer": "-62995", "denom": "32768"}], "upper_bound": [{"symbol": "signal_max", "numer": "34485953", "denom": "16777216"}, {"symbol": "signal_min", "numer": "-29243073", "denom": "16777216"}, {"symbol": null, "numer": "62995", "denom": "32768"}], "level": 2, "array_name": "DC''", "phase": [1, 0]}, {"lower_bound": [{"symbol": "signal_min", "numer": "85706553", "denom": "8388608"}, {"symbol": null, "numer": "-162495", "denom": "32768"}, {"symbol": "signal_max", "numer": "-18597689", "denom": "8388608"}], "upper_bound": [{"symbol": "signal_max", "numer": "85706553", "denom": "8388608"}, {"symbol": null, "numer": "162495", "denom": "32768"}, {"symbol": "signal_min", "numer": "-18597689", "denom": "8388608"}], "level": 1, "array_name": "DC'", "phase": [0, 0]}, {"lower_bound": [{"symbol": "signal_min", "numer": "165055", "denom": "32768"}, {"symbol": "signal_max", "numer": "-33983", "denom": "32768"}, {"symbol": null, "numer": "-123", "denom": "64"}], "upper_bound": [{"symbol": "signal_max", "numer": "165055", "denom": "32768"}, {"symbol": "signal_min", "numer": "-33983", "denom": "32768"}, {"symbol": null, "numer": "123", "denom": "64"}], "level": 1, "array_name": "DC'", "phase": [1, 0]}, {"lower_bound": [{"symbol": "signal_min", "numer": "85706553", "denom": "8388608"}, {"symbol": null, "numer": "-162495", "denom": "32768"}, {"symbol": "signal_max", "numer": "-18597689", "denom": "8388608"}], "upper_bound": [{"symbol": "signal_max", "numer": "85706553", "denom": "8388608"}, {"symbol": null, "numer": "162495", "denom": "32768"}, {"symbol": "signal_min", "numer": "-18597689", "denom": "8388608"}], "level": 1, "array_name": "DC''", "phase": [0, 0]}, {"lower_bound": [{"symbol": "signal_min", "numer": "17409283555", "denom": "4294967296"}, {"symbol": "signal_max", "numer": "-14724928995", "denom": "4294967296"}, {"symbol": null, "numer": "-64117953", "denom": "16777216"}], "upper_bound": [{"symbol": "signal_max", "numer": "17409283555", "denom": "4294967296"}, {"symbol": "signal_min", "numer": "-14724928995", "denom": "4294967296"}, {"symbol": null, "numer": "64117953", "denom": "16777216"}], "level": 1, "array_name": "DC''", "phase": [1, 0]}], "synthesis_signal_bounds": [{"lower_bound": [{"symbol": "coeff_0_L_min", "numer": "1", "denom": "1"}], "upper_bound": [{"symbol": "coeff_0_L_max", "numer": "1", "denom": "1"}], "level": 1, "array_name": "L", "phase": [0, 0]}, {"lower_bound": [{"symbol": "coeff_1_H_min", "numer": "1", "denom": "1"}], "upper_bound": [{"symbol": "coeff_1_H_max", "numer": "1", "denom": "1"}], "level": 1, "array_name": "H", "phase": [0, 0]}, {"lower_bound": [{"symbol": "coeff_0_L_min", "numer": "1", "denom": "1"}], "upper_bound": [{"symbol": "coeff_0_L_max", "numer": "1", "denom": "1"}], "level": 1, "array_name": "DC'", "phase": [0, 0]}, {"lower_bound": [{"symbol": "coeff_1_H_min", "numer": "1", "denom": "1"}, {"symbol": "coeff_0_L_max", "numer": "-1", "denom": "4"}, {"symbol": "coeff_0_L_min", "numer": "43", "denom": "64"}, {"symbol": null, "numer": "-1", "denom": "2"}], "upper_bound": [{"symbol": "coeff_1_H_max", "numer": "1", "denom": "1"}, {"symbol": "coeff_0_L_min", "numer": "-1", "denom": "4"}, {"symbol": "coeff_0_L_max", "numer": "43", "denom": "64"}, {"symbol": null, "numer": "1", "denom": "2"}], "level": 1, "array_name": "DC'", "phase": [1, 0]}, {"lower_bound": [{"symbol": "coeff_0_L_min", "numer": "25875", "denom": "32768"}, {"symbol": "coeff_1_H_min", "numer": "27", "denom": "64"}, {"symbol": "coeff_0_L_max", "numer": "-6931", "denom": "32768"}, {"symbol": null, "numer": "-91", "denom": "64"}, {"symbol": "coeff_1_H_max", "numer": "-91", "denom": "64"}], "upper_bound": [{"symbol": "coeff_0_L_max", "numer": "25875", "denom": "32768"}, {"symbol": "coeff_1_H_max", "numer": "27", "denom": "64"}, {"symbol": "coeff_0_L_min", "numer": "-6931", "denom": "32768"}, {"symbol": null, "numer": "91", "denom": "64"}, {"symbol": "coeff_1_H_min", "numer": "-91", "denom": "64"}], "level": 1, "array_name": "DC", "phase": [0, 0]}, {"lower_bound": [{"symbol": "coeff_1_H_min", "numer": "1", "denom": "1"}, {"symbol": "coeff_0_L_max", "numer": "-1", "denom": "4"}, {"symbol": "coeff_0_L_min", "numer": "43", "denom": "64"}, {"symbol": null, "numer": "-1", "denom": "2"}], "upper_bound": [{"symbol": "coeff_1_H_max", "numer": "1", "denom": "1"}, {"symbol": "coeff_0_L_min", "numer": "-1", "denom": "4"}, {"symbol": "coeff_0_L_max", "numer": "43", "denom": "64"}, {"symbol": null, "numer": "1", "denom": "2"}], "level": 1, "array_name": "DC", "phase": [1, 0]}, {"lower_bound": [{"symbol": "coeff_2_H_min", "numer": "1", "denom": "1"}], "upper_bound": [{"symbol": "coeff_2_H_max", "numer": "1", "denom": "1"}], "level": 2, "array_name": "H", "phase": [0, 0]}, {"lower_bound": [{"symbol": "coeff_0_L_min", "numer": "25875", "denom": "32768"}, {"symbol": "coeff_1_H_min", "numer": "27", "denom": "64"}, {"symbol": "coeff_0_L_max", "numer": "-6931", "denom": "32768"}, {"symbol": null, "numer": "-91", "denom": "64"}, {"symbol": "coeff_1_H_max", "numer": "-91", "denom": "64"}], "upper_bound": [{"symbol": "coeff_0_L_max", "numer": "25875", "denom": "32768"}, {"symbol": "coeff_1_H_max", "numer": "27", "denom": "64"}, {"symbol": "coeff_0_L_min", "numer": "-6931", "denom": "32768"}, {"symbol": null, "numer": "91", "denom": "64"}, {"symbol": "coeff_1_H_min", "numer": "-91", "denom": "64"}], "level": 2, "array_name": "DC'", "phase": [0, 0]}, {"lower_bound": [{"symbol": "coeff_2_H_min", "numer": "1", "denom": "1"}, {"symbol": "coeff_1_H_min", "numer": "29283", "denom": "65536"}, {"symbol": "coeff_0_L_max", "numer": "-2509279", "denom": "16777216"}, {"symbol": "coeff_0_L_min", "numer": "5945823", "denom": "16777216"}, {"symbol": null, "numer": "-74595", "denom": "65536"}, {"symbol": "coeff_1_H_max", "numer": "-24163", "denom": "65536"}], "upper_bound": [{"symbol": "coeff_2_H_max", "numer": "1", "denom": "1"}, {"symbol": "coeff_1_H_max", "numer": "29283", "denom": "65536"}, {"symbol": "coeff_0_L_min", "numer": "-2509279", "denom": "16777216"}, {"symbol": "coeff_0_L_max", "numer": "5945823", "denom": "16777216"}, {"symbol": null, "numer": "74595", "denom": "65536"}, {"symbol": "coeff_1_H_min", "numer": "-24163", "denom": "65536"}], "level": 2, "array_name": "DC'", "phase": [1, 0]}, {"lower_bound": [{"symbol": "coeff_1_H_min", "numer": "1", "denom": "1"}, {"symbol": "coeff_0_L_max", "numer": "-1", "denom": "4"}, {"symbol": "coeff_0_L_min", "numer": "43", "denom": "64"}, {"symbol": null, "numer": "-1", "denom": "2"}], "upper_bound": [{"symbol": "coeff_1_H_max", "numer": "1", "denom": "1"}, {"symbol": "coeff_0_L_min", "numer": "-1", "denom": "4"}, {"symbol": "coeff_0_L_max", "numer": "43", "denom": "64"}, {"symbol": null, "numer": "1", "denom": "2"}], "level": 2, "array_name": "DC'", "phase": [2, 0]}, {"lower_bound": [{"symbol": "coeff_2_H_min", "numer": "1", "denom": "1"}, {"symbol": "coeff_0_L_max", "numer": "-973233", "denom": "8388608"}, {"symbol": "coeff_1_H_max", "numer": "-26223", "denom": "65536"}, {"symbol": "coeff_0_L_min", "numer": "2793905", "denom": "8388608"}, {"symbol": null, "numer": "-71535", "denom": "65536"}, {"symbol": "coeff_1_H_min", "numer": "21103", "denom": "65536"}], "upper_bound": [{"symbol": "coeff_2_H_max", "numer": "1", "denom": "1"}, {"symbol": "coeff_0_L_min", "numer": "-973233", "denom": "8388608"}, {"symbol": "coeff_1_H_min", "numer": "-26223", "denom": "65536"}, {"symbol": "coeff_0_L_max", "numer": "2793905", "denom": "8388608"}, {"symbol": null, "numer": "71535", "denom": "65536"}, {"symbol": "coeff_1_H_max", "numer": "21103", "denom": "65536"}], "level": 2, "array_name": "DC'", "phase": [3, 0]}, {"lower_bound": [{"symbol": "coeff_0_L_min", "numer": "1811331423", "denom": "4294967296"}, {"symbol": "coeff_1_H_min", "numer": "369335", "denom": "8388608"}, {"symbol": "coeff_0_L_max", "numer": "-234273119", "denom": "4294967296"}, {"symbol": null, "numer": "-19805623", "denom": "8388608"}, {"symbol": "coeff_1_H_max", "numer": "-8757943", "denom": "8388608"}, {"symbol": "coeff_2_H_min", "numer": "27", "denom": "64"}, {"symbol": "coeff_2_H_max", "numer": "-91", "denom": "64"}], "upper_bound": [{"symbol": "coeff_0_L_max", "numer": "1811331423", "denom": "4294967296"}, {"symbol": "coeff_1_H_max", "numer": "369335", "denom": "8388608"}, {"symbol": "coeff_0_L_min", "numer": "-234273119", "denom": "4294967296"}, {"symbol": null, "numer": "19805623", "denom": "8388608"}, {"symbol": "coeff_1_H_min", "numer": "-8757943", "denom": "8388608"}, {"symbol": "coeff_2_H_max", "numer": "27", "denom": "64"}, {"symbol": "coeff_2_H_min", "numer": "-91", "denom": "64"}], "level": 2, "array_name": "DC", "phase": [0, 0]}, {"lower_bound": [{"symbol": "coeff_2_H_min", "numer": "1", "denom": "1"}, {"symbol": "coeff_1_H_min", "numer": "29283", "denom": "65536"}, {"symbol": "coeff_0_L_max", "numer": "-2509279", "denom": "16777216"}, {"symbol": "coeff_0_L_min", "numer": "5945823", "denom": "16777216"}, {"symbol": null, "numer": "-74595", "denom": "65536"}, {"symbol": "coeff_1_H_max", "numer": "-24163", "denom": "65536"}], "upper_bound": [{"symbol": "coeff_2_H_max", "numer": "1", "denom": "1"}, {"symbol": "coeff_1_H_max", "numer": "29283", "denom": "65536"}, {"symbol": "coeff_0_L_min", "numer": "-2509279", "denom": "16777216"}, {"symbol": "coeff_0_L_max", "numer": "5945823", "denom": "16777216"}, {"symbol": null, "numer": "74595", "denom": "65536"}, {"symbol": "coeff_1_H_min", "numer": "-24163", "denom": "65536"}], "level": 2, "array_name": "DC", "phase": [1, 0]}, {"lower_bound": [{"symbol": "coeff_1_H_min", "numer": "16837105", "denom": "16777216"}, {"symbol": "coeff_0_L_max", "numer": "-569570387", "denom": "4294967296"}, {"symbol": "coeff_0_L_min", "numer": "1475540051", "denom": "4294967296"}, {"symbol": null, "numer": "-34073073", "denom": "16777216"}, {"symbol": "coeff_2_H_min", "numer": "27", "denom": "64"}, {"symbol": "coeff_1_H_max", "numer": "-59889", "denom": "16777216"}, {"symbol": "coeff_2_H_max", "numer": "-91", "denom": "64"}], "upper_bound": [{"symbol": "coeff_1_H_max", "numer": "16837105", "denom": "16777216"}, {"symbol": "coeff_0_L_min", "numer": "-569570387", "denom": "4294967296"}, {"symbol": "coeff_0_L_max", "numer": "1475540051", "denom": "4294967296"}, {"symbol": null, "numer": "34073073", "denom": "16777216"}, {"symbol": "coeff_2_H_max", "numer": "27", "denom": "64"}, {"symbol": "coeff_1_H_min", "numer": "-59889", "denom": "16777216"}, {"symbol": "coeff_2_H_min", "numer": "-91", "denom": "64"}], "level": 2, "array_name": "DC", "phase": [2, 0]}, {"lower_bound": [{"symbol": "coeff_2_H_min", "numer": "1", "denom": "1"}, {"symbol": "coeff_0_L_max", "numer": "-973233", "denom": "8388608"}, {"symbol": "coeff_1_H_max", "numer": "-26223", "denom": "65536"}, {"symbol": "coeff_0_L_min", "numer": "2793905", "denom": "8388608"}, {"symbol": null, "numer": "-71535", "denom": "65536"}, {"symbol": "coeff_1_H_min", "numer": "21103", "denom": "65536"}], "upper_bound": [{"symbol": "coeff_2_H_max", "numer": "1", "denom": "1"}, {"symbol": "coeff_0_L_min", "numer": "-973233", "denom": "8388608"}, {"symbol": "coeff_1_H_min", "numer": "-26223", "denom": "65536"}, {"symbol": "coeff_0_L_max", "numer": "2793905", "denom": "8388608"}, {"symbol": null, "numer": "71535", "denom": "65536"}, {"symbol": "coeff_1_H_max", "numer": "21103", "denom": "65536"}], "level": 2, "array_name": "DC", "phase": [3, 0]}, {"lower_bound": [{"symbol": "coeff_3_H_min", "numer": "1", "denom": "1"}], "upper_bound": [{"symbol": "coeff_3_H_max", "numer": "1", "denom": "1"}], "level": 3, "array_name": "H", "phase": [0, 0]}, {"lower_bound": [{"symbol": "coeff_0_L_min", "numer": "1811331423", "denom": "4294967296"}, {"symbol": "coeff_1_H_min", "numer": "369335", "denom": "8388608"}, {"symbol": "coeff_0_L_max", "numer": "-234273119", "denom": "4294967296"}, {"symbol": null, "numer": "-19805623", "denom": "8388608"}, {"symbol": "coeff_1_H_max", "numer": "-8757943", "denom": "8388608"}, {"symbol": "coeff_2_H_min", "numer": "27", "denom": "64"}, {"symbol": "coeff_2_H_max", "numer": "-91", "denom": "64"}], "upper_bound": [{"symbol": "coeff_0_L_max", "numer": "1811331423", "denom": "4294967296"}, {"symbol": "coeff_1_H_max", "numer": "369335", "denom": "8388608"}, {"symbol": "coeff_0_L_min", "numer": "-234273119", "denom": "4294967296"}, {"symbol": null, "numer": "19805623", "denom": "8388608"}, {"symbol": "coeff_1_H_min", "numer": "-8757943", "denom": "8388608"}, {"symbol": "coeff_2_H_max", "numer": "27", "denom": "64"}, {"symbol": "coeff_2_H_min", "numer": "-91", "denom": "64"}], "level": 3, "array_name": "DC'", "phase": [0, 0]}, {"lower_bound": [{"symbol": "coeff_3_H_min", "numer": "1", "denom": "1"}, {"symbol": "coeff_2_H_min", "numer": "29283", "denom": "65536"}, {"symbol": "coeff_1_H_max", "numer": "-1006639433", "denom": "2147483648"}, {"symbol": "coeff_0_L_max", "numer": "-16164750681", "denom": "274877906944"}, {"symbol": "coeff_0_L_min", "numer": "53263893849", "denom": "274877906944"}, {"symbol": null, "numer": "-3337501257", "denom": "2147483648"}, {"symbol": "coeff_1_H_min", "numer": "111941961", "denom": "2147483648"}, {"symbol": "coeff_2_H_max", "numer": "-24163", "denom": "65536"}], "upper_bound": [{"symbol": "coeff_3_H_max", "numer": "1", "denom": "1"}, {"symbol": "coeff_2_H_max", "numer": "29283", "denom": "65536"}, {"symbol": "coeff_1_H_min", "numer": "-1006639433", "denom": "2147483648"}, {"symbol": "coeff_0_L_min", "numer": "-16164750681", "denom": "274877906944"}, {"symbol": "coeff_0_L_max", "numer": "53263893849", "denom": "274877906944"}, {"symbol": null, "numer": "3337501257", "denom": "2147483648"}, {"symbol": "coeff_1_H_max", "numer": "111941961", "denom": "2147483648"}, {"symbol": "coeff_2_H_min", "numer": "-24163", "denom": "65536"}], "level": 3, "array_name": "DC'", "phase": [1, 0]}, {"lower_bound": [{"symbol": "coeff_2_H_min", "numer": "1", "denom": "1"}, {"symbol": "coeff_1_H_min", "numer": "29283", "denom": "65536"}, {"symbol": "coeff_0_L_max", "numer": "-2509279", "denom": "16777216"}, {"symbol": "coeff_0_L_min", "numer": "5945823", "denom": "16777216"}, {"symbol": null, "numer": "-74595", "denom": "65536"}, {"symbol": "coeff_1_H_max", "numer": "-24163", "denom": "65536"}], "upper_bound": [{"symbol": "coeff_2_H_max", "numer": "1", "denom": "1"}, {"symbol": "coeff_1_H_max", "numer": "29283", "denom": "65536"}, {"symbol": "coeff_0_L_min", "numer": "-2509279", "denom": "16777216"}, {"symbol": "coeff_0_L_max", "numer": "5945823", "denom": "16777216"}, {"symbol": null, "numer": "74595", "denom": "65536"}, {"symbol": "coeff_1_H_min", "numer": "-24163", "denom": "65536"}], "level": 3, "array_name": "DC'", "phase": [2, 0]}, {"lower_bound": [{"symbol": "coeff_3_H_min", "numer": "1", "denom": "1"}, {"symbol": "coeff_1_H_max", "numer": "-96988707", "denom": "4294967296"}, {"symbol": "coeff_0_L_min", "numer": "166257706739", "denom": "1099511627776"}, {"symbol": "coeff_0_L_max", "numer": "-81467754227", "denom": "1099511627776"}, {"symbol": null, "numer": "-5943786275", "denom": "4294967296"}, {"symbol": "coeff_2_H_max", "numer": "-26223", "denom": "65536"}, {"symbol": "coeff_1_H_min", "numer": "1823469091", "denom": "4294967296"}, {"symbol": "coeff_2_H_min", "numer": "21103", "denom": "65536"}], "upper_bound": [{"symbol": "coeff_3_H_max", "numer": "1", "denom": "1"}, {"symbol": "coeff_1_H_min", "numer": "-96988707", "denom": "4294967296"}, {"symbol": "coeff_0_L_max", "numer": "166257706739", "denom": "1099511627776"}, {"symbol": "coeff_0_L_min", "numer": "-81467754227", "denom": "1099511627776"}, {"symbol": null, "numer": "5943786275", "denom": "4294967296"}, {"symbol": "coeff_2_H_min", "numer": "-26223", "denom": "65536"}, {"symbol": "coeff_1_H_max", "numer": "1823469091", "denom": "4294967296"}, {"symbol": "coeff_2_H_max", "numer": "21103", "denom": "65536"}], "level": 3, "array_name": "DC'", "phase": [3, 0]}, {"lower_bound": [{"symbol": "coeff_1_H_min", "numer": "16837105", "denom": "16777216"}, {"symbol": "coeff_0_L_max", "numer": "-569570387", "denom": "4294967296"}, {"symbol": "coeff_0_L_min", "numer": "1475540051", "denom": "4294967296"}, {"symbol": null, "numer": "-34073073", "denom": "16777216"}, {"symbol": "coeff_2_H_min", "numer": "27", "denom": "64"}, {"symbol": "coeff_1_H_max", "numer": "-59889", "denom": "16777216"}, {"symbol": "coeff_2_H_max", "numer": "-91", "denom": "64"}], "upper_bound": [{"symbol": "coeff_1_H_max", "numer": "16837105", "denom": "16777216"}, {"symbol": "coeff_0_L_min", "numer": "-569570387", "denom": "4294967296"}, {"symbol": "coeff_0_L_max", "numer": "1475540051", "denom": "4294967296"}, {"symbol": null, "numer": "34073073", "denom": "16777216"}, {"symbol": "coeff_2_H_max", "numer": "27", "denom": "64"}, {"symbol": "coeff_1_H_min", "numer": "-59889", "denom": "16777216"}, {"symbol": "coeff_2_H_min", "numer": "-91", "denom": "64"}], "level": 3, "array_name": "DC'", "phase": [4, 0]}, {"lower_bound": [{"symbol": "coeff_3_H_min", "numer": "1", "denom": "1"}, {"symbol": "coeff_2_H_min", "numer": "29283", "denom": "65536"}, {"symbol": "coeff_0_L_max", "numer": "-87631941629", "denom": "1099511627776"}, {"symbol": "coeff_1_H_max", "numer": "-138815167", "denom": "2147483648"}, {"symbol": "coeff_0_L_min", "numer": "164452716541", "denom": "1099511627776"}, {"symbol": null, "numer": "-3237737791", "denom": "2147483648"}, {"symbol": "coeff_1_H_min", "numer": "1033512639", "denom": "2147483648"}, {"symbol": "coeff_2_H_max", "numer": "-24163", "denom": "65536"}], "upper_bound": [{"symbol": "coeff_3_H_max", "numer": "1", "denom": "1"}, {"symbol": "coeff_2_H_max", "numer": "29283", "denom": "65536"}, {"symbol": "coeff_0_L_min", "numer": "-87631941629", "denom": "1099511627776"}, {"symbol": "coeff_1_H_min", "numer": "-138815167", "denom": "2147483648"}, {"symbol": "coeff_0_L_max", "numer": "164452716541", "denom": "1099511627776"}, {"symbol": null, "numer": "3237737791", "denom": "2147483648"}, {"symbol": "coeff_1_H_max", "numer": "1033512639", "denom": "2147483648"}, {"symbol": "coeff_2_H_min", "numer": "-24163", "denom": "65536"}], "level": 3, "array_name": "DC'", "phase": [5, 0]}, {"lower_bound": [{"symbol": "coeff_2_H_min", "numer": "1", "denom": "1"}, {"symbol": "coeff_0_L_max", "numer": "-973233", "denom": "8388608"}, {"symbol": "coeff_1_H_max", "numer": "-26223", "denom": "65536"}, {"symbol": "coeff_0_L_min", "numer": "2793905", "denom": "8388608"}, {"symbol": null, "numer": "-71535", "denom": "65536"}, {"symbol": "coeff_1_H_min", "numer": "21103", "denom": "65536"}], "upper_bound": [{"symbol": "coeff_2_H_max", "numer": "1", "denom": "1"}, {"symbol": "coeff_0_L_min", "numer": "-973233", "denom": "8388608"}, {"symbol": "coeff_1_H_min", "numer": "-26223", "denom": "65536"}, {"symbol": "coeff_0_L_max", "numer": "2793905", "denom": "8388608"}, {"symbol": null, "numer": "71535", "denom": "65536"}, {"symbol": "coeff_1_H_max", "numer": "21103", "denom": "65536"}], "level": 3, "array_name": "DC'", "phase": [6, 0]}, {"lower_bound": [{"symbol": "coeff_3_H_min", "numer": "1", "denom": "1"}, {"symbol": "coeff_0_L_max", "numer": "-6459245629", "denom": "137438953472"}, {"symbol": "coeff_1_H_max", "numer": "-1889406331", "denom": "4294967296"}, {"symbol": "coeff_0_L_min", "numer": "25690391613", "denom": "137438953472"}, {"symbol": null, "numer": "-6383231611", "denom": "4294967296"}, {"symbol": "coeff_1_H_min", "numer": "162925947", "denom": "4294967296"}, {"symbol": "coeff_2_H_max", "numer": "-26223", "denom": "65536"}, {"symbol": "coeff_2_H_min", "numer": "21103", "denom": "65536"}], "upper_bound": [{"symbol": "coeff_3_H_max", "numer": "1", "denom": "1"}, {"symbol": "coeff_0_L_min", "numer": "-6459245629", "denom": "137438953472"}, {"symbol": "coeff_1_H_min", "numer": "-1889406331", "denom": "4294967296"}, {"symbol": "coeff_0_L_max", "numer": "25690391613", "denom": "137438953472"}, {"symbol": null, "numer": "6383231611", "denom": "4294967296"}, {"symbol": "coeff_1_H_max", "numer": "162925947", "denom": "4294967296"}, {"symbol": "coeff_2_H_min", "numer": "-26223", "denom": "65536"}, {"symbol": "coeff_2_H_max", "numer": "21103", "denom": "65536"}], "level": 3, "array_name": "DC'", "phase": [7, 0]}, {"lower_bound": [{"symbol": "coeff_0_L_min", "numer": "34576716296291", "denom": "140737488355328"}, {"symbol": "coeff_1_H_min", "numer": "11957288125", "denom": "549755813888"}, {"symbol": "coeff_0_L_max", "numer": "-4001334849635", "denom": "140737488355328"}, {"symbol": null, "numer": "-1538173959229", "denom": "549755813888"}, {"symbol": "coeff_1_H_max", "numer": "-248800197821", "denom": "549755813888"}, {"symbol": "coeff_2_H_min", "numer": "369335", "denom": "8388608"}, {"symbol": "coeff_2_H_max", "numer": "-8757943", "denom": "8388608"}, {"symbol": "coeff_3_H_min", "numer": "27", "denom": "64"}, {"symbol": "coeff_3_H_max", "numer": "-91", "denom": "64"}], "upper_bound": [{"symbol": "coeff_0_L_max", "numer": "34576716296291", "denom": "140737488355328"}, {"symbol": "coeff_1_H_max", "numer": "11957288125", "denom": "549755813888"}, {"symbol": "coeff_0_L_min", "numer": "-4001334849635", "denom": "140737488355328"}, {"symbol": null, "numer": "1538173959229", "denom": "549755813888"}, {"symbol": "coeff_1_H_min", "numer": "-248800197821", "denom": "549755813888"}, {"symbol": "coeff_2_H_max", "numer": "369335", "denom": "8388608"}, {"symbol": "coeff_2_H_min", "numer": "-8757943", "denom": "8388608"}, {"symbol": "coeff_3_H_max", "numer": "27", "denom": "64"}, {"symbol": "coeff_3_H_min", "numer": "-91", "denom": "64"}], "level": 3, "array_name": "DC", "phase": [0, 0]}, {"lower_bound": [{"symbol": "coeff_3_H_min", "numer": "1", "denom": "1"}, {"symbol": "coeff_2_H_min", "numer": "29283", "denom": "65536"}, {"symbol": "coeff_1_H_max", "numer": "-1006639433", "denom": "2147483648"}, {"symbol": "coeff_0_L_max", "numer": "-16164750681", "denom": "274877906944"}, {"symbol": "coeff_0_L_min", "numer": "53263893849", "denom": "274877906944"}, {"symbol": null, "numer": "-3337501257", "denom": "2147483648"}, {"symbol": "coeff_1_H_min", "numer": "111941961", "denom": "2147483648"}, {"symbol": "coeff_2_H_max", "numer": "-24163", "denom": "65536"}], "upper_bound": [{"symbol": "coeff_3_H_max", "numer": "1", "denom": "1"}, {"symbol": "coeff_2_H_max", "numer": "29283", "denom": "65536"}, {"symbol": "coeff_1_H_min", "numer": "-1006639433", "denom": "2147483648"}, {"symbol": "coeff_0_L_min", "numer": "-16164750681", "denom": "274877906944"}, {"symbol": "coeff_0_L_max", "numer": "53263893849", "denom": "274877906944"}, {"symbol": null, "numer": "3337501257", "denom": "2147483648"}, {"symbol": "coeff_1_H_max", "numer": "111941961", "denom": "2147483648"}, {"symbol": "coeff_2_H_min", "numer": "-24163", "denom": "65536"}], "level": 3, "array_name": "DC", "phase": [1, 0]}, {"lower_bound": [{"symbol": "coeff_2_H_min", "numer": "16837105", "denom": "16777216"}, {"symbol": "coeff_1_H_min", "numer": "259716934531", "denom": "1099511627776"}, {"symbol": "coeff_0_L_max", "numer": "-11781216235421", "denom": "140737488355328"}, {"symbol": "coeff_0_L_min", "numer": "25653641834397", "denom": "140737488355328"}, {"symbol": null, "numer": "-2587745003395", "denom": "1099511627776"}, {"symbol": "coeff_1_H_max", "numer": "-162618796931", "denom": "1099511627776"}, {"symbol": "coeff_3_H_min", "numer": "27", "denom": "64"}, {"symbol": "coeff_2_H_max", "numer": "-59889", "denom": "16777216"}, {"symbol": "coeff_3_H_max", "numer": "-91", "denom": "64"}], "upper_bound": [{"symbol": "coeff_2_H_max", "numer": "16837105", "denom": "16777216"}, {"symbol": "coeff_1_H_max", "numer": "259716934531", "denom": "1099511627776"}, {"symbol": "coeff_0_L_min", "numer": "-11781216235421", "denom": "140737488355328"}, {"symbol": "coeff_0_L_max", "numer": "25653641834397", "denom": "140737488355328"}, {"symbol": null, "numer": "2587745003395", "denom": "1099511627776"}, {"symbol": "coeff_1_H_min", "numer": "-162618796931", "denom": "1099511627776"}, {"symbol": "coeff_3_H_max", "numer": "27", "denom": "64"}, {"symbol": "coeff_2_H_min", "numer": "-59889", "denom": "16777216"}, {"symbol": "coeff_3_H_min", "numer": "-91", "denom": "64"}], "level": 3, "array_name": "DC", "phase": [2, 0]}, {"lower_bound": [{"symbol": "coeff_3_H_min", "numer": "1", "denom": "1"}, {"symbol": "coeff_1_H_max", "numer": "-96988707", "denom": "4294967296"}, {"symbol": "coeff_0_L_min", "numer": "166257706739", "denom": "1099511627776"}, {"symbol": "coeff_0_L_max", "numer": "-81467754227", "denom": "1099511627776"}, {"symbol": null, "numer": "-5943786275", "denom": "4294967296"}, {"symbol": "coeff_2_H_max", "numer": "-26223", "denom": "65536"}, {"symbol": "coeff_1_H_min", "numer": "1823469091", "denom": "4294967296"}, {"symbol": "coeff_2_H_min", "numer": "21103", "denom": "65536"}], "upper_bound": [{"symbol": "coeff_3_H_max", "numer": "1", "denom": "1"}, {"symbol": "coeff_1_H_min", "numer": "-96988707", "denom": "4294967296"}, {"symbol": "coeff_0_L_max", "numer": "166257706739", "denom": "1099511627776"}, {"symbol": "coeff_0_L_min", "numer": "-81467754227", "denom": "1099511627776"}, {"symbol": null, "numer": "5943786275", "denom": "4294967296"}, {"symbol": "coeff_2_H_min", "numer": "-26223", "denom": "65536"}, {"symbol": "coeff_1_H_max", "numer": "1823469091", "denom": "4294967296"}, {"symbol": "coeff_2_H_max", "numer": "21103", "denom": "65536"}], "level": 3, "array_name": "DC", "phase": [3, 0]}, {"lower_bound": [{"symbol": "coeff_1_H_min", "numer": "118724929767", "denom": "274877906944"}, {"symbol": "coeff_0_L_max", "numer": "-3154711850221", "denom": "70368744177664"}, {"symbol": "coeff_0_L_min", "numer": "13705544379629", "denom": "70368744177664"}, {"symbol": null, "numer": "-719057248487", "denom": "274877906944"}, {"symbol": "coeff_2_H_min", "numer": "369335", "denom": "8388608"}, {"symbol": "coeff_1_H_max", "numer": "-303474919", "denom": "274877906944"}, {"symbol": "coeff_2_H_max", "numer": "-8757943", "denom": "8388608"}, {"symbol": "coeff_3_H_min", "numer": "27", "denom": "64"}, {"symbol": "coeff_3_H_max", "numer": "-91", "denom": "64"}], "upper_bound": [{"symbol": "coeff_1_H_max", "numer": "118724929767", "denom": "274877906944"}, {"symbol": "coeff_0_L_min", "numer": "-3154711850221", "denom": "70368744177664"}, {"symbol": "coeff_0_L_max", "numer": "13705544379629", "denom": "70368744177664"}, {"symbol": null, "numer": "719057248487", "denom": "274877906944"}, {"symbol": "coeff_2_H_max", "numer": "369335", "denom": "8388608"}, {"symbol": "coeff_1_H_min", "numer": "-303474919", "denom": "274877906944"}, {"symbol": "coeff_2_H_min", "numer": "-8757943", "denom": "8388608"}, {"symbol": "coeff_3_H_max", "numer": "27", "denom": "64"}, {"symbol": "coeff_3_H_min", "numer": "-91", "denom": "64"}], "level": 3, "array_name": "DC", "phase": [4, 0]}, {"lower_bound": [{"symbol": "coeff_3_H_min", "numer": "1", "denom": "1"}, {"symbol": "coeff_2_H_min", "numer": "29283", "denom": "65536"}, {"symbol": "coeff_0_L_max", "numer": "-87631941629", "denom": "1099511627776"}, {"symbol": "coeff_1_H_max", "numer": "-138815167", "denom": "2147483648"}, {"symbol": "coeff_0_L_min", "numer": "164452716541", "denom": "1099511627776"}, {"symbol": null, "numer": "-3237737791", "denom": "2147483648"}, {"symbol": "coeff_1_H_min", "numer": "1033512639", "denom": "2147483648"}, {"symbol": "coeff_2_H_max", "numer": "-24163", "denom": "65536"}], "upper_bound": [{"symbol": "coeff_3_H_max", "numer": "1", "denom": "1"}, {"symbol": "coeff_2_H_max", "numer": "29283", "denom": "65536"}, {"symbol": "coeff_0_L_min", "numer": "-87631941629", "denom": "1099511627776"}, {"symbol": "coeff_1_H_min", "numer": "-138815167", "denom": "2147483648"}, {"symbol": "coeff_0_L_max", "numer": "164452716541", "denom": "1099511627776"}, {"symbol": null, "numer": "3237737791", "denom": "2147483648"}, {"symbol": "coeff_1_H_max", "numer": "1033512639", "denom": "2147483648"}, {"symbol": "coeff_2_H_min", "numer": "-24163", "denom": "65536"}], "level": 3, "array_name": "DC", "phase": [5, 0]}, {"lower_bound": [{"symbol": "coeff_2_H_min", "numer": "16837105", "denom": "16777216"}, {"symbol": "coeff_0_L_max", "numer": "-17763653978077", "denom": "281474976710656"}, {"symbol": "coeff_1_H_max", "numer": "-209532173961", "denom": "1099511627776"}, {"symbol": "coeff_0_L_min", "numer": "49392430680029", "denom": "281474976710656"}, {"symbol": null, "numer": "-2512205927817", "denom": "1099511627776"}, {"symbol": "coeff_1_H_min", "numer": "112434036361", "denom": "1099511627776"}, {"symbol": "coeff_3_H_min", "numer": "27", "denom": "64"}, {"symbol": "coeff_2_H_max", "numer": "-59889", "denom": "16777216"}, {"symbol": "coeff_3_H_max", "numer": "-91", "denom": "64"}], "upper_bound": [{"symbol": "coeff_2_H_max", "numer": "16837105", "denom": "16777216"}, {"symbol": "coeff_0_L_min", "numer": "-17763653978077", "denom": "281474976710656"}, {"symbol": "coeff_1_H_min", "numer": "-209532173961", "denom": "1099511627776"}, {"symbol": "coeff_0_L_max", "numer": "49392430680029", "denom": "281474976710656"}, {"symbol": null, "numer": "2512205927817", "denom": "1099511627776"}, {"symbol": "coeff_1_H_max", "numer": "112434036361", "denom": "1099511627776"}, {"symbol": "coeff_3_H_max", "numer": "27", "denom": "64"}, {"symbol": "coeff_2_H_min", "numer": "-59889", "denom": "16777216"}, {"symbol": "coeff_3_H_min", "numer": "-91", "denom": "64"}], "level": 3, "array_name": "DC", "phase": [6, 0]}, {"lower_bound": [{"symbol": "coeff_3_H_min", "numer": "1", "denom": "1"}, {"symbol": "coeff_0_L_max", "numer": "-6459245629", "denom": "137438953472"}, {"symbol": "coeff_1_H_max", "numer": "-1889406331", "denom": "4294967296"}, {"symbol": "coeff_0_L_min", "numer": "25690391613", "denom": "137438953472"}, {"symbol": null, "numer": "-6383231611", "denom": "4294967296"}, {"symbol": "coeff_1_H_min", "numer": "162925947", "denom": "4294967296"}, {"symbol": "coeff_2_H_max", "numer": "-26223", "denom": "65536"}, {"symbol": "coeff_2_H_min", "numer": "21103", "denom": "65536"}], "upper_bound": [{"symbol": "coeff_3_H_max", "numer": "1", "denom": "1"}, {"symbol": "coeff_0_L_min", "numer": "-6459245629", "denom": "137438953472"}, {"symbol": "coeff_1_H_min", "numer": "-1889406331", "denom": "4294967296"}, {"symbol": "coeff_0_L_max", "numer": "25690391613", "denom": "137438953472"}, {"symbol": null, "numer": "6383231611", "denom": "4294967296"}, {"symbol": "coeff_1_H_max", "numer": "162925947", "denom": "4294967296"}, {"symbol": "coeff_2_H_min", "numer": "-26223", "denom": "65536"}, {"symbol": "coeff_2_H_max", "numer": "21103", "denom": "65536"}], "level": 3, "array_name": "DC", "phase": [7, 0]}], "analysis_test_patterns": [{"target": [0, 0], "pattern": {"dx": 0, "dy": 0, "width": 1, "height": 1, "positive": "gA==", "mask": "gA=="}, "pattern_translation_multiple": [1, 1], "target_translation_multiple": [1, 1], "level": 3, "array_name": "Input", "phase": [0, 0]}, {"target": [8, 0], "pattern": {"dx": 1, "dy": 0, "width": 15, "height": 1, "positive": "I4g=", "mask": "q6o="}, "pattern_translation_multiple": [2, 1], "target_translation_multiple": [2, 1], "level": 3, "array_name": "DC'", "phase": [0, 0]}, {"target": [1, 0], "pattern": {"dx": 1, "dy": 0, "width": 1, "height": 1, "positive": "gA==", "mask": "gA=="}, "pattern_translation_multiple": [2, 1], "target_translation_multiple": [2, 1], "level": 3, "array_name": "DC'", "phase": [1, 0]}, {"target": [8, 0], "pattern": {"dx": 1, "dy": 0, "width": 15, "height": 1, "positive": "I4g=", "mask": "q6o="}, "pattern_translation_multiple": [2, 1], "target_translation_multiple": [2, 1], "level": 3, "array_name": "DC''", "phase": [0, 0]}, {"target": [15, 0], "pattern": {"dx": 1, "dy": 0, "width": 29, "height": 1, "positive": "A3JmIA==", "mask": "q//+qA=="}, "pattern_translation_multiple": [2, 1], "target_translation_multiple": [2, 1], "level": 3, "array_name": "DC''", "phase": [1, 0]}, {"target": [12, 0], "pattern": {"dx": 3, "dy": 0, "width": 43, "height": 1, "positive": "iDg/g4Ig", "mask": "q7u/u7qg"}, "pattern_translation_multiple": [4, 1], "target_translation_multiple": [2, 1], "level": 2, "array_name": "DC'", "phase": [0, 0]}, {"target": [5, 0], "pattern": {"dx": 3, "dy": 0, "width": 15, "height": 1, "positive": "I4g=", "mask": "q6o="}, "pattern_translation_multiple": [4, 1], "target_translation_multiple": [2, 1], "level": 2, "array_name": "DC'", "phase": [1, 0]}, {"target": [12, 0], "pattern": {"dx": 3, "dy": 0, "width": 43, "height": 1, "positive": "iDg/g4Ig", "mask": "q7u/u7qg"}, "pattern_translation_multiple": [4, 1], "target_translation_multiple": [2, 1], "level": 2, "array_name": "DC''", "phase": [0, 0]}, {"target": [19, 0], "pattern": {"dx": 3, "dy": 0, "width": 71, "height": 1, "positive": "iAI8/jj4eDgC", "mask": "q7u/////+7uq"}, "pattern_translation_multiple": [4, 1], "target_translation_multiple": [2, 1], "level": 2, "array_name": "DC''", "phase": [1, 0]}, {"target": [14, 0], "pattern": {"dx": 7, "dy": 0, "width": 99, "height": 1, "positive": "I4OAP4A//4A/gDg4gA==", "mask": "q7u/v7+//7+/v7u6oA=="}, "pattern_translation_multiple": [8, 1], "target_translation_multiple": [2, 1], "level": 1, "array_name": "DC'", "phase": [0, 0]}, {"target": [7, 0], "pattern": {"dx": 7, "dy": 0, "width": 43, "height": 1, "positive": "iDg/g4Ig", "mask": "q7u/u7qg"}, "pattern_translation_multiple": [8, 1], "target_translation_multiple": [2, 1], "level": 1, "array_name": "DC'", "phase": [1, 0]}, {"target": [14, 0], "pattern": {"dx": 7, "dy": 0, "width": 99, "height": 1, "positive": "I4OAP4A//4A/gDg4gA==", "mask": "q7u/v7+//7+/v7u6oA=="}, "pattern_translation_multiple": [8, 1], "target_translation_multiple": [2, 1], "level": 1, "array_name": "DC''", "phase": [0, 0]}, {"target": [21, 0], "pattern": {"dx": 7, "dy": 0, "width": 155, "height": 1, "positive": "I4OAgDA/4//4HwP/AH+AP4CIOIA=", "mask": "q7u/v7+///////////+/v7+7uqA="}, "pattern_translation_multiple": [8, 1], "target_translation_multiple": [2, 1], "level": 1, "array_name": "DC''", "phase": [1, 0]}], "synthesis_test_patterns": [{"target": [7, 0], "pattern": {"dx": 7, "dy": 0, "width": 99, "height": 1, "positive": "I4OAP4A//4A/gDg4gA==", "mask": "q7u/v7+//7+/v7u6oA=="}, "pattern_translation_multiple": [8, 1], "target_translation_multiple": [1, 1], "level": 1, "array_name": "L", "phase": [0, 0]}, {"target": [10, 0], "pattern": {"dx": 7, "dy": 0, "width": 155, "height": 1, "positive": "I4OAgDA/4//4HwP/AH+AP4CIOIA=", "mask": "q7u/v7+///////////+/v7+7uqA="}, "pattern_translation_multiple": [8, 1], "target_translation_multiple": [1, 1], "level": 1, "array_name": "H", "phase": [0, 0]}, {"target": [14, 0], "pattern": {"dx": 7, "dy": 0, "width": 99, "height": 1, "positive": "I4OAP4A//4A/gDg4gA==", "mask": "q7u/v7+//7+/v7u6oA=="}, "pattern_translation_multiple": [8, 1], "target_translation_multiple": [2, 1], "level": 1, "array_name": "DC'", "phase": [0, 0]}, {"target": [21, 0], "pattern": {"dx": 7, "dy": 0, "width": 155, "height": 1, "positive": "I4OAgDA/49x4P4PHIH+AP4CIOIA=", "mask": "q7u/v7+///////////+/v7+7uqA="}, "pattern_translation_multiple": [8, 1], "target_translation_multiple": [2, 1], "level": 1, "array_name": "DC'", "phase": [1, 0]}, {"target": [28, 0], "pattern": {"dx": 7, "dy": 0, "width": 211, "height": 1, "positive": "I4gzjJg8fz/PgByDh/h8Iv+Af4B/M4Y5gjiA", "mask": "q7u/v7+/////////////////////v7+/u7qg"}, "pattern_translation_multiple": [8, 1], "target_translation_multiple": [2, 1], "level": 1, "array_name": "DC", "phase": [0, 0]}, {"target": [21, 0], "pattern": {"dx": 7, "dy": 0, "width": 155, "height": 1, "positive": "I4OAgDA/49x4P4PHIH+AP4CIOIA=", "mask": "q7u/v7+///////////+/v7+7uqA="}, "pattern_translation_multiple": [8, 1], "target_translation_multiple": [2, 1], "level": 1, "array_name": "DC", "phase": [1, 0]}, {"target": [9, 0], "pattern": {"dx": 3, "dy": 0, "width": 71, "height": 1, "positive": "iAI8/jj4eDgC", "mask": "q7u/////+7uq"}, "pattern_translation_multiple": [4, 1], "target_translation_multiple": [1, 1], "level": 2, "array_name": "H", "phase": [0, 0]}, {"target": [56, 0], "pattern": {"dx": 7, "dy": 0, "width": 211, "height": 1, "positive": "I4gzjJg8fz/PgByDh/h8Iv+Af4B/M4Y5gjiA", "mask": "q7u/v7+/////////////////////v7+/u7qg"}, "pattern_translation_multiple": [8, 1], "target_translation_multiple": [4, 1], "level": 2, "array_name": "DC'", "phase": [0, 0]}, {"target": [61, 0], "pattern": {"dx": 7, "dy": 0, "width": 235, "height": 1, "positive": "iDOMM4w4P3+PwJwCPPY42Hw4V8A/c4I8mYY9gyIg", "mask": "q7u/v7+/////////////////////////v7+/u7qg"}, "pattern_translation_multiple": [8, 1], "target_translation_multiple": [4, 1], "level": 2, "array_name": "DC'", "phase": [1, 0]}, {"target": [42, 0], "pattern": {"dx": 7, "dy": 0, "width": 155, "height": 1, "positive": "I4OAgDA/49x4P4PHIH+AP4CIOIA=", "mask": "q7u/v7+///////////+/v7+7uqA="}, "pattern_translation_multiple": [8, 1], "target_translation_multiple": [4, 1], "level": 2, "array_name": "DC'", "phase": [2, 0]}, {"target": [63, 0], "pattern": {"dx": 7, "dy": 0, "width": 235, "height": 1, "positive": "iJg3jDMniDh/P83AJ89jjYeDxSB/gH9zhjmCOJiA", "mask": "q7u/v7+/////////////////////////v7+/u7qg"}, "pattern_translation_multiple": [8, 1], "target_translation_multiple": [4, 1], "level": 2, "array_name": "DC'", "phase": [3, 0]}, {"target": [68, 0], "pattern": {"dx": 7, "dy": 0, "width": 259, "height": 1, "positive": "iDMnI4g4nHx/f4+CN7mDCecHh4O9wD93g2dzhjiIOJiA", "mask": "q7u/v7+/////////////////////////////v7+/u7qg"}, "pattern_translation_multiple": [8, 1], "target_translation_multiple": [4, 1], "level": 2, "array_name": "DC", "phase": [0, 0]}, {"target": [61, 0], "pattern": {"dx": 7, "dy": 0, "width": 235, "height": 1, "positive": "iDOMM4w4P3+PwJwCPPY42Hw4V8A/c4I8mYY9gyIg", "mask": "q7u/v7+/////////////////////////v7+/u7qg"}, "pattern_translation_multiple": [8, 1], "target_translation_multiple": [4, 1], "level": 2, "array_name": "DC", "phase": [1, 0]}, {"target": [70, 0], "pattern": {"dx": 7, "dy": 0, "width": 267, "height": 1, "positive": "iJicnDcnIyODgMBwf+P/+J8j/wB/wH+AyDicmJ83hyMiIA==", "mask": "q7u/v7+//////////////////////////////7+/v7u6oA=="}, "pattern_translation_multiple": [8, 1], "target_translation_multiple": [4, 1], "level": 2, "array_name": "DC", "phase": [2, 0]}, {"target": [63, 0], "pattern": {"dx": 7, "dy": 0, "width": 235, "height": 1, "positive": "iJg3jDMniDh/P83AJ89jjYeDxSB/gH9zhjmCOJiA", "mask": "q7u/v7+/////////////////////////v7+/u7qg"}, "pattern_translation_multiple": [8, 1], "target_translation_multiple": [4, 1], "level": 2, "array_name": "DC", "phase": [3, 0]}, {"target": [7, 0], "pattern": {"dx": 1, "dy": 0, "width": 29, "height": 1, "positive": "A3JmIA==", "mask": "q//+qA=="}, "pattern_translation_multiple": [2, 1], "target_translation_multiple": [1, 1], "level": 3, "array_name": "H", "phase": [0, 0]}, {"target": [136, 0], "pattern": {"dx": 7, "dy": 0, "width": 259, "height": 1, "positive": "iDMnI4g4nHx/f4+CN7mDCecHh4O9wD93g2dzhjiIOJiA", "mask": "q7u/v7+/////////////////////////////v7+/u7qg"}, "pattern_translation_multiple": [8, 1], "target_translation_multiple": [8, 1], "level": 3, "array_name": "DC'", "phase": [0, 0]}, {"target": [145, 0], "pattern": {"dx": 7, "dy": 0, "width": 275, "height": 1, "positive": "I4gzJyOIeJx8f3+PgBwABXcmYn+AP8A/d4Nnc8Y5gjiYmIA=", "mask": "q7u/v7+///////////////////////////////+/v7+7uqA="}, "pattern_translation_multiple": [8, 1], "target_translation_multiple": [8, 1], "level": 3, "array_name": "DC'", "phase": [1, 0]}, {"target": [122, 0], "pattern": {"dx": 7, "dy": 0, "width": 235, "height": 1, "positive": "iDOMM4w4P3+PwJwCPPY42Hw4V8A/c4I8mYY9gyIg", "mask": "q7u/v7+/////////////////////////v7+/u7qg"}, "pattern_translation_multiple": [8, 1], "target_translation_multiple": [8, 1], "level": 3, "array_name": "DC'", "phase": [2, 0]}, {"target": [147, 0], "pattern": {"dx": 7, "dy": 0, "width": 275, "height": 1, "positive": "I4iYnDeMc4cjg8CAcHd73B3JmNg4f8B/wMg4mJidl4cjIiA=", "mask": "q7u/v7+///////////////////////////////+/v7+7uqA="}, "pattern_translation_multiple": [8, 1], "target_translation_multiple": [8, 1], "level": 3, "array_name": "DC'", "phase": [3, 0]}, {"target": [140, 0], "pattern": {"dx": 7, "dy": 0, "width": 267, "height": 1, "positive": "iJicnDcnIyODgMBwf+P/+J8j/wB/wH+AyDicmJ83hyMiIA==", "mask": "q7u/v7+//////////////////////////////7+/v7u6oA=="}, "pattern_translation_multiple": [8, 1], "target_translation_multiple": [8, 1], "level": 3, "array_name": "DC'", "phase": [4, 0]}, {"target": [141, 0], "pattern": {"dx": 7, "dy": 0, "width": 275, "height": 1, "positive": "iJicnDeMMyeDgMAwf+P/U3JndwB/gH+AzHiMOcI9l4MiOIA=", "mask": "q7u/v7+///////////////////////////////+/v7+7uqA="}, "pattern_translation_multiple": [8, 1], "target_translation_multiple": [8, 1], "level": 3, "array_name": "DC'", "phase": [5, 0]}, {"target": [126, 0], "pattern": {"dx": 7, "dy": 0, "width": 235, "height": 1, "positive": "iJg3jDMniDh/P83AJ89jjYeDxSB/gH9zhjmCOJiA", "mask": "q7u/v7+/////////////////////////v7+/u7qg"}, "pattern_translation_multiple": [8, 1], "target_translation_multiple": [8, 1], "level": 3, "array_name": "DC'", "phase": [6, 0]}, {"target": [143, 0], "pattern": {"dx": 7, "dy": 0, "width": 275, "height": 1, "positive": "I4gzjDOMeJzcPH8/jyO9gdyZjYPHqH+Af3PHc4I4mJyZgiA=", "mask": "q7u/v7+///////////////////////////////+/v7+7uqA="}, "pattern_translation_multiple": [8, 1], "target_translation_multiple": [8, 1], "level": 3, "array_name": "DC'", "phase": [7, 0]}, {"target": [152, 0], "pattern": {"dx": 7, "dy": 0, "width": 291, "height": 1, "positive": "I4iYNycjyDicfH9/j4I/mDqI2Zi8O53AP3eDZ3PGOIg4nJmCIA==", "mask": "q7u/v7+//////////////////////////////////7+/v7u6oA=="}, "pattern_translation_multiple": [8, 1], "target_translation_multiple": [8, 1], "level": 3, "array_name": "DC", "phase": [0, 0]}, {"target": [145, 0], "pattern": {"dx": 7, "dy": 0, "width": 275, "height": 1, "positive": "I4gzJyOIeJx8f3+PgBwABXcmYn+AP8A/d4Nnc8Y5gjiYmIA=", "mask": "q7u/v7+///////////////////////////////+/v7+7uqA="}, "pattern_translation_multiple": [8, 1], "target_translation_multiple": [8, 1], "level": 3, "array_name": "DC", "phase": [1, 0]}, {"target": [154, 0], "pattern": {"dx": 7, "dy": 0, "width": 291, "height": 1, "positive": "IyMjiJg3zHPMOD9/J8mIBnz+OPh8OBZ4n3eCLDmGfYcnIyI4gA==", "mask": "q7u/v7+//////////////////////////////////7+/v7u6oA=="}, "pattern_translation_multiple": [8, 1], "target_translation_multiple": [8, 1], "level": 3, "array_name": "DC", "phase": [2, 0]}, {"target": [147, 0], "pattern": {"dx": 7, "dy": 0, "width": 275, "height": 1, "positive": "I4iYnDeMc4cjg8CAcHd73B3JmNg4f8B/wMg4mJidl4cjIiA=", "mask": "q7u/v7+///////////////////////////////+/v7+7uqA="}, "pattern_translation_multiple": [8, 1], "target_translation_multiple": [8, 1], "level": 3, "array_name": "DC", "phase": [3, 0]}, {"target": [148, 0], "pattern": {"dx": 7, "dy": 0, "width": 283, "height": 1, "positive": "iJg3J4g4Nydjw4CAcHf5w6iNmYuD/cB/wMg4mJicnYcnIyIg", "mask": "q7u/v7+/////////////////////////////////v7+/u7qg"}, "pattern_translation_multiple": [8, 1], "target_translation_multiple": [8, 1], "level": 3, "array_name": "DC", "phase": [4, 0]}, {"target": [141, 0], "pattern": {"dx": 7, "dy": 0, "width": 275, "height": 1, "positive": "iJicnDeMMyeDgMAwf+P/U3JndwB/gH+AzHiMOcI9l4MiOIA=", "mask": "q7u/v7+///////////////////////////////+/v7+7uqA="}, "pattern_translation_multiple": [8, 1], "target_translation_multiple": [8, 1], "level": 3, "array_name": "DC", "phase": [5, 0]}, {"target": [150, 0], "pattern": {"dx": 7, "dy": 0, "width": 291, "height": 1, "positive": "IyOImDw3zHg3jDh/P43AJ8/jj4eDxSB/gH9zx3PCeJiYmJiYgA==", "mask": "q7u/v7+//////////////////////////////////7+/v7u6oA=="}, "pattern_translation_multiple": [8, 1], "target_translation_multiple": [8, 1], "level": 3, "array_name": "DC", "phase": [6, 0]}, {"target": [143, 0], "pattern": {"dx": 7, "dy": 0, "width": 275, "height": 1, "positive": "I4gzjDOMeJzcPH8/jyO9gdyZjYPHqH+Af3PHc4I4mJyZgiA=", "mask": "q7u/v7+///////////////////////////////+/v7+7uqA="}, "pattern_translation_multiple": [8, 1], "target_translation_multiple": [8, 1], "level": 3, "array_name": "DC", "phase": [7, 0]}]}