{"wavelet_index": 1, "wavelet_index_ho": 1, "dwt_depth": 1, "dwt_depth_ho": 1, "analysis_signal_bounds": [{"lower_bound": [{"symbol": "signal_min", "numer": "1", "denom": "1"}], "upper_bound": [{"symbol": "signal_max", "numer": "1", "denom": "1"}], "level": 2, "array_name": "Input", "phase": [0, 0]}, {"lower_bound": [{"symbol": "signal_min", "numer": "2", "denom": "1"}], "upper_bound": [{"symbol": "signal_max", "numer": "2", "denom": "1"}], "level": 2, "array_name": "DC", "phase": [0, 0]}, {"lower_bound": [{"symbol": "signal_min", "numer": "2", "denom": "1"}], "upper_bound": [{"symbol": "signal_max", "numer": "2", "denom": "1"}], "level": 2, "array_name": "DC'", "phase": [0, 0]}, {"lower_bound": [{"symbol": "signal_min", "numer": "2", "denom": "1"}, {"symbol": "signal_max", "numer": "-2", "denom": "1"}, {"symbol": null, "numer": "-1", "denom": "2"}], "upper_bound": [{"symbol": "signal_max", "numer": "2", "denom": "1"}, {"symbol": "signal_min", "numer": "-2", "denom": "1"}, {"symbol": null, "numer": "1", "denom": "2"}], "level": 2, "array_name": "DC'", "phase": [1, 0]}, {"lower_bound": [{"symbol": "signal_min", "numer": "5", "denom": "2"}, {"symbol": "signal_max", "numer": "-1", "denom": "2"}, {"symbol": null, "numer": "-3", "denom": "4"}], "upper_bound": [{"symbol": "signal_max", "numer": "5", "denom": "2"}, {"symbol": "signal_min", "numer": "-1", "denom": "2"}, {"symbol": null, "numer": "3", "denom": "4"}], "level": 2, "array_name": "DC''", "phase": [0, 0]}, {"lower_bound": [{"symbol": "signal_min", "numer": "2", "denom": "1"}, {"symbol": "signal_max", "numer": "-2", "denom": "1"}, {"symbol": null, "numer": "-1", "denom": "2"}], "upper_bound": [{"symbol": "signal_max", "numer": "2", "denom": "1"}, {"symbol": "signal_min", "numer": "-2", "denom": "1"}, {"symbol": null, "numer": "1", "denom": "2"}], "level": 2, "array_name": "DC''", "phase": [1, 0]}, {"lower_bound": [{"symbol": "signal_min", "numer": "5", "denom": "2"}, {"symbol": "signal_max", "numer": "-1", "denom": "2"}, {"symbol": null, "numer": "-3", "denom": "4"}], "upper_bound": [{"symbol": "signal_max", "numer": "5", "denom": "2"}, {"symbol": "signal_min", "numer": "-1", "denom": "2"}, {"symbol": null, "numer": "3", "denom": "4"}], "level": 2, "array_name": "L'", "phase": [0, 0]}, {"lower_bound": [{"symbol": "signal_min", "numer": "3", "denom": "1"}, {"symbol": "signal_max", "numer": "-3", "denom": "1"}, {"symbol": null, "numer": "-2", "denom": "1"}], "upper_bound": [{"symbol": "signal_max", "numer": "3", "denom": "1"}, {"symbol": "signal_min", "numer": "-3", "denom": "1"}, {"symbol": null, "numer": "2", "denom": "1"}], "level": 2, "array_name": "L'", "phase": [0, 1]}, {"lower_bound": [{"symbol": "signal_min", "numer": "2", "denom": "1"}, {"symbol": "signal_max", "numer": "-2", "denom": "1"}, {"symbol": null, "numer": "-1", "denom": "2"}], "upper_bound": [{"symbol": "signal_max", "numer": "2", "denom": "1"}, {"symbol": "signal_min", "numer": "-2", "denom": "1"}, {"symbol": null, "numer": "1", "denom": "2"}], "level": 2, "array_name": "H'", "phase": [0, 0]}, {"lower_bound": [{"symbol": "signal_min", "numer": "4", "denom": "1"}, {"symbol": "signal_max", "numer": "-4", "denom": "1"}, {"symbol": null, "numer": "-3", "denom": "2"}], "upper_bound": [{"symbol": "signal_max", "numer": "4", "denom": "1"}, {"symbol": "signal_min", "numer": "-4", "denom": "1"}, {"symbol": null, "numer": "3", "denom": "2"}], "level": 2, "array_name": "H'", "phase": [0, 1]}, {"lower_bound": [{"symbol": "signal_min", "numer": "13", "denom": "4"}, {"symbol": "signal_max", "numer": "-5", "denom": "4"}, {"symbol": null, "numer": "-15", "denom": "8"}], "upper_bound": [{"symbol": "signal_max", "numer": "13", "denom": "4"}, {"symbol": "signal_min", "numer": "-5", "denom": "4"}, {"symbol": null, "numer": "15", "denom": "8"}], "level": 2, "array_name": "L''", "phase": [0, 0]}, {"lower_bound": [{"symbol": "signal_min", "numer": "3", "denom": "1"}, {"symbol": "signal_max", "numer": "-3", "denom": "1"}, {"symbol": null, "numer": "-2", "denom": "1"}], "upper_bound": [{"symbol": "signal_max", "numer": "3", "denom": "1"}, {"symbol": "signal_min", "numer": "-3", "denom": "1"}, {"symbol": null, "numer": "2", "denom": "1"}], "level": 2, "array_name": "L''", "phase": [0, 1]}, {"lower_bound": [{"symbol": "signal_min", "numer": "3", "denom": "1"}, {"symbol": "signal_max", "numer": "-3", "denom": "1"}, {"symbol": null, "numer": "-3", "denom": "2"}], "upper_bound": [{"symbol": "signal_max", "numer": "3", "denom": "1"}, {"symbol": "signal_min", "numer": "-3", "denom": "1"}, {"symbol": null, "numer": "3", "denom": "2"}], "level": 2, "array_name": "H''", "phase": [0, 0]}, {"lower_bound": [{"symbol": "signal_min", "numer": "4", "denom": "1"}, {"symbol": "signal_max", "numer": "-4", "denom": "1"}, {"symbol": null, "numer": "-3", "denom": "2"}], "upper_bound": [{"symbol": "signal_max", "numer": "4", "denom": "1"}, {"symbol": "signal_min", "numer": "-4", "denom": "1"}, {"symbol": null, "numer": "3", "denom": "2"}], "level": 2, "array_name": "H''", "phase": [0, 1]}, {"lower_bound": [{"symbol": "signal_min", "numer": "13", "denom": "2"}, {"symbol": "signal_max", "numer": "-5", "denom": "2"}, {"symbol": null, "numer": "-15", "denom": "4"}], "upper_bound": [{"symbol": "signal_max", "numer": "13", "denom": "2"}, {"symbol": "signal_min", "numer": "-5", "denom": "2"}, {"symbol": null, "numer": "15", "denom": "4"}], "level": 1, "array_name": "DC", "phase": [0, 0]}, {"lower_bound": [{"symbol": "signal_min", "numer": "13", "denom": "2"}, {"symbol": "signal_max", "numer": "-5", "denom": "2"}, {"symbol": null, "numer": "-15", "denom": "4"}], "upper_bound": [{"symbol": "signal_max", "numer": "13", "denom": "2"}, {"symbol": "signal_min", "numer": "-5", "denom": "2"}, {"symbol": null, "numer": "15", "denom": "4"}], "level": 1, "array_name": "DC'", "phase": [0, 0]}, {"lower_bound": [{"symbol": "signal_min", "numer": "15", "denom": "2"}, {"symbol": "signal_max", "numer": "-15", "denom": "2"}, {"symbol": null, "numer": "-29", "denom": "4"}], "upper_bound": [{"symbol": "signal_max", "numer": "15", "denom": "2"}, {"symbol": "signal_min", "numer": "-15", "denom": "2"}, {"symbol": null, "numer": "29", "denom": "4"}], "level": 1, "array_name": "DC'", "phase": [1, 0]}, {"lower_bound": [{"symbol": "signal_min", "numer": "55", "denom": "8"}, {"symbol": null, "numer": "-99", "denom": "16"}, {"symbol": "signal_max", "numer": "-23", "denom": "8"}], "upper_bound": [{"symbol": "signal_max", "numer": "55", "denom": "8"}, {"symbol": null, "numer": "99", "denom": "16"}, {"symbol": "signal_min", "numer": "-23", "denom": "8"}], "level": 1, "array_name": "DC''", "phase": [0, 0]}, {"lower_bound": [{"symbol": "signal_min", "numer": "15", "denom": "2"}, {"symbol": "signal_max", "numer": "-15", "denom": "2"}, {"symbol": null, "numer": "-29", "denom": "4"}], "upper_bound": [{"symbol": "signal_max", "numer": "15", "denom": "2"}, {"symbol": "signal_min", "numer": "-15", "denom": "2"}, {"symbol": null, "numer": "29", "denom": "4"}], "level": 1, "array_name": "DC''", "phase": [1, 0]}], "synthesis_signal_bounds": [{"lower_bound": [{"symbol": "coeff_0_L_min", "numer": "1", "denom": "1"}], "upper_bound": [{"symbol": "coeff_0_L_max", "numer": "1", "denom": "1"}], "level": 1, "array_name": "L", "phase": [0, 0]}, {"lower_bound": [{"symbol": "coeff_1_H_min", "numer": "1", "denom": "1"}], "upper_bound": [{"symbol": "coeff_1_H_max", "numer": "1", "denom": "1"}], "level": 1, "array_name": "H", "phase": [0, 0]}, {"lower_bound": [{"symbol": "coeff_0_L_min", "numer": "1", "denom": "1"}, {"symbol": "coeff_1_H_max", "numer": "-1", "denom": "2"}, {"symbol": null, "numer": "-1", "denom": "2"}], "upper_bound": [{"symbol": "coeff_0_L_max", "numer": "1", "denom": "1"}, {"symbol": "coeff_1_H_min", "numer": "-1", "denom": "2"}, {"symbol": null, "numer": "1", "denom": "2"}], "level": 1, "array_name": "DC'", "phase": [0, 0]}, {"lower_bound": [{"symbol": "coeff_1_H_min", "numer": "1", "denom": "1"}], "upper_bound": [{"symbol": "coeff_1_H_max", "numer": "1", "denom": "1"}], "level": 1, "array_name": "DC'", "phase": [1, 0]}, {"lower_bound": [{"symbol": "coeff_0_L_min", "numer": "1", "denom": "1"}, {"symbol": "coeff_1_H_max", "numer": "-1", "denom": "2"}, {"symbol": null, "numer": "-1", "denom": "2"}], "upper_bound": [{"symbol": "coeff_0_L_max", "numer": "1", "denom": "1"}, {"symbol": "coeff_1_H_min", "numer": "-1", "denom": "2"}, {"symbol": null, "numer": "1", "denom": "2"}], "level": 1, "array_name": "DC", "phase": [0, 0]}, {"lower_bound": [{"symbol": "coeff_1_H_min", "numer": "3", "denom": "4"}, {"symbol": "coeff_0_L_min", "numer": "1", "denom": "1"}, {"symbol": "coeff_1_H_max", "numer": "-1", "denom": "4"}, {"symbol": null, "numer": "-1", "denom": "1"}], "upper_bound": [{"symbol": "coeff_1_H_max", "numer": "3", "denom": "4"}, {"symbol": "coeff_0_L_max", "numer": "1", "denom": "1"}, {"symbol": "coeff_1_H_min", "numer": "-1", "denom": "4"}, {"symbol": null, "numer": "1", "denom": "1"}], "level": 1, "array_name": "DC", "phase": [1, 0]}, {"lower_bound": [{"symbol": "coeff_0_L_min", "numer": "1", "denom": "2"}, {"symbol": "coeff_1_H_max", "numer": "-1", "denom": "4"}, {"symbol": null, "numer": "-3", "denom": "4"}], "upper_bound": [{"symbol": "coeff_0_L_max", "numer": "1", "denom": "2"}, {"symbol": "coeff_1_H_min", "numer": "-1", "denom": "4"}, {"symbol": null, "numer": "3", "denom": "4"}], "level": 1, "array_name": "Output", "phase": [0, 0]}, {"lower_bound": [{"symbol": "coeff_1_H_min", "numer": "3", "denom": "8"}, {"symbol": "coeff_0_L_min", "numer": "1", "denom": "2"}, {"symbol": "coeff_1_H_max", "numer": "-1", "denom": "8"}, {"symbol": null, "numer": "-1", "denom": "1"}], "upper_bound": [{"symbol": "coeff_1_H_max", "numer": "3", "denom": "8"}, {"symbol": "coeff_0_L_max", "numer": "1", "denom": "2"}, {"symbol": "coeff_1_H_min", "numer": "-1", "denom": "8"}, {"symbol": null, "numer": "1", "denom": "1"}], "level": 1, "array_name": "Output", "phase": [1, 0]}, {"lower_bound": [{"symbol": "coeff_0_L_min", "numer": "1", "denom": "2"}, {"symbol": "coeff_1_H_max", "numer": "-1", "denom": "4"}, {"symbol": null, "numer": "-3", "denom": "4"}], "upper_bound": [{"symbol": "coeff_0_L_max", "numer": "1", "denom": "2"}, {"symbol": "coeff_1_H_min", "numer": "-1", "denom": "4"}, {"symbol": null, "numer": "3", "denom": "4"}], "level": 2, "array_name": "LL", "phase": [0, 0]}, {"lower_bound": [{"symbol": "coeff_1_H_min", "numer": "3", "denom": "8"}, {"symbol": "coeff_0_L_min", "numer": "1", "denom": "2"}, {"symbol": "coeff_1_H_max", "numer": "-1", "denom": "8"}, {"symbol": null, "numer": "-1", "denom": "1"}], "upper_bound": [{"symbol": "coeff_1_H_max", "numer": "3", "denom": "8"}, {"symbol": "coeff_0_L_max", "numer": "1", "denom": "2"}, {"symbol": "coeff_1_H_min", "numer": "-1", "denom": "8"}, {"symbol": null, "numer": "1", "denom": "1"}], "level": 2, "array_name": "LL", "phase": [1, 0]}, {"lower_bound": [{"symbol": "coeff_2_LH_min", "numer": "1", "denom": "1"}], "upper_bound": [{"symbol": "coeff_2_LH_max", "numer": "1", "denom": "1"}], "level": 2, "array_name": "LH", "phase": [0, 0]}, {"lower_bound": [{"symbol": "coeff_2_HL_min", "numer": "1", "denom": "1"}], "upper_bound": [{"symbol": "coeff_2_HL_max", "numer": "1", "denom": "1"}], "level": 2, "array_name": "HL", "phase": [0, 0]}, {"lower_bound": [{"symbol": "coeff_2_HH_min", "numer": "1", "denom": "1"}], "upper_bound": [{"symbol": "coeff_2_HH_max", "numer": "1", "denom": "1"}], "level": 2, "array_name": "HH", "phase": [0, 0]}, {"lower_bound": [{"symbol": "coeff_0_L_min", "numer": "1", "denom": "2"}, {"symbol": "coeff_1_H_max", "numer": "-1", "denom": "4"}, {"symbol": null, "numer": "-5", "denom": "4"}, {"symbol": "coeff_2_LH_max", "numer": "-1", "denom": "2"}], "upper_bound": [{"symbol": "coeff_0_L_max", "numer": "1", "denom": "2"}, {"symbol": "coeff_1_H_min", "numer": "-1", "denom": "4"}, {"symbol": null, "numer": "5", "denom": "4"}, {"symbol": "coeff_2_LH_min", "numer": "-1", "denom": "2"}], "level": 2, "array_name": "L'", "phase": [0, 0]}, {"lower_bound": [{"symbol": "coeff_2_LH_min", "numer": "1", "denom": "1"}], "upper_bound": [{"symbol": "coeff_2_LH_max", "numer": "1", "denom": "1"}], "level": 2, "array_name": "L'", "phase": [0, 1]}, {"lower_bound": [{"symbol": "coeff_1_H_min", "numer": "3", "denom": "8"}, {"symbol": "coeff_0_L_min", "numer": "1", "denom": "2"}, {"symbol": "coeff_1_H_max", "numer": "-1", "denom": "8"}, {"symbol": null, "numer": "-3", "denom": "2"}, {"symbol": "coeff_2_LH_max", "numer": "-1", "denom": "2"}], "upper_bound": [{"symbol": "coeff_1_H_max", "numer": "3", "denom": "8"}, {"symbol": "coeff_0_L_max", "numer": "1", "denom": "2"}, {"symbol": "coeff_1_H_min", "numer": "-1", "denom": "8"}, {"symbol": null, "numer": "3", "denom": "2"}, {"symbol": "coeff_2_LH_min", "numer": "-1", "denom": "2"}], "level": 2, "array_name": "L'", "phase": [1, 0]}, {"lower_bound": [{"symbol": "coeff_2_LH_min", "numer": "1", "denom": "1"}], "upper_bound": [{"symbol": "coeff_2_LH_max", "numer": "1", "denom": "1"}], "level": 2, "array_name": "L'", "phase": [1, 1]}, {"lower_bound": [{"symbol": "coeff_2_HL_min", "numer": "1", "denom": "1"}, {"symbol": "coeff_2_HH_max", "numer": "-1", "denom": "2"}, {"symbol": null, "numer": "-1", "denom": "2"}], "upper_bound": [{"symbol": "coeff_2_HL_max", "numer": "1", "denom": "1"}, {"symbol": "coeff_2_HH_min", "numer": "-1", "denom": "2"}, {"symbol": null, "numer": "1", "denom": "2"}], "level": 2, "array_name": "H'", "phase": [0, 0]}, {"lower_bound": [{"symbol": "coeff_2_HH_min", "numer": "1", "denom": "1"}], "upper_bound": [{"symbol": "coeff_2_HH_max", "numer": "1", "denom": "1"}], "level": 2, "array_name": "H'", "phase": [0, 1]}, {"lower_bound": [{"symbol": "coeff_0_L_min", "numer": "1", "denom": "2"}, {"symbol": "coeff_1_H_max", "numer": "-1", "denom": "4"}, {"symbol": null, "numer": "-5", "denom": "4"}, {"symbol": "coeff_2_LH_max", "numer": "-1", "denom": "2"}], "upper_bound": [{"symbol": "coeff_0_L_max", "numer": "1", "denom": "2"}, {"symbol": "coeff_1_H_min", "numer": "-1", "denom": "4"}, {"symbol": null, "numer": "5", "denom": "4"}, {"symbol": "coeff_2_LH_min", "numer": "-1", "denom": "2"}], "level": 2, "array_name": "L", "phase": [0, 0]}, {"lower_bound": [{"symbol": "coeff_2_LH_min", "numer": "3", "denom": "4"}, {"symbol": "coeff_0_L_min", "numer": "1", "denom": "2"}, {"symbol": "coeff_1_H_max", "numer": "-1", "denom": "4"}, {"symbol": null, "numer": "-7", "denom": "4"}, {"symbol": "coeff_2_LH_max", "numer": "-1", "denom": "4"}], "upper_bound": [{"symbol": "coeff_2_LH_max", "numer": "3", "denom": "4"}, {"symbol": "coeff_0_L_max", "numer": "1", "denom": "2"}, {"symbol": "coeff_1_H_min", "numer": "-1", "denom": "4"}, {"symbol": null, "numer": "7", "denom": "4"}, {"symbol": "coeff_2_LH_min", "numer": "-1", "denom": "4"}], "level": 2, "array_name": "L", "phase": [0, 1]}, {"lower_bound": [{"symbol": "coeff_1_H_min", "numer": "3", "denom": "8"}, {"symbol": "coeff_0_L_min", "numer": "1", "denom": "2"}, {"symbol": "coeff_1_H_max", "numer": "-1", "denom": "8"}, {"symbol": null, "numer": "-3", "denom": "2"}, {"symbol": "coeff_2_LH_max", "numer": "-1", "denom": "2"}], "upper_bound": [{"symbol": "coeff_1_H_max", "numer": "3", "denom": "8"}, {"symbol": "coeff_0_L_max", "numer": "1", "denom": "2"}, {"symbol": "coeff_1_H_min", "numer": "-1", "denom": "8"}, {"symbol": null, "numer": "3", "denom": "2"}, {"symbol": "coeff_2_LH_min", "numer": "-1", "denom": "2"}], "level": 2, "array_name": "L", "phase": [1, 0]}, {"lower_bound": [{"symbol": "coeff_2_LH_min", "numer": "3", "denom": "4"}, {"symbol": "coeff_1_H_min", "numer": "3", "denom": "8"}, {"symbol": "coeff_0_L_min", "numer": "1", "denom": "2"}, {"symbol": "coeff_1_H_max", "numer": "-1", "denom": "8"}, {"symbol": null, "numer": "-2", "denom": "1"}, {"symbol": "coeff_2_LH_max", "numer": "-1", "denom": "4"}], "upper_bound": [{"symbol": "coeff_2_LH_max", "numer": "3", "denom": "4"}, {"symbol": "coeff_1_H_max", "numer": "3", "denom": "8"}, {"symbol": "coeff_0_L_max", "numer": "1", "denom": "2"}, {"symbol": "coeff_1_H_min", "numer": "-1", "denom": "8"}, {"symbol": null, "numer": "2", "denom": "1"}, {"symbol": "coeff_2_LH_min", "numer": "-1", "denom": "4"}], "level": 2, "array_name": "L", "phase": [1, 1]}, {"lower_bound": [{"symbol": "coeff_2_HL_min", "numer": "1", "denom": "1"}, {"symbol": "coeff_2_HH_max", "numer": "-1", "denom": "2"}, {"symbol": null, "numer": "-1", "denom": "2"}], "upper_bound": [{"symbol": "coeff_2_HL_max", "numer": "1", "denom": "1"}, {"symbol": "coeff_2_HH_min", "numer": "-1", "denom": "2"}, {"symbol": null, "numer": "1", "denom": "2"}], "level": 2, "array_name": "H", "phase": [0, 0]}, {"lower_bound": [{"symbol": "coeff_2_HH_min", "numer": "3", "denom": "4"}, {"symbol": "coeff_2_HL_min", "numer": "1", "denom": "1"}, {"symbol": "coeff_2_HH_max", "numer": "-1", "denom": "4"}, {"symbol": null, "numer": "-1", "denom": "1"}], "upper_bound": [{"symbol": "coeff_2_HH_max", "numer": "3", "denom": "4"}, {"symbol": "coeff_2_HL_max", "numer": "1", "denom": "1"}, {"symbol": "coeff_2_HH_min", "numer": "-1", "denom": "4"}, {"symbol": null, "numer": "1", "denom": "1"}], "level": 2, "array_name": "H", "phase": [0, 1]}, {"lower_bound": [{"symbol": "coeff_0_L_min", "numer": "1", "denom": "2"}, {"symbol": "coeff_1_H_max", "numer": "-1", "denom": "4"}, {"symbol": null, "numer": "-2", "denom": "1"}, {"symbol": "coeff_2_LH_max", "numer": "-1", "denom": "2"}, {"symbol": "coeff_2_HL_max", "numer": "-1", "denom": "2"}, {"symbol": "coeff_2_HH_min", "numer": "1", "denom": "4"}], "upper_bound": [{"symbol": "coeff_0_L_max", "numer": "1", "denom": "2"}, {"symbol": "coeff_1_H_min", "numer": "-1", "denom": "4"}, {"symbol": null, "numer": "2", "denom": "1"}, {"symbol": "coeff_2_LH_min", "numer": "-1", "denom": "2"}, {"symbol": "coeff_2_HL_min", "numer": "-1", "denom": "2"}, {"symbol": "coeff_2_HH_max", "numer": "1", "denom": "4"}], "level": 2, "array_name": "DC'", "phase": [0, 0]}, {"lower_bound": [{"symbol": "coeff_2_LH_min", "numer": "3", "denom": "4"}, {"symbol": "coeff_0_L_min", "numer": "1", "denom": "2"}, {"symbol": "coeff_1_H_max", "numer": "-1", "denom": "4"}, {"symbol": null, "numer": "-11", "denom": "4"}, {"symbol": "coeff_2_LH_max", "numer": "-1", "denom": "4"}, {"symbol": "coeff_2_HH_max", "numer": "-3", "denom": "8"}, {"symbol": "coeff_2_HL_max", "numer": "-1", "denom": "2"}, {"symbol": "coeff_2_HH_min", "numer": "1", "denom": "8"}], "upper_bound": [{"symbol": "coeff_2_LH_max", "numer": "3", "denom": "4"}, {"symbol": "coeff_0_L_max", "numer": "1", "denom": "2"}, {"symbol": "coeff_1_H_min", "numer": "-1", "denom": "4"}, {"symbol": null, "numer": "11", "denom": "4"}, {"symbol": "coeff_2_LH_min", "numer": "-1", "denom": "4"}, {"symbol": "coeff_2_HH_min", "numer": "-3", "denom": "8"}, {"symbol": "coeff_2_HL_min", "numer": "-1", "denom": "2"}, {"symbol": "coeff_2_HH_max", "numer": "1", "denom": "8"}], "level": 2, "array_name": "DC'", "phase": [0, 1]}, {"lower_bound": [{"symbol": "coeff_2_HL_min", "numer": "1", "denom": "1"}, {"symbol": "coeff_2_HH_max", "numer": "-1", "denom": "2"}, {"symbol": null, "numer": "-1", "denom": "2"}], "upper_bound": [{"symbol": "coeff_2_HL_max", "numer": "1", "denom": "1"}, {"symbol": "coeff_2_HH_min", "numer": "-1", "denom": "2"}, {"symbol": null, "numer": "1", "denom": "2"}], "level": 2, "array_name": "DC'", "phase": [1, 0]}, {"lower_bound": [{"symbol": "coeff_2_HH_min", "numer": "3", "denom": "4"}, {"symbol": "coeff_2_HL_min", "numer": "1", "denom": "1"}, {"symbol": "coeff_2_HH_max", "numer": "-1", "denom": "4"}, {"symbol": null, "numer": "-1", "denom": "1"}], "upper_bound": [{"symbol": "coeff_2_HH_max", "numer": "3", "denom": "4"}, {"symbol": "coeff_2_HL_max", "numer": "1", "denom": "1"}, {"symbol": "coeff_2_HH_min", "numer": "-1", "denom": "4"}, {"symbol": null, "numer": "1", "denom": "1"}], "level": 2, "array_name": "DC'", "phase": [1, 1]}, {"lower_bound": [{"symbol": "coeff_1_H_min", "numer": "3", "denom": "8"}, {"symbol": "coeff_0_L_min", "numer": "1", "denom": "2"}, {"symbol": "coeff_1_H_max", "numer": "-1", "denom": "8"}, {"symbol": null, "numer": "-9", "denom": "4"}, {"symbol": "coeff_2_LH_max", "numer": "-1", "denom": "2"}, {"symbol": "coeff_2_HL_max", "numer": "-1", "denom": "2"}, {"symbol": "coeff_2_HH_min", "numer": "1", "denom": "4"}], "upper_bound": [{"symbol": "coeff_1_H_max", "numer": "3", "denom": "8"}, {"symbol": "coeff_0_L_max", "numer": "1", "denom": "2"}, {"symbol": "coeff_1_H_min", "numer": "-1", "denom": "8"}, {"symbol": null, "numer": "9", "denom": "4"}, {"symbol": "coeff_2_LH_min", "numer": "-1", "denom": "2"}, {"symbol": "coeff_2_HL_min", "numer": "-1", "denom": "2"}, {"symbol": "coeff_2_HH_max", "numer": "1", "denom": "4"}], "level": 2, "array_name": "DC'", "phase": [2, 0]}, {"lower_bound": [{"symbol": "coeff_2_LH_min", "numer": "3", "denom": "4"}, {"symbol": "coeff_1_H_min", "numer": "3", "denom": "8"}, {"symbol": "coeff_0_L_min", "numer": "1", "denom": "2"}, {"symbol": "coeff_1_H_max", "numer": "-1", "denom": "8"}, {"symbol": null, "numer": "-3", "denom": "1"}, {"symbol": "coeff_2_LH_max", "numer": "-1", "denom": "4"}, {"symbol": "coeff_2_HH_max", "numer": "-3", "denom": "8"}, {"symbol": "coeff_2_HL_max", "numer": "-1", "denom": "2"}, {"symbol": "coeff_2_HH_min", "numer": "1", "denom": "8"}], "upper_bound": [{"symbol": "coeff_2_LH_max", "numer": "3", "denom": "4"}, {"symbol": "coeff_1_H_max", "numer": "3", "denom": "8"}, {"symbol": "coeff_0_L_max", "numer": "1", "denom": "2"}, {"symbol": "coeff_1_H_min", "numer": "-1", "denom": "8"}, {"symbol": null, "numer": "3", "denom": "1"}, {"symbol": "coeff_2_LH_min", "numer": "-1", "denom": "4"}, {"symbol": "coeff_2_HH_min", "numer": "-3", "denom": "8"}, {"symbol": "coeff_2_HL_min", "numer": "-1", "denom": "2"}, {"symbol": "coeff_2_HH_max", "numer": "1", "denom": "8"}], "level": 2, "array_name": "DC'", "phase": [2, 1]}, {"lower_bound": [{"symbol": "coeff_2_HL_min", "numer": "1", "denom": "1"}, {"symbol": "coeff_2_HH_max", "numer": "-1", "denom": "2"}, {"symbol": null, "numer": "-1", "denom": "2"}], "upper_bound": [{"symbol": "coeff_2_HL_max", "numer": "1", "denom": "1"}, {"symbol": "coeff_2_HH_min", "numer": "-1", "denom": "2"}, {"symbol": null, "numer": "1", "denom": "2"}], "level": 2, "array_name": "DC'", "phase": [3, 0]}, {"lower_bound": [{"symbol": "coeff_2_HH_min", "numer": "3", "denom": "4"}, {"symbol": "coeff_2_HL_min", "numer": "1", "denom": "1"}, {"symbol": "coeff_2_HH_max", "numer": "-1", "denom": "4"}, {"symbol": null, "numer": "-1", "denom": "1"}], "upper_bound": [{"symbol": "coeff_2_HH_max", "numer": "3", "denom": "4"}, {"symbol": "coeff_2_HL_max", "numer": "1", "denom": "1"}, {"symbol": "coeff_2_HH_min", "numer": "-1", "denom": "4"}, {"symbol": null, "numer": "1", "denom": "1"}], "level": 2, "array_name": "DC'", "phase": [3, 1]}, {"lower_bound": [{"symbol": "coeff_0_L_min", "numer": "1", "denom": "2"}, {"symbol": "coeff_1_H_max", "numer": "-1", "denom": "4"}, {"symbol": null, "numer": "-2", "denom": "1"}, {"symbol": "coeff_2_LH_max", "numer": "-1", "denom": "2"}, {"symbol": "coeff_2_HL_max", "numer": "-1", "denom": "2"}, {"symbol": "coeff_2_HH_min", "numer": "1", "denom": "4"}], "upper_bound": [{"symbol": "coeff_0_L_max", "numer": "1", "denom": "2"}, {"symbol": "coeff_1_H_min", "numer": "-1", "denom": "4"}, {"symbol": null, "numer": "2", "denom": "1"}, {"symbol": "coeff_2_LH_min", "numer": "-1", "denom": "2"}, {"symbol": "coeff_2_HL_min", "numer": "-1", "denom": "2"}, {"symbol": "coeff_2_HH_max", "numer": "1", "denom": "4"}], "level": 2, "array_name": "DC", "phase": [0, 0]}, {"lower_bound": [{"symbol": "coeff_2_LH_min", "numer": "3", "denom": "4"}, {"symbol": "coeff_0_L_min", "numer": "1", "denom": "2"}, {"symbol": "coeff_1_H_max", "numer": "-1", "denom": "4"}, {"symbol": null, "numer": "-11", "denom": "4"}, {"symbol": "coeff_2_LH_max", "numer": "-1", "denom": "4"}, {"symbol": "coeff_2_HH_max", "numer": "-3", "denom": "8"}, {"symbol": "coeff_2_HL_max", "numer": "-1", "denom": "2"}, {"symbol": "coeff_2_HH_min", "numer": "1", "denom": "8"}], "upper_bound": [{"symbol": "coeff_2_LH_max", "numer": "3", "denom": "4"}, {"symbol": "coeff_0_L_max", "numer": "1", "denom": "2"}, {"symbol": "coeff_1_H_min", "numer": "-1", "denom": "4"}, {"symbol": null, "numer": "11", "denom": "4"}, {"symbol": "coeff_2_LH_min", "numer": "-1", "denom": "4"}, {"symbol": "coeff_2_HH_min", "numer": "-3", "denom": "8"}, {"symbol": "coeff_2_HL_min", "numer": "-1", "denom": "2"}, {"symbol": "coeff_2_HH_max", "numer": "1", "denom": "8"}], "level": 2, "array_name": "DC", "phase": [0, 1]}, {"lower_bound": [{"symbol": "coeff_2_HL_min", "numer": "3", "denom": "4"}, {"symbol": "coeff_2_HH_max", "numer": "-3", "denom": "8"}, {"symbol": null, "numer": "-23", "denom": "8"}, {"symbol": "coeff_0_L_min", "numer": "1", "denom": "2"}, {"symbol": "coeff_1_H_max", "numer": "-1", "denom": "8"}, {"symbol": "coeff_1_H_min", "numer": "1", "denom": "8"}, {"symbol": "coeff_2_LH_max", "numer": "-1", "denom": "2"}, {"symbol": "coeff_2_HL_max", "numer": "-1", "denom": "4"}, {"symbol": "coeff_2_HH_min", "numer": "1", "denom": "8"}], "upper_bound": [{"symbol": "coeff_2_HL_max", "numer": "3", "denom": "4"}, {"symbol": "coeff_2_HH_min", "numer": "-3", "denom": "8"}, {"symbol": null, "numer": "23", "denom": "8"}, {"symbol": "coeff_0_L_max", "numer": "1", "denom": "2"}, {"symbol": "coeff_1_H_min", "numer": "-1", "denom": "8"}, {"symbol": "coeff_1_H_max", "numer": "1", "denom": "8"}, {"symbol": "coeff_2_LH_min", "numer": "-1", "denom": "2"}, {"symbol": "coeff_2_HL_min", "numer": "-1", "denom": "4"}, {"symbol": "coeff_2_HH_max", "numer": "1", "denom": "8"}], "level": 2, "array_name": "DC", "phase": [1, 0]}, {"lower_bound": [{"symbol": "coeff_2_HH_min", "numer": "5", "denom": "8"}, {"symbol": "coeff_2_HL_min", "numer": "3", "denom": "4"}, {"symbol": "coeff_2_HH_max", "numer": "-3", "denom": "8"}, {"symbol": null, "numer": "-31", "denom": "8"}, {"symbol": "coeff_2_LH_min", "numer": "3", "denom": "4"}, {"symbol": "coeff_0_L_min", "numer": "1", "denom": "2"}, {"symbol": "coeff_1_H_max", "numer": "-1", "denom": "8"}, {"symbol": "coeff_1_H_min", "numer": "1", "denom": "8"}, {"symbol": "coeff_2_LH_max", "numer": "-1", "denom": "4"}, {"symbol": "coeff_2_HL_max", "numer": "-1", "denom": "4"}], "upper_bound": [{"symbol": "coeff_2_HH_max", "numer": "5", "denom": "8"}, {"symbol": "coeff_2_HL_max", "numer": "3", "denom": "4"}, {"symbol": "coeff_2_HH_min", "numer": "-3", "denom": "8"}, {"symbol": null, "numer": "31", "denom": "8"}, {"symbol": "coeff_2_LH_max", "numer": "3", "denom": "4"}, {"symbol": "coeff_0_L_max", "numer": "1", "denom": "2"}, {"symbol": "coeff_1_H_min", "numer": "-1", "denom": "8"}, {"symbol": "coeff_1_H_max", "numer": "1", "denom": "8"}, {"symbol": "coeff_2_LH_min", "numer": "-1", "denom": "4"}, {"symbol": "coeff_2_HL_min", "numer": "-1", "denom": "4"}], "level": 2, "array_name": "DC", "phase": [1, 1]}, {"lower_bound": [{"symbol": "coeff_1_H_min", "numer": "3", "denom": "8"}, {"symbol": "coeff_0_L_min", "numer": "1", "denom": "2"}, {"symbol": "coeff_1_H_max", "numer": "-1", "denom": "8"}, {"symbol": null, "numer": "-9", "denom": "4"}, {"symbol": "coeff_2_LH_max", "numer": "-1", "denom": "2"}, {"symbol": "coeff_2_HL_max", "numer": "-1", "denom": "2"}, {"symbol": "coeff_2_HH_min", "numer": "1", "denom": "4"}], "upper_bound": [{"symbol": "coeff_1_H_max", "numer": "3", "denom": "8"}, {"symbol": "coeff_0_L_max", "numer": "1", "denom": "2"}, {"symbol": "coeff_1_H_min", "numer": "-1", "denom": "8"}, {"symbol": null, "numer": "9", "denom": "4"}, {"symbol": "coeff_2_LH_min", "numer": "-1", "denom": "2"}, {"symbol": "coeff_2_HL_min", "numer": "-1", "denom": "2"}, {"symbol": "coeff_2_HH_max", "numer": "1", "denom": "4"}], "level": 2, "array_name": "DC", "phase": [2, 0]}, {"lower_bound": [{"symbol": "coeff_2_LH_min", "numer": "3", "denom": "4"}, {"symbol": "coeff_1_H_min", "numer": "3", "denom": "8"}, {"symbol": "coeff_0_L_min", "numer": "1", "denom": "2"}, {"symbol": "coeff_1_H_max", "numer": "-1", "denom": "8"}, {"symbol": null, "numer": "-3", "denom": "1"}, {"symbol": "coeff_2_LH_max", "numer": "-1", "denom": "4"}, {"symbol": "coeff_2_HH_max", "numer": "-3", "denom": "8"}, {"symbol": "coeff_2_HL_max", "numer": "-1", "denom": "2"}, {"symbol": "coeff_2_HH_min", "numer": "1", "denom": "8"}], "upper_bound": [{"symbol": "coeff_2_LH_max", "numer": "3", "denom": "4"}, {"symbol": "coeff_1_H_max", "numer": "3", "denom": "8"}, {"symbol": "coeff_0_L_max", "numer": "1", "denom": "2"}, {"symbol": "coeff_1_H_min", "numer": "-1", "denom": "8"}, {"symbol": null, "numer": "3", "denom": "1"}, {"symbol": "coeff_2_LH_min", "numer": "-1", "denom": "4"}, {"symbol": "coeff_2_HH_min", "numer": "-3", "denom": "8"}, {"symbol": "coeff_2_HL_min", "numer": "-1", "denom": "2"}, {"symbol": "coeff_2_HH_max", "numer": "1", "denom": "8"}], "level": 2, "array_name": "DC", "phase": [2, 1]}, {"lower_bound": [{"symbol": "coeff_2_HL_min", "numer": "3", "denom": "4"}, {"symbol": "coeff_2_HH_max", "numer": "-3", "denom": "8"}, {"symbol": null, "numer": "-23", "denom": "8"}, {"symbol": "coeff_1_H_min", "numer": "1", "denom": "8"}, {"symbol": "coeff_0_L_min", "numer": "1", "denom": "2"}, {"symbol": "coeff_1_H_max", "numer": "-1", "denom": "8"}, {"symbol": "coeff_2_LH_max", "numer": "-1", "denom": "2"}, {"symbol": "coeff_2_HL_max", "numer": "-1", "denom": "4"}, {"symbol": "coeff_2_HH_min", "numer": "1", "denom": "8"}], "upper_bound": [{"symbol": "coeff_2_HL_max", "numer": "3", "denom": "4"}, {"symbol": "coeff_2_HH_min", "numer": "-3", "denom": "8"}, {"symbol": null, "numer": "23", "denom": "8"}, {"symbol": "coeff_1_H_max", "numer": "1", "denom": "8"}, {"symbol": "coeff_0_L_max", "numer": "1", "denom": "2"}, {"symbol": "coeff_1_H_min", "numer": "-1", "denom": "8"}, {"symbol": "coeff_2_LH_min", "numer": "-1", "denom": "2"}, {"symbol": "coeff_2_HL_min", "numer": "-1", "denom": "4"}, {"symbol": "coeff_2_HH_max", "numer": "1", "denom": "8"}], "level": 2, "array_name": "DC", "phase": [3, 0]}, {"lower_bound": [{"symbol": "coeff_2_HH_min", "numer": "5", "denom": "8"}, {"symbol": "coeff_2_HL_min", "numer": "3", "denom": "4"}, {"symbol": "coeff_2_HH_max", "numer": "-3", "denom": "8"}, {"symbol": null, "numer": "-31", "denom": "8"}, {"symbol": "coeff_2_LH_min", "numer": "3", "denom": "4"}, {"symbol": "coeff_1_H_min", "numer": "1", "denom": "8"}, {"symbol": "coeff_0_L_min", "numer": "1", "denom": "2"}, {"symbol": "coeff_1_H_max", "numer": "-1", "denom": "8"}, {"symbol": "coeff_2_LH_max", "numer": "-1", "denom": "4"}, {"symbol": "coeff_2_HL_max", "numer": "-1", "denom": "4"}], "upper_bound": [{"symbol": "coeff_2_HH_max", "numer": "5", "denom": "8"}, {"symbol": "coeff_2_HL_max", "numer": "3", "denom": "4"}, {"symbol": "coeff_2_HH_min", "numer": "-3", "denom": "8"}, {"symbol": null, "numer": "31", "denom": "8"}, {"symbol": "coeff_2_LH_max", "numer": "3", "denom": "4"}, {"symbol": "coeff_1_H_max", "numer": "1", "denom": "8"}, {"symbol": "coeff_0_L_max", "numer": "1", "denom": "2"}, {"symbol": "coeff_1_H_min", "numer": "-1", "denom": "8"}, {"symbol": "coeff_2_LH_min", "numer": "-1", "denom": "4"}, {"symbol": "coeff_2_HL_min", "numer": "-1", "denom": "4"}], "level": 2, "array_name": "DC", "phase": [3, 1]}, {"lower_bound": [{"symbol": "coeff_0_L_min", "numer": "1", "denom": "4"}, {"symbol": "coeff_1_H_max", "numer": "-1", "denom": "8"}, {"symbol": null, "numer": "-3", "denom": "2"}, {"symbol": "coeff_2_LH_max", "numer": "-1", "denom": "4"}, {"symbol": "coeff_2_HL_max", "numer": "-1", "denom": "4"}, {"symbol": "coeff_2_HH_min", "numer": "1", "denom": "8"}], "upper_bound": [{"symbol": "coeff_0_L_max", "numer": "1", "denom": "4"}, {"symbol": "coeff_1_H_min", "numer": "-1", "denom": "8"}, {"symbol": null, "numer": "3", "denom": "2"}, {"symbol": "coeff_2_LH_min", "numer": "-1", "denom": "4"}, {"symbol": "coeff_2_HL_min", "numer": "-1", "denom": "4"}, {"symbol": "coeff_2_HH_max", "numer": "1", "denom": "8"}], "level": 2, "array_name": "Output", "phase": [0, 0]}, {"lower_bound": [{"symbol": "coeff_2_LH_min", "numer": "3", "denom": "8"}, {"symbol": "coeff_0_L_min", "numer": "1", "denom": "4"}, {"symbol": "coeff_1_H_max", "numer": "-1", "denom": "8"}, {"symbol": null, "numer": "-15", "denom": "8"}, {"symbol": "coeff_2_LH_max", "numer": "-1", "denom": "8"}, {"symbol": "coeff_2_HH_max", "numer": "-3", "denom": "16"}, {"symbol": "coeff_2_HL_max", "numer": "-1", "denom": "4"}, {"symbol": "coeff_2_HH_min", "numer": "1", "denom": "16"}], "upper_bound": [{"symbol": "coeff_2_LH_max", "numer": "3", "denom": "8"}, {"symbol": "coeff_0_L_max", "numer": "1", "denom": "4"}, {"symbol": "coeff_1_H_min", "numer": "-1", "denom": "8"}, {"symbol": null, "numer": "15", "denom": "8"}, {"symbol": "coeff_2_LH_min", "numer": "-1", "denom": "8"}, {"symbol": "coeff_2_HH_min", "numer": "-3", "denom": "16"}, {"symbol": "coeff_2_HL_min", "numer": "-1", "denom": "4"}, {"symbol": "coeff_2_HH_max", "numer": "1", "denom": "16"}], "level": 2, "array_name": "Output", "phase": [0, 1]}, {"lower_bound": [{"symbol": "coeff_2_HL_min", "numer": "3", "denom": "8"}, {"symbol": "coeff_2_HH_max", "numer": "-3", "denom": "16"}, {"symbol": null, "numer": "-31", "denom": "16"}, {"symbol": "coeff_0_L_min", "numer": "1", "denom": "4"}, {"symbol": "coeff_1_H_max", "numer": "-1", "denom": "16"}, {"symbol": "coeff_1_H_min", "numer": "1", "denom": "16"}, {"symbol": "coeff_2_LH_max", "numer": "-1", "denom": "4"}, {"symbol": "coeff_2_HL_max", "numer": "-1", "denom": "8"}, {"symbol": "coeff_2_HH_min", "numer": "1", "denom": "16"}], "upper_bound": [{"symbol": "coeff_2_HL_max", "numer": "3", "denom": "8"}, {"symbol": "coeff_2_HH_min", "numer": "-3", "denom": "16"}, {"symbol": null, "numer": "31", "denom": "16"}, {"symbol": "coeff_0_L_max", "numer": "1", "denom": "4"}, {"symbol": "coeff_1_H_min", "numer": "-1", "denom": "16"}, {"symbol": "coeff_1_H_max", "numer": "1", "denom": "16"}, {"symbol": "coeff_2_LH_min", "numer": "-1", "denom": "4"}, {"symbol": "coeff_2_HL_min", "numer": "-1", "denom": "8"}, {"symbol": "coeff_2_HH_max", "numer": "1", "denom": "16"}], "level": 2, "array_name": "Output", "phase": [1, 0]}, {"lower_bound": [{"symbol": "coeff_2_HH_min", "numer": "5", "denom": "16"}, {"symbol": "coeff_2_HL_min", "numer": "3", "denom": "8"}, {"symbol": "coeff_2_HH_max", "numer": "-3", "denom": "16"}, {"symbol": null, "numer": "-39", "denom": "16"}, {"symbol": "coeff_2_LH_min", "numer": "3", "denom": "8"}, {"symbol": "coeff_0_L_min", "numer": "1", "denom": "4"}, {"symbol": "coeff_1_H_max", "numer": "-1", "denom": "16"}, {"symbol": "coeff_1_H_min", "numer": "1", "denom": "16"}, {"symbol": "coeff_2_LH_max", "numer": "-1", "denom": "8"}, {"symbol": "coeff_2_HL_max", "numer": "-1", "denom": "8"}], "upper_bound": [{"symbol": "coeff_2_HH_max", "numer": "5", "denom": "16"}, {"symbol": "coeff_2_HL_max", "numer": "3", "denom": "8"}, {"symbol": "coeff_2_HH_min", "numer": "-3", "denom": "16"}, {"symbol": null, "numer": "39", "denom": "16"}, {"symbol": "coeff_2_LH_max", "numer": "3", "denom": "8"}, {"symbol": "coeff_0_L_max", "numer": "1", "denom": "4"}, {"symbol": "coeff_1_H_min", "numer": "-1", "denom": "16"}, {"symbol": "coeff_1_H_max", "numer": "1", "denom": "16"}, {"symbol": "coeff_2_LH_min", "numer": "-1", "denom": "8"}, {"symbol": "coeff_2_HL_min", "numer": "-1", "denom": "8"}], "level": 2, "array_name": "Output", "phase": [1, 1]}, {"lower_bound": [{"symbol": "coeff_1_H_min", "numer": "3", "denom": "16"}, {"symbol": "coeff_0_L_min", "numer": "1", "denom": "4"}, {"symbol": "coeff_1_H_max", "numer": "-1", "denom": "16"}, {"symbol": null, "numer": "-13", "denom": "8"}, {"symbol": "coeff_2_LH_max", "numer": "-1", "denom": "4"}, {"symbol": "coeff_2_HL_max", "numer": "-1", "denom": "4"}, {"symbol": "coeff_2_HH_min", "numer": "1", "denom": "8"}], "upper_bound": [{"symbol": "coeff_1_H_max", "numer": "3", "denom": "16"}, {"symbol": "coeff_0_L_max", "numer": "1", "denom": "4"}, {"symbol": "coeff_1_H_min", "numer": "-1", "denom": "16"}, {"symbol": null, "numer": "13", "denom": "8"}, {"symbol": "coeff_2_LH_min", "numer": "-1", "denom": "4"}, {"symbol": "coeff_2_HL_min", "numer": "-1", "denom": "4"}, {"symbol": "coeff_2_HH_max", "numer": "1", "denom": "8"}], "level": 2, "array_name": "Output", "phase": [2, 0]}, {"lower_bound": [{"symbol": "coeff_2_LH_min", "numer": "3", "denom": "8"}, {"symbol": "coeff_1_H_min", "numer": "3", "denom": "16"}, {"symbol": "coeff_0_L_min", "numer": "1", "denom": "4"}, {"symbol": "coeff_1_H_max", "numer": "-1", "denom": "16"}, {"symbol": null, "numer": "-2", "denom": "1"}, {"symbol": "coeff_2_LH_max", "numer": "-1", "denom": "8"}, {"symbol": "coeff_2_HH_max", "numer": "-3", "denom": "16"}, {"symbol": "coeff_2_HL_max", "numer": "-1", "denom": "4"}, {"symbol": "coeff_2_HH_min", "numer": "1", "denom": "16"}], "upper_bound": [{"symbol": "coeff_2_LH_max", "numer": "3", "denom": "8"}, {"symbol": "coeff_1_H_max", "numer": "3", "denom": "16"}, {"symbol": "coeff_0_L_max", "numer": "1", "denom": "4"}, {"symbol": "coeff_1_H_min", "numer": "-1", "denom": "16"}, {"symbol": null, "numer": "2", "denom": "1"}, {"symbol": "coeff_2_LH_min", "numer": "-1", "denom": "8"}, {"symbol": "coeff_2_HH_min", "numer": "-3", "denom": "16"}, {"symbol": "coeff_2_HL_min", "numer": "-1", "denom": "4"}, {"symbol": "coeff_2_HH_max", "numer": "1", "denom": "16"}], "level": 2, "array_name": "Output", "phase": [2, 1]}, {"lower_bound": [{"symbol": "coeff_2_HL_min", "numer": "3", "denom": "8"}, {"symbol": "coeff_2_HH_max", "numer": "-3", "denom": "16"}, {"symbol": null, "numer": "-31", "denom": "16"}, {"symbol": "coeff_1_H_min", "numer": "1", "denom": "16"}, {"symbol": "coeff_0_L_min", "numer": "1", "denom": "4"}, {"symbol": "coeff_1_H_max", "numer": "-1", "denom": "16"}, {"symbol": "coeff_2_LH_max", "numer": "-1", "denom": "4"}, {"symbol": "coeff_2_HL_max", "numer": "-1", "denom": "8"}, {"symbol": "coeff_2_HH_min", "numer": "1", "denom": "16"}], "upper_bound": [{"symbol": "coeff_2_HL_max", "numer": "3", "denom": "8"}, {"symbol": "coeff_2_HH_min", "numer": "-3", "denom": "16"}, {"symbol": null, "numer": "31", "denom": "16"}, {"symbol": "coeff_1_H_max", "numer": "1", "denom": "16"}, {"symbol": "coeff_0_L_max", "numer": "1", "denom": "4"}, {"symbol": "coeff_1_H_min", "numer": "-1", "denom": "16"}, {"symbol": "coeff_2_LH_min", "numer": "-1", "denom": "4"}, {"symbol": "coeff_2_HL_min", "numer": "-1", "denom": "8"}, {"symbol": "coeff_2_HH_max", "numer": "1", "denom": "16"}], "level": 2, "array_name": "Output", "phase": [3, 0]}, {"lower_bound": [{"symbol": "coeff_2_HH_min", "numer": "5", "denom": "16"}, {"symbol": "coeff_2_HL_min", "numer": "3", "denom": "8"}, {"symbol": "coeff_2_HH_max", "numer": "-3", "denom": "16"}, {"symbol": null, "numer": "-39", "denom": "16"}, {"symbol": "coeff_2_LH_min", "numer": "3", "denom": "8"}, {"symbol": "coeff_1_H_min", "numer": "1", "denom": "16"}, {"symbol": "coeff_0_L_min", "numer": "1", "denom": "4"}, {"symbol": "coeff_1_H_max", "numer": "-1", "denom": "16"}, {"symbol": "coeff_2_LH_max", "numer": "-1", "denom": "8"}, {"symbol": "coeff_2_HL_max", "numer": "-1", "denom": "8"}], "upper_bound": [{"symbol": "coeff_2_HH_max", "numer": "5", "denom": "16"}, {"symbol": "coeff_2_HL_max", "numer": "3", "denom": "8"}, {"symbol": "coeff_2_HH_min", "numer": "-3", "denom": "16"}, {"symbol": null, "numer": "39", "denom": "16"}, {"symbol": "coeff_2_LH_max", "numer": "3", "denom": "8"}, {"symbol": "coeff_1_H_max", "numer": "1", "denom": "16"}, {"symbol": "coeff_0_L_max", "numer": "1", "denom": "4"}, {"symbol": "coeff_1_H_min", "numer": "-1", "denom": "16"}, {"symbol": "coeff_2_LH_min", "numer": "-1", "denom": "8"}, {"symbol": "coeff_2_HL_min", "numer": "-1", "denom": "8"}], "level": 2, "array_name": "Output", "phase": [3, 1]}], "analysis_test_patterns": [{"target": [0, 0], "pattern": {"dx": 0, "dy": 0, "width": 1, "height": 1, "positive": "gA==", "mask": "gA=="}, "pattern_translation_multiple": [1, 1], "target_translation_multiple": [1, 1], "level": 2, "array_name": "Input", "phase": [0, 0]}, {"target": [0, 0], "pattern": {"dx": 0, "dy": 0, "width": 1, "height": 1, "positive": "gA==", "mask": "gA=="}, "pattern_translation_multiple": [1, 1], "target_translation_multiple": [1, 1], "level": 2, "array_name": "DC", "phase": [0, 0]}, {"target": [0, 0], "pattern": {"dx": 0, "dy": 0, "width": 1, "height": 1, "positive": "gA==", "mask": "gA=="}, "pattern_translation_multiple": [2, 1], "target_translation_multiple": [2, 1], "level": 2, "array_name": "DC'", "phase": [0, 0]}, {"target": [1, 0], "pattern": {"dx": 0, "dy": 0, "width": 3, "height": 1, "positive": "QA==", "mask": "4A=="}, "pattern_translation_multiple": [2, 1], "target_translation_multiple": [2, 1], "level": 2, "array_name": "DC'", "phase": [1, 0]}, {"target": [2, 0], "pattern": {"dx": 0, "dy": 0, "width": 5, "height": 1, "positive": "cA==", "mask": "+A=="}, "pattern_translation_multiple": [2, 1], "target_translation_multiple": [2, 1], "level": 2, "array_name": "DC''", "phase": [0, 0]}, {"target": [1, 0], "pattern": {"dx": 0, "dy": 0, "width": 3, "height": 1, "positive": "QA==", "mask": "4A=="}, "pattern_translation_multiple": [2, 1], "target_translation_multiple": [2, 1], "level": 2, "array_name": "DC''", "phase": [1, 0]}, {"target": [1, 0], "pattern": {"dx": 0, "dy": 0, "width": 5, "height": 1, "positive": "cA==", "mask": "+A=="}, "pattern_translation_multiple": [2, 2], "target_translation_multiple": [1, 2], "level": 2, "array_name": "L'", "phase": [0, 0]}, {"target": [1, 1], "pattern": {"dx": 0, "dy": 0, "width": 5, "height": 3, "positive": "i6I=", "mask": "//4="}, "pattern_translation_multiple": [2, 2], "target_translation_multiple": [1, 2], "level": 2, "array_name": "L'", "phase": [0, 1]}, {"target": [0, 0], "pattern": {"dx": 0, "dy": 0, "width": 3, "height": 1, "positive": "QA==", "mask": "4A=="}, "pattern_translation_multiple": [2, 2], "target_translation_multiple": [1, 2], "level": 2, "array_name": "H'", "phase": [0, 0]}, {"target": [0, 1], "pattern": {"dx": 0, "dy": 0, "width": 3, "height": 3, "positive": "qoA=", "mask": "/4A="}, "pattern_translation_multiple": [2, 2], "target_translation_multiple": [1, 2], "level": 2, "array_name": "H'", "phase": [0, 1]}, {"target": [1, 2], "pattern": {"dx": 0, "dy": 0, "width": 5, "height": 5, "positive": "i5zogA==", "mask": "////gA=="}, "pattern_translation_multiple": [2, 2], "target_translation_multiple": [1, 2], "level": 2, "array_name": "L''", "phase": [0, 0]}, {"target": [1, 1], "pattern": {"dx": 0, "dy": 0, "width": 5, "height": 3, "positive": "i6I=", "mask": "//4="}, "pattern_translation_multiple": [2, 2], "target_translation_multiple": [1, 2], "level": 2, "array_name": "L''", "phase": [0, 1]}, {"target": [0, 2], "pattern": {"dx": 0, "dy": 0, "width": 3, "height": 5, "positive": "qSo=", "mask": "//4="}, "pattern_translation_multiple": [2, 2], "target_translation_multiple": [1, 2], "level": 2, "array_name": "H''", "phase": [0, 0]}, {"target": [0, 1], "pattern": {"dx": 0, "dy": 0, "width": 3, "height": 3, "positive": "qoA=", "mask": "/4A="}, "pattern_translation_multiple": [2, 2], "target_translation_multiple": [1, 2], "level": 2, "array_name": "H''", "phase": [0, 1]}, {"target": [1, 1], "pattern": {"dx": 0, "dy": 0, "width": 5, "height": 5, "positive": "i5zogA==", "mask": "////gA=="}, "pattern_translation_multiple": [2, 2], "target_translation_multiple": [1, 1], "level": 1, "array_name": "DC", "phase": [0, 0]}, {"target": [2, 1], "pattern": {"dx": 2, "dy": 0, "width": 5, "height": 5, "positive": "i5zogA==", "mask": "////gA=="}, "pattern_translation_multiple": [4, 2], "target_translation_multiple": [2, 1], "level": 1, "array_name": "DC'", "phase": [0, 0]}, {"target": [3, 1], "pattern": {"dx": 2, "dy": 0, "width": 9, "height": 5, "positive": "Y05nM5Yw", "mask": "///////4"}, "pattern_translation_multiple": [4, 2], "target_translation_multiple": [2, 1], "level": 1, "array_name": "DC'", "phase": [1, 0]}, {"target": [4, 1], "pattern": {"dx": 2, "dy": 0, "width": 13, "height": 5, "positive": "YDT+Z/M/lgMA", "mask": "//////////+A"}, "pattern_translation_multiple": [4, 2], "target_translation_multiple": [2, 1], "level": 1, "array_name": "DC''", "phase": [0, 0]}, {"target": [3, 1], "pattern": {"dx": 2, "dy": 0, "width": 9, "height": 5, "positive": "Y05nM5Yw", "mask": "///////4"}, "pattern_translation_multiple": [4, 2], "target_translation_multiple": [2, 1], "level": 1, "array_name": "DC''", "phase": [1, 0]}], "synthesis_test_patterns": [{"target": [2, 1], "pattern": {"dx": 2, "dy": 0, "width": 13, "height": 5, "positive": "YDT+Z/M/lgMA", "mask": "//////////+A"}, "pattern_translation_multiple": [4, 2], "target_translation_multiple": [1, 1], "level": 1, "array_name": "L", "phase": [0, 0]}, {"target": [1, 1], "pattern": {"dx": 2, "dy": 0, "width": 9, "height": 5, "positive": "Y05nM5Yw", "mask": "///////4"}, "pattern_translation_multiple": [4, 2], "target_translation_multiple": [1, 1], "level": 1, "array_name": "H", "phase": [0, 0]}, {"target": [4, 1], "pattern": {"dx": 2, "dy": 0, "width": 13, "height": 5, "positive": "aLS6ZdMulosA", "mask": "//////////+A"}, "pattern_translation_multiple": [4, 2], "target_translation_multiple": [2, 1], "level": 1, "array_name": "DC'", "phase": [0, 0]}, {"target": [3, 1], "pattern": {"dx": 2, "dy": 0, "width": 9, "height": 5, "positive": "Y05nM5Yw", "mask": "///////4"}, "pattern_translation_multiple": [4, 2], "target_translation_multiple": [2, 1], "level": 1, "array_name": "DC'", "phase": [1, 0]}, {"target": [4, 1], "pattern": {"dx": 2, "dy": 0, "width": 13, "height": 5, "positive": "aLS6ZdMulosA", "mask": "//////////+A"}, "pattern_translation_multiple": [4, 2], "target_translation_multiple": [2, 1], "level": 1, "array_name": "DC", "phase": [0, 0]}, {"target": [5, 1], "pattern": {"dx": 2, "dy": 0, "width": 17, "height": 5, "positive": "ZjNM5mZzMzmWYzA=", "mask": "//////////////g="}, "pattern_translation_multiple": [4, 2], "target_translation_multiple": [2, 1], "level": 1, "array_name": "DC", "phase": [1, 0]}, {"target": [4, 1], "pattern": {"dx": 2, "dy": 0, "width": 13, "height": 5, "positive": "aLS6ZdMulosA", "mask": "//////////+A"}, "pattern_translation_multiple": [4, 2], "target_translation_multiple": [2, 1], "level": 1, "array_name": "Output", "phase": [0, 0]}, {"target": [5, 1], "pattern": {"dx": 2, "dy": 0, "width": 17, "height": 5, "positive": "ZjNM5mZzMzmWYzA=", "mask": "//////////////g="}, "pattern_translation_multiple": [4, 2], "target_translation_multiple": [2, 1], "level": 1, "array_name": "Output", "phase": [1, 0]}, {"target": [4, 1], "pattern": {"dx": 2, "dy": 0, "width": 13, "height": 5, "positive": "aLS6ZdMulosA", "mask": "//////////+A"}, "pattern_translation_multiple": [4, 2], "target_translation_multiple": [2, 1], "level": 2, "array_name": "LL", "phase": [0, 0]}, {"target": [5, 1], "pattern": {"dx": 2, "dy": 0, "width": 17, "height": 5, "positive": "ZjNM5mZzMzmWYzA=", "mask": "//////////////g="}, "pattern_translation_multiple": [4, 2], "target_translation_multiple": [2, 1], "level": 2, "array_name": "LL", "phase": [1, 0]}, {"target": [1, 0], "pattern": {"dx": 0, "dy": 0, "width": 5, "height": 3, "positive": "i6I=", "mask": "//4="}, "pattern_translation_multiple": [2, 2], "target_translation_multiple": [1, 1], "level": 2, "array_name": "LH", "phase": [0, 0]}, {"target": [0, 1], "pattern": {"dx": 0, "dy": 0, "width": 3, "height": 5, "positive": "qSo=", "mask": "//4="}, "pattern_translation_multiple": [2, 2], "target_translation_multiple": [1, 1], "level": 2, "array_name": "HL", "phase": [0, 0]}, {"target": [0, 0], "pattern": {"dx": 0, "dy": 0, "width": 3, "height": 3, "positive": "qoA=", "mask": "/4A="}, "pattern_translation_multiple": [2, 2], "target_translation_multiple": [1, 1], "level": 2, "array_name": "HH", "phase": [0, 0]}, {"target": [4, 2], "pattern": {"dx": 2, "dy": 0, "width": 13, "height": 5, "positive": "YDT+ZdM/lgMA", "mask": "//////////+A"}, "pattern_translation_multiple": [4, 2], "target_translation_multiple": [2, 2], "level": 2, "array_name": "L'", "phase": [0, 0]}, {"target": [2, 1], "pattern": {"dx": 2, "dy": 0, "width": 5, "height": 3, "positive": "i6I=", "mask": "//4="}, "pattern_translation_multiple": [4, 2], "target_translation_multiple": [2, 2], "level": 2, "array_name": "L'", "phase": [0, 1]}, {"target": [5, 2], "pattern": {"dx": 2, "dy": 0, "width": 17, "height": 5, "positive": "ZjNM5mZzMzmWYzA=", "mask": "//////////////g="}, "pattern_translation_multiple": [4, 2], "target_translation_multiple": [2, 2], "level": 2, "array_name": "L'", "phase": [1, 0]}, {"target": [1, 1], "pattern": {"dx": 0, "dy": 0, "width": 5, "height": 3, "positive": "i6I=", "mask": "//4="}, "pattern_translation_multiple": [4, 2], "target_translation_multiple": [2, 2], "level": 2, "array_name": "L'", "phase": [1, 1]}, {"target": [0, 2], "pattern": {"dx": 0, "dy": 0, "width": 3, "height": 5, "positive": "qSo=", "mask": "//4="}, "pattern_translation_multiple": [2, 2], "target_translation_multiple": [1, 2], "level": 2, "array_name": "H'", "phase": [0, 0]}, {"target": [0, 1], "pattern": {"dx": 0, "dy": 0, "width": 3, "height": 3, "positive": "qoA=", "mask": "/4A="}, "pattern_translation_multiple": [2, 2], "target_translation_multiple": [1, 2], "level": 2, "array_name": "H'", "phase": [0, 1]}, {"target": [4, 2], "pattern": {"dx": 2, "dy": 0, "width": 13, "height": 5, "positive": "YDT+ZdM/lgMA", "mask": "//////////+A"}, "pattern_translation_multiple": [4, 2], "target_translation_multiple": [2, 2], "level": 2, "array_name": "L", "phase": [0, 0]}, {"target": [4, 3], "pattern": {"dx": 2, "dy": 0, "width": 13, "height": 7, "positive": "YDT+Wi0umYzP5YDA", "mask": "///////////////g"}, "pattern_translation_multiple": [4, 2], "target_translation_multiple": [2, 2], "level": 2, "array_name": "L", "phase": [0, 1]}, {"target": [5, 2], "pattern": {"dx": 2, "dy": 0, "width": 17, "height": 5, "positive": "ZjNM5mZzMzmWYzA=", "mask": "//////////////g="}, "pattern_translation_multiple": [4, 2], "target_translation_multiple": [2, 2], "level": 2, "array_name": "L", "phase": [1, 0]}, {"target": [5, 3], "pattern": {"dx": 2, "dy": 0, "width": 17, "height": 7, "positive": "ZjNM5lmM0zmZoszOZZjM", "mask": "///////////////////+"}, "pattern_translation_multiple": [4, 2], "target_translation_multiple": [2, 2], "level": 2, "array_name": "L", "phase": [1, 1]}, {"target": [0, 2], "pattern": {"dx": 0, "dy": 0, "width": 3, "height": 5, "positive": "qSo=", "mask": "//4="}, "pattern_translation_multiple": [2, 2], "target_translation_multiple": [1, 2], "level": 2, "array_name": "H", "phase": [0, 0]}, {"target": [0, 3], "pattern": {"dx": 0, "dy": 0, "width": 3, "height": 7, "positive": "qqqo", "mask": "///4"}, "pattern_translation_multiple": [2, 2], "target_translation_multiple": [1, 2], "level": 2, "array_name": "H", "phase": [0, 1]}, {"target": [8, 2], "pattern": {"dx": 2, "dy": 0, "width": 13, "height": 5, "positive": "YDT+Z/M/lgMA", "mask": "//////////+A"}, "pattern_translation_multiple": [4, 2], "target_translation_multiple": [4, 2], "level": 2, "array_name": "DC'", "phase": [0, 0]}, {"target": [8, 3], "pattern": {"dx": 2, "dy": 0, "width": 13, "height": 7, "positive": "YDT+Wi0umYzP5YDA", "mask": "///////////////g"}, "pattern_translation_multiple": [4, 2], "target_translation_multiple": [4, 2], "level": 2, "array_name": "DC'", "phase": [0, 1]}, {"target": [1, 2], "pattern": {"dx": 0, "dy": 0, "width": 3, "height": 5, "positive": "qSo=", "mask": "//4="}, "pattern_translation_multiple": [4, 2], "target_translation_multiple": [4, 2], "level": 2, "array_name": "DC'", "phase": [1, 0]}, {"target": [1, 3], "pattern": {"dx": 0, "dy": 0, "width": 3, "height": 7, "positive": "qqqo", "mask": "///4"}, "pattern_translation_multiple": [4, 2], "target_translation_multiple": [4, 2], "level": 2, "array_name": "DC'", "phase": [1, 1]}, {"target": [10, 2], "pattern": {"dx": 2, "dy": 0, "width": 17, "height": 5, "positive": "ZjNM5mZzMzmWYzA=", "mask": "//////////////g="}, "pattern_translation_multiple": [4, 2], "target_translation_multiple": [4, 2], "level": 2, "array_name": "DC'", "phase": [2, 0]}, {"target": [10, 3], "pattern": {"dx": 2, "dy": 0, "width": 17, "height": 7, "positive": "ZjNM5lmM0zmZoszOZZjM", "mask": "///////////////////+"}, "pattern_translation_multiple": [4, 2], "target_translation_multiple": [4, 2], "level": 2, "array_name": "DC'", "phase": [2, 1]}, {"target": [3, 2], "pattern": {"dx": 2, "dy": 0, "width": 3, "height": 5, "positive": "qSo=", "mask": "//4="}, "pattern_translation_multiple": [4, 2], "target_translation_multiple": [4, 2], "level": 2, "array_name": "DC'", "phase": [3, 0]}, {"target": [3, 3], "pattern": {"dx": 2, "dy": 0, "width": 3, "height": 7, "positive": "qqqo", "mask": "///4"}, "pattern_translation_multiple": [4, 2], "target_translation_multiple": [4, 2], "level": 2, "array_name": "DC'", "phase": [3, 1]}, {"target": [8, 2], "pattern": {"dx": 2, "dy": 0, "width": 13, "height": 5, "positive": "YDT+Z/M/lgMA", "mask": "//////////+A"}, "pattern_translation_multiple": [4, 2], "target_translation_multiple": [4, 2], "level": 2, "array_name": "DC", "phase": [0, 0]}, {"target": [8, 3], "pattern": {"dx": 2, "dy": 0, "width": 13, "height": 7, "positive": "YDT+Wi0umYzP5YDA", "mask": "///////////////g"}, "pattern_translation_multiple": [4, 2], "target_translation_multiple": [4, 2], "level": 2, "array_name": "DC", "phase": [0, 1]}, {"target": [9, 2], "pattern": {"dx": 2, "dy": 0, "width": 17, "height": 5, "positive": "YrNOpmdTM6mWKzA=", "mask": "//////////////g="}, "pattern_translation_multiple": [4, 2], "target_translation_multiple": [4, 2], "level": 2, "array_name": "DC", "phase": [1, 0]}, {"target": [9, 3], "pattern": {"dx": 2, "dy": 0, "width": 17, "height": 7, "positive": "YrNOplqs0qmZqszqZYrM", "mask": "///////////////////+"}, "pattern_translation_multiple": [4, 2], "target_translation_multiple": [4, 2], "level": 2, "array_name": "DC", "phase": [1, 1]}, {"target": [10, 2], "pattern": {"dx": 2, "dy": 0, "width": 17, "height": 5, "positive": "ZjNM5mZzMzmWYzA=", "mask": "//////////////g="}, "pattern_translation_multiple": [4, 2], "target_translation_multiple": [4, 2], "level": 2, "array_name": "DC", "phase": [2, 0]}, {"target": [10, 3], "pattern": {"dx": 2, "dy": 0, "width": 17, "height": 7, "positive": "ZjNM5lmM0zmZoszOZZjM", "mask": "///////////////////+"}, "pattern_translation_multiple": [4, 2], "target_translation_multiple": [4, 2], "level": 2, "array_name": "DC", "phase": [2, 1]}, {"target": [11, 2], "pattern": {"dx": 2, "dy": 0, "width": 17, "height": 5, "positive": "ZqNMrmZXMyuWajA=", "mask": "//////////////g="}, "pattern_translation_multiple": [4, 2], "target_translation_multiple": [4, 2], "level": 2, "array_name": "DC", "phase": [3, 0]}, {"target": [11, 3], "pattern": {"dx": 2, "dy": 0, "width": 17, "height": 7, "positive": "ZqNMrlmq0yqZqszK5ZqM", "mask": "///////////////////+"}, "pattern_translation_multiple": [4, 2], "target_translation_multiple": [4, 2], "level": 2, "array_name": "DC", "phase": [3, 1]}, {"target": [8, 2], "pattern": {"dx": 2, "dy": 0, "width": 13, "height": 5, "positive": "YDT+Z/M/lgMA", "mask": "//////////+A"}, "pattern_translation_multiple": [4, 2], "target_translation_multiple": [4, 2], "level": 2, "array_name": "Output", "phase": [0, 0]}, {"target": [8, 3], "pattern": {"dx": 2, "dy": 0, "width": 13, "height": 7, "positive": "YDT+Wi0umYzP5YDA", "mask": "///////////////g"}, "pattern_translation_multiple": [4, 2], "target_translation_multiple": [4, 2], "level": 2, "array_name": "Output", "phase": [0, 1]}, {"target": [9, 2], "pattern": {"dx": 2, "dy": 0, "width": 17, "height": 5, "positive": "YrNOpmdTM6mWKzA=", "mask": "//////////////g="}, "pattern_translation_multiple": [4, 2], "target_translation_multiple": [4, 2], "level": 2, "array_name": "Output", "phase": [1, 0]}, {"target": [9, 3], "pattern": {"dx": 2, "dy": 0, "width": 17, "height": 7, "positive": "YrNOplqs0qmZqszqZYrM", "mask": "///////////////////+"}, "pattern_translation_multiple": [4, 2], "target_translation_multiple": [4, 2], "level": 2, "array_name": "Output", "phase": [1, 1]}, {"target": [10, 2], "pattern": {"dx": 2, "dy": 0, "width": 17, "height": 5, "positive": "ZjNM5mZzMzmWYzA=", "mask": "//////////////g="}, "pattern_translation_multiple": [4, 2], "target_translation_multiple": [4, 2], "level": 2, "array_name": "Output", "phase": [2, 0]}, {"target": [10, 3], "pattern": {"dx": 2, "dy": 0, "width": 17, "height": 7, "positive": "ZjNM5lmM0zmZoszOZZjM", "mask": "///////////////////+"}, "pattern_translation_multiple": [4, 2], "target_translation_multiple": [4, 2], "level": 2, "array_name": "Output", "phase": [2, 1]}, {"target": [11, 2], "pattern": {"dx": 2, "dy": 0, "width": 17, "height": 5, "positive": "ZqNMrmZXMyuWajA=", "mask": "//////////////g="}, "pattern_translation_multiple": [4, 2], "target_translation_multiple": [4, 2], "level": 2, "array_name": "Output", "phase": [3, 0]}, {"target": [11, 3], "pattern": {"dx": 2, "dy": 0, "width": 17, "height": 7, "positive": "ZqNMrlmq0yqZqszK5ZqM", "mask": "///////////////////+"}, "pattern_translation_multiple": [4, 2], "target_translation_multiple": [4, 2], "level": 2, "array_name": "Output", "phase": [3, 1]}]}